-- MySQL dump 10.13  Distrib 8.4.2, for Linux (x86_64)
--
-- Host: localhost    Database: zzfDB
-- ------------------------------------------------------
-- Server version	8.4.2

/*!40101 SET @OLD_CHARACTER_SET_CLIENT=@@CHARACTER_SET_CLIENT */;
/*!40101 SET @OLD_CHARACTER_SET_RESULTS=@@CHARACTER_SET_RESULTS */;
/*!40101 SET @OLD_COLLATION_CONNECTION=@@COLLATION_CONNECTION */;
/*!50503 SET NAMES utf8mb4 */;
/*!40103 SET @OLD_TIME_ZONE=@@TIME_ZONE */;
/*!40103 SET TIME_ZONE='+00:00' */;
/*!40014 SET @OLD_UNIQUE_CHECKS=@@UNIQUE_CHECKS, UNIQUE_CHECKS=0 */;
/*!40014 SET @OLD_FOREIGN_KEY_CHECKS=@@FOREIGN_KEY_CHECKS, FOREIGN_KEY_CHECKS=0 */;
/*!40101 SET @OLD_SQL_MODE=@@SQL_MODE, SQL_MODE='NO_AUTO_VALUE_ON_ZERO' */;
/*!40111 SET @OLD_SQL_NOTES=@@SQL_NOTES, SQL_NOTES=0 */;

--
-- Table structure for table `animal`
--

DROP TABLE IF EXISTS `animal`;
/*!40101 SET @saved_cs_client     = @@character_set_client */;
/*!50503 SET character_set_client = utf8mb4 */;
CREATE TABLE `animal` (
  `animal_id` bigint NOT NULL AUTO_INCREMENT,
  `member_id` bigint NOT NULL,
  `animal_type_id` bigint NOT NULL,
  `name` varchar(255) NOT NULL,
  `turn` bigint NOT NULL,
  `hierarchy` varchar(255) NOT NULL,
  `assets` bigint NOT NULL,
  `credit` bigint NOT NULL,
  `is_end` bit(1) NOT NULL,
  `is_worked` bit(1) NOT NULL,
  `quest_cleared` bit(1) NOT NULL,
  `created_date` datetime(6) NOT NULL,
  `modified_date` datetime(6) NOT NULL,
  PRIMARY KEY (`animal_id`),
  KEY `FKmg2jl4fjo6ww6sphws909er6c` (`animal_type_id`),
  KEY `FKj8r0ik4osybx7oy6tfqsigx6i` (`member_id`),
  CONSTRAINT `FKj8r0ik4osybx7oy6tfqsigx6i` FOREIGN KEY (`member_id`) REFERENCES `member` (`id`),
  CONSTRAINT `FKmg2jl4fjo6ww6sphws909er6c` FOREIGN KEY (`animal_type_id`) REFERENCES `animal_type` (`animal_type_id`)
) ENGINE=InnoDB AUTO_INCREMENT=19 DEFAULT CHARSET=utf8mb4 COLLATE=utf8mb4_0900_ai_ci;
/*!40101 SET character_set_client = @saved_cs_client */;

--
-- Dumping data for table `animal`
--

LOCK TABLES `animal` WRITE;
/*!40000 ALTER TABLE `animal` DISABLE KEYS */;
INSERT INTO `animal` VALUES (1,1,2,'리치덕',50,'10',12345678,2,_binary '',_binary '\0',_binary '\0','2024-10-08 05:53:47.000000','2024-10-08 05:53:47.000000'),(2,1,1,'토깽이',50,'당근 전무',916618574,8,_binary '',_binary '\0',_binary '\0','2024-10-08 05:53:47.000000','2024-10-10 07:26:56.806406'),(3,3,1,'주여닝',11,'당근 알바생',294143,5,_binary '\0',_binary '\0',_binary '\0','2024-10-09 05:56:19.918667','2024-10-10 18:00:04.437374'),(4,6,1,'시니지니',50,'당근 알바생',3015000,10,_binary '\0',_binary '\0',_binary '\0','2024-10-09 06:40:26.553658','2024-10-10 05:52:38.996955'),(5,4,1,'김토끼',46,'가난한 당근',76177,3,_binary '\0',_binary '\0',_binary '\0','2024-10-09 06:41:28.071169','2024-10-10 18:32:53.422799'),(6,2,1,'쭌돌맨',1,'당근 알바생',819250,5,_binary '\0',_binary '\0',_binary '\0','2024-10-09 07:00:36.784752','2024-10-09 07:01:42.741856'),(7,7,1,'뷁',4,'당근 알바생',1000000,1,_binary '\0',_binary '\0',_binary '\0','2024-10-09 08:20:18.142448','2024-10-10 01:58:37.033573'),(8,5,1,'지그농',17,'당근 알바생',2332690,10,_binary '\0',_binary '\0',_binary '\0','2024-10-09 13:37:06.809354','2024-10-10 12:58:20.014477'),(9,9,1,'ff',1,'당근 알바생',1000000,5,_binary '\0',_binary '\0',_binary '\0','2024-10-10 07:28:32.962238','2024-10-10 07:28:32.962238'),(10,16,1,'오컨',1,'당근 알바생',1000000,5,_binary '\0',_binary '\0',_binary '\0','2024-10-10 07:35:27.289514','2024-10-10 07:35:27.289514'),(11,1,1,'토깽이',23,'가난한 당근',10600,10,_binary '\0',_binary '\0',_binary '\0','2024-10-10 07:37:40.596168','2024-10-10 17:15:58.612542'),(12,8,1,'지그농농',50,'가난한 당근',100000000,10,_binary '',_binary '\0',_binary '\0','2024-10-10 07:59:28.200769','2024-10-10 15:50:58.023632'),(13,18,1,'지녕이',1,'당근 알바생',100000000,5,_binary '\0',_binary '\0',_binary '\0','2024-10-10 12:43:21.470950','2024-10-10 12:43:21.470950'),(14,19,1,'정쭌돌이',1,'당근 매니저',9830500,8,_binary '\0',_binary '\0',_binary '\0','2024-10-10 13:31:43.762715','2024-10-10 14:08:38.832507'),(15,8,2,'뭉뭉맹',1,'당근 알바생',120000,5,_binary '',_binary '\0',_binary '\0','2024-10-10 15:56:13.207523','2024-10-10 16:56:25.857412'),(16,8,1,'쥬쥬핑',6,'당근 알바생',1010000,5,_binary '\0',_binary '\0',_binary '\0','2024-10-10 17:21:33.378343','2024-10-10 18:35:01.169544'),(17,12,1,'김토끼',1,'당근 알바생',1000000,5,_binary '\0',_binary '\0',_binary '\0','2024-10-10 19:23:46.821271','2024-10-10 19:23:46.821271'),(18,20,1,'김뭉뭉',1,'당근 알바생',1000000,5,_binary '\0',_binary '\0',_binary '\0','2024-10-10 23:49:58.853487','2024-10-10 23:49:58.853487');
/*!40000 ALTER TABLE `animal` ENABLE KEYS */;
UNLOCK TABLES;

--
-- Table structure for table `animal_type`
--

DROP TABLE IF EXISTS `animal_type`;
/*!40101 SET @saved_cs_client     = @@character_set_client */;
/*!50503 SET character_set_client = utf8mb4 */;
CREATE TABLE `animal_type` (
  `animal_type_id` bigint NOT NULL AUTO_INCREMENT,
  `animal_type_name` varchar(255) NOT NULL,
  `animal_ability` varchar(255) NOT NULL,
  `animal_img_url` varchar(255) NOT NULL,
  PRIMARY KEY (`animal_type_id`)
) ENGINE=InnoDB AUTO_INCREMENT=3 DEFAULT CHARSET=utf8mb4 COLLATE=utf8mb4_0900_ai_ci;
/*!40101 SET character_set_client = @saved_cs_client */;

--
-- Dumping data for table `animal_type`
--

LOCK TABLES `animal_type` WRITE;
/*!40000 ALTER TABLE `animal_type` DISABLE KEYS */;
INSERT INTO `animal_type` VALUES (1,'토끼','기본형','https://ssafy.com'),(2,'성실이','예금 특화형','https://ssafy.com');
/*!40000 ALTER TABLE `animal_type` ENABLE KEYS */;
UNLOCK TABLES;

--
-- Table structure for table `capital`
--

DROP TABLE IF EXISTS `capital`;
/*!40101 SET @saved_cs_client     = @@character_set_client */;
/*!50503 SET character_set_client = utf8mb4 */;
CREATE TABLE `capital` (
  `capital_id` bigint NOT NULL AUTO_INCREMENT,
  `animal_id` bigint DEFAULT NULL,
  `capital_amount` bigint NOT NULL,
  `capital_end_turn` bigint NOT NULL,
  `capital_is_end` bit(1) NOT NULL,
  `capital_remain` bigint NOT NULL,
  `capital_start_turn` bigint NOT NULL,
  `created_date` datetime(6) NOT NULL,
  `modified_date` datetime(6) NOT NULL,
  PRIMARY KEY (`capital_id`),
  KEY `FK2wsighnaesl00cysjeyvco0hi` (`animal_id`),
  CONSTRAINT `FK2wsighnaesl00cysjeyvco0hi` FOREIGN KEY (`animal_id`) REFERENCES `animal` (`animal_id`)
) ENGINE=InnoDB AUTO_INCREMENT=15 DEFAULT CHARSET=utf8mb4 COLLATE=utf8mb4_0900_ai_ci;
/*!40101 SET character_set_client = @saved_cs_client */;

--
-- Dumping data for table `capital`
--

LOCK TABLES `capital` WRITE;
/*!40000 ALTER TABLE `capital` DISABLE KEYS */;
INSERT INTO `capital` VALUES (1,2,1000000,19,_binary '\0',1210000,14,'2024-10-09 06:26:55.841701','2024-10-10 06:15:03.869314'),(2,7,100000000,3,_binary '\0',0,2,'2024-10-09 09:06:29.044465','2024-10-09 09:09:09.953659'),(3,4,1000000,40,_binary '\0',0,39,'2024-10-09 09:18:23.819663','2024-10-09 15:06:22.070647'),(4,8,1000000,11,_binary '\0',0,1,'2024-10-09 14:50:29.321590','2024-10-09 15:07:54.116441'),(5,4,500000,54,_binary '\0',885780,44,'2024-10-09 15:08:06.917077','2024-10-09 16:05:28.774817'),(7,8,500000,13,_binary '\0',0,12,'2024-10-09 15:18:15.217331','2024-10-09 15:20:13.817161'),(8,8,500000,20,_binary '\0',732050,13,'2024-10-09 16:03:13.803637','2024-10-10 10:21:39.379579'),(10,5,10000000,14,_binary '\0',0,4,'2024-10-10 07:27:08.900774','2024-10-10 18:11:20.474762'),(11,11,5000000,7,_binary '\0',17261352,1,'2024-10-10 07:45:43.961138','2024-10-10 16:31:55.468171'),(12,14,10000000,26,_binary '\0',10000000,1,'2024-10-10 14:08:38.451877','2024-10-10 14:08:38.451877'),(13,12,500000,14,_binary '\0',0,2,'2024-10-10 15:09:02.967609','2024-10-10 15:25:27.741680'),(14,12,6500000,15,_binary '\0',0,14,'2024-10-10 15:32:16.517476','2024-10-10 15:37:39.113332');
/*!40000 ALTER TABLE `capital` ENABLE KEYS */;
UNLOCK TABLES;

--
-- Table structure for table `chart`
--

DROP TABLE IF EXISTS `chart`;
/*!40101 SET @saved_cs_client     = @@character_set_client */;
/*!50503 SET character_set_client = utf8mb4 */;
CREATE TABLE `chart` (
  `chart_id` bigint NOT NULL AUTO_INCREMENT,
  `stock_id` bigint NOT NULL,
  `turn` bigint NOT NULL,
  `price` bigint NOT NULL,
  `rate` double NOT NULL,
  `high_price` bigint NOT NULL,
  `low_price` bigint NOT NULL,
  `start_price` bigint NOT NULL,
  `end_price` bigint NOT NULL,
  PRIMARY KEY (`chart_id`),
  KEY `FKgegv8fi5mav4j07erdhpiuv7g` (`stock_id`),
  CONSTRAINT `FKgegv8fi5mav4j07erdhpiuv7g` FOREIGN KEY (`stock_id`) REFERENCES `stock` (`stock_id`)
) ENGINE=InnoDB AUTO_INCREMENT=7201 DEFAULT CHARSET=utf8mb4 COLLATE=utf8mb4_0900_ai_ci;
/*!40101 SET character_set_client = @saved_cs_client */;

--
-- Dumping data for table `chart`
--

LOCK TABLES `chart` WRITE;
/*!40000 ALTER TABLE `chart` DISABLE KEYS */;
INSERT INTO `chart` VALUES (1,1,-25,78100,0,79800,76400,79400,78300),(2,1,-24,78350,0.32,79600,77100,78100,77300),(3,1,-23,76250,-2.68,77800,74700,77600,75600),(4,1,-22,73500,-3.61,75800,71200,75400,73300),(5,1,-21,74100,0.82,74900,73300,74900,74000),(6,1,-20,74100,0,75800,72400,73500,74900),(7,1,-19,74350,0.34,75600,73100,74400,74300),(8,1,-18,72800,-2.08,74300,71300,73200,71900),(9,1,-17,72050,-1.03,73100,71000,71100,71500),(10,1,-16,69950,-2.91,71200,68700,70000,70000),(11,1,-15,70650,1,71800,69500,70000,70700),(12,1,-14,70400,-0.35,71200,69600,70900,69800),(13,1,-13,69750,-0.92,70500,69000,69500,69100),(14,1,-12,68650,-1.58,69600,67700,68900,67800),(15,1,-11,67750,-1.31,69000,66500,67800,66600),(16,1,-10,67200,-0.81,68300,66100,66500,67000),(17,1,-9,66050,-1.71,67600,64500,66500,67400),(18,1,-8,67450,2.12,68400,66500,66600,66500),(19,1,-7,65900,-2.3,66900,64900,66300,66500),(20,1,-6,67400,2.28,68700,66100,67100,68000),(21,1,-5,67150,-0.37,68800,65500,68800,66500),(22,1,-4,67100,-0.07,67800,66400,67500,66800),(23,1,-3,65100,-2.98,66400,63800,66200,63800),(24,1,-2,61100,-6.14,62800,59400,62400,59800),(25,1,-1,58350,-4.5,59900,56800,59800,58400),(26,1,1,57900,-0.77,59900,55900,59000,56200),(27,1,2,57500,-0.69,59300,55700,56100,58700),(28,1,3,58700,2.09,60000,57400,59300,60000),(29,1,4,61200,4.26,62200,60200,60600,61300),(30,1,5,61700,0.82,62600,60800,60900,61400),(31,1,6,61100,-0.97,61900,60300,61000,61500),(32,1,7,60000,-1.8,61400,58600,61400,60200),(33,1,8,60950,1.58,61900,60000,60500,60900),(34,1,9,59950,-1.64,60900,59000,60300,60000),(35,1,10,58700,-2.09,59900,57500,58700,57500),(36,1,11,56700,-3.41,57800,55600,57400,55600),(37,1,12,57000,0.53,58500,55500,57000,56200),(38,1,13,55600,-2.46,57000,54200,56300,54500),(39,1,14,53100,-4.5,54400,51800,53700,53100),(40,1,15,55900,5.27,57300,54500,55300,56200),(41,1,16,55500,-0.72,57000,54000,54400,56300),(42,1,17,56100,1.08,57100,55100,55800,55900),(43,1,18,58400,4.1,60100,56700,57000,57300),(44,1,19,59150,1.28,60300,58000,58100,59400),(45,1,20,61300,3.63,63200,59400,59700,62900),(46,1,21,62100,1.31,62900,61300,62900,61800),(47,1,22,61050,-1.69,61800,60300,61400,61000),(48,1,23,61500,0.74,63200,59800,60500,60400),(49,1,24,59800,-2.76,61100,58500,60900,60400),(50,1,25,59450,-0.59,60600,58300,59900,59500),(51,1,26,58800,-1.09,59900,57700,59500,58100),(52,1,27,56850,-3.32,58400,55300,58000,55300),(53,1,28,56950,0.18,59400,54500,55500,59000),(54,1,29,60400,6.06,61200,59600,59700,60800),(55,1,30,61100,1.16,62300,59900,61300,61800),(56,1,31,64000,4.75,65000,63000,63500,64600),(57,1,32,62950,-1.64,64900,61000,64900,63800),(58,1,33,62450,-0.79,63300,61600,62800,62800),(59,1,34,62950,0.8,63900,62000,62900,62600),(60,1,35,62000,-1.51,63000,61000,62900,61300),(61,1,36,61000,-1.61,61800,60200,60800,60500),(62,1,37,60350,-1.07,61600,59100,61100,59500),(63,1,38,60150,-0.33,61300,59000,59900,61300),(64,1,39,61700,2.58,63300,60100,61100,63000),(65,1,40,63000,2.11,64000,62000,62600,64000),(66,1,41,63750,1.19,65200,62300,64000,65000),(67,1,42,65650,2.98,66600,64700,64800,65100),(68,1,43,65300,-0.53,66000,64600,65000,65700),(69,1,44,64600,-1.07,65900,63300,65300,65500),(70,1,45,65500,1.39,66300,64700,66000,65100),(71,1,46,64950,-0.84,66300,63600,66300,64100),(72,1,47,66150,1.85,68400,63900,64100,68400),(73,1,48,69200,4.61,70400,68000,68400,70300),(74,1,49,71550,3.4,72500,70600,71300,72200),(75,1,50,71350,-0.28,72700,70000,72700,72000),(76,2,-25,127000,0,132500,121500,132000,127000),(77,2,-24,126500,-0.39,130000,123000,126500,128500),(78,2,-23,123250,-2.57,128500,118000,127500,119000),(79,2,-22,116250,-5.68,121500,111000,116500,120500),(80,2,-21,125500,7.96,127000,124000,124500,124500),(81,2,-20,126000,0.4,132500,119500,123000,132000),(82,2,-19,130500,3.57,134000,127000,130000,131500),(83,2,-18,126250,-3.26,130500,122000,129000,123000),(84,2,-17,125250,-0.79,129500,121000,123000,124500),(85,2,-16,118500,-5.39,121500,115500,119000,117000),(86,2,-15,118500,0,125000,112000,115500,124000),(87,2,-14,121250,2.32,124500,118000,124000,118000),(88,2,-13,119500,-1.44,123000,116000,117500,116000),(89,2,-12,114250,-4.39,118000,110500,115000,112000),(90,2,-11,110000,-3.72,113000,107000,111000,108000),(91,2,-10,110750,0.68,115000,106500,107000,110500),(92,2,-9,110000,-0.68,112500,107500,109000,112500),(93,2,-8,109250,-0.68,112000,106500,110000,107500),(94,2,-7,109500,0.23,112500,106500,107000,112500),(95,2,-6,112500,2.74,115000,110000,113500,112500),(96,2,-5,107500,-4.44,113500,101500,113000,106000),(97,2,-4,107000,-0.47,108500,105500,108000,107000),(98,2,-3,105000,-1.87,107500,102500,105500,103500),(99,2,-2,98250,-6.43,101500,95000,100000,96400),(100,2,-1,93250,-5.09,96800,89700,96700,91600),(101,2,1,91600,-1.77,96100,87100,92700,87500),(102,2,2,91400,-0.22,96500,86300,87500,94800),(103,2,3,95350,4.32,99000,91700,95000,98700),(104,2,4,101600,6.55,104500,98700,101000,100000),(105,2,5,99450,-2.12,101500,97400,99100,97900),(106,2,6,97400,-2.06,98700,96100,97200,98500),(107,2,7,94750,-2.72,97700,91800,97700,93300),(108,2,8,96000,1.32,97600,94400,94500,96400),(109,2,9,94450,-1.61,96800,92100,95200,95100),(110,2,10,93550,-0.95,95500,91600,92700,91700),(111,2,11,91400,-2.3,92900,89900,91800,90400),(112,2,12,92600,1.31,95200,90000,91700,91200),(113,2,13,87400,-5.62,91500,83300,90800,83500),(114,2,14,82150,-6.01,83900,80400,81500,83100),(115,2,15,88600,7.85,92000,85200,85200,91200),(116,2,16,92300,4.18,96600,88000,89700,95500),(117,2,17,92600,0.33,96200,89000,94600,90500),(118,2,18,89250,-3.62,95500,83000,92200,83400),(119,2,19,83450,-6.5,85500,81400,84300,84500),(120,2,20,90150,8.03,95300,85000,85400,93500),(121,2,21,87950,-2.44,93900,82000,93900,88400),(122,2,22,86300,-1.88,87700,84900,87600,85100),(123,2,23,84550,-2.03,87300,81800,84100,81900),(124,2,24,80250,-5.09,82300,78200,81900,81500),(125,2,25,80100,-0.19,82700,77500,80100,78400),(126,2,26,78700,-1.75,80100,77300,78300,77800),(127,2,27,76200,-3.18,77700,74700,77700,75000),(128,2,28,78350,2.82,83600,73100,75100,83100),(129,2,29,85950,9.7,88400,83500,84900,85700),(130,2,30,85900,-0.06,87800,84000,86000,87600),(131,2,31,91450,6.46,92800,90100,92000,91500),(132,2,32,90850,-0.66,94900,86800,91300,92200),(133,2,33,91900,1.16,95000,88800,91400,93500),(134,2,34,92050,0.16,94200,89900,92000,92000),(135,2,35,91250,-0.87,94000,88500,92700,91000),(136,2,36,89100,-2.36,91000,87200,90100,87300),(137,2,37,86550,-2.86,90000,83100,87900,83300),(138,2,38,80750,-6.7,84800,76700,83200,84000),(139,2,39,86800,7.49,90700,82900,83800,87300),(140,2,40,87600,0.92,90500,84700,87500,88600),(141,2,41,86200,-1.6,89700,82700,89700,89100),(142,2,42,90350,4.81,92500,88200,88700,89300),(143,2,43,88000,-2.6,89800,86200,89000,89100),(144,2,44,87550,-0.51,91400,83700,88100,89500),(145,2,45,89200,1.88,90900,87500,90900,88700),(146,2,46,87500,-1.91,90000,85000,89700,87200),(147,2,47,91700,4.8,97900,85500,87000,97300),(148,2,48,103400,12.76,110500,96300,97700,109200),(149,2,49,109700,6.09,113400,106000,113200,110300),(150,2,50,111150,1.32,115600,106700,110100,115400),(151,3,-25,213000,0,217500,208500,211500,215000),(152,3,-24,211500,-0.7,215000,208000,214000,209000),(153,3,-23,203750,-3.66,209000,198500,208500,200000),(154,3,-22,190000,-6.75,200000,180000,197500,189500),(155,3,-21,191750,0.92,195500,188000,193000,190000),(156,3,-20,185500,-3.26,190000,181000,189500,183000),(157,3,-19,181000,-2.43,186000,176000,179500,183500),(158,3,-18,178250,-1.52,185500,171000,180500,174000),(159,3,-17,173500,-2.66,179000,168000,171000,172500),(160,3,-16,167750,-3.31,172000,163500,170000,169000),(161,3,-15,167500,-0.15,173000,162000,166500,171000),(162,3,-14,173000,3.28,177500,168500,171500,174000),(163,3,-13,177000,2.31,183000,171000,172000,178000),(164,3,-12,178250,0.71,182000,174500,177000,176500),(165,3,-11,178750,0.28,182000,175500,176000,177000),(166,3,-10,180000,0.7,184500,175500,176000,180000),(167,3,-9,183750,2.08,191000,176500,177000,186000),(168,3,-8,184500,0.41,188000,181000,184000,182500),(169,3,-7,181500,-1.63,187000,176000,182000,186500),(170,3,-6,185250,2.07,189500,181000,188500,186500),(171,3,-5,185500,0.13,189000,182000,188500,185500),(172,3,-4,187250,0.94,189500,185000,187500,187000),(173,3,-3,183500,-2,186500,180500,186000,184500),(174,3,-2,174750,-4.77,181500,168000,180000,170000),(175,3,-1,171750,-1.72,175000,168500,172500,173000),(176,3,1,180750,5.24,189000,172500,177000,180000),(177,3,2,177500,-1.8,183000,172000,181000,178000),(178,3,3,181000,1.97,185000,177000,180000,183500),(179,3,4,188500,4.14,193500,183500,187000,191000),(180,3,5,195500,3.71,198500,192500,192500,196000),(181,3,6,196000,0.26,198500,193500,196000,194500),(182,3,7,194250,-0.89,197500,191000,193500,196000),(183,3,8,191750,-1.29,199500,184000,198000,190000),(184,3,9,189750,-1.04,194000,185500,187500,193500),(185,3,10,195000,2.77,203500,186500,188500,196500),(186,3,11,200250,2.69,203000,197500,197500,200000),(187,3,12,199250,-0.5,202500,196000,200500,201000),(188,3,13,196500,-1.38,202500,190500,201500,190500),(189,3,14,180750,-8.02,187500,174000,187000,176500),(190,3,15,178000,-1.52,184000,172000,179000,175500),(191,3,16,167500,-5.9,170500,164500,170000,167000),(192,3,17,168250,0.45,172500,164000,166000,167000),(193,3,18,164750,-2.08,169500,160000,169000,164000),(194,3,19,163500,-0.76,166500,160500,166000,163000),(195,3,20,170500,4.28,175500,165500,166500,172000),(196,3,21,174500,2.35,179500,169500,174500,169500),(197,3,22,167000,-4.3,170000,164000,169500,166000),(198,3,23,168500,0.9,173000,164000,166000,169000),(199,3,24,165500,-1.78,170000,161000,169500,162500),(200,3,25,161500,-2.42,165000,158000,162000,162500),(201,3,26,158000,-2.17,161500,154500,160500,157000),(202,3,27,155250,-1.74,160000,150500,157000,151000),(203,3,28,157750,1.61,161500,154000,154000,159500),(204,3,29,165000,4.6,170000,160000,161000,169000),(205,3,30,164750,-0.15,167500,162000,166500,164500),(206,3,31,171400,4.04,177600,165200,166100,173900),(207,3,32,171350,-0.03,175700,167000,174400,172800),(208,3,33,172100,0.44,174700,169500,174000,173400),(209,3,34,175650,2.06,180000,171300,172700,179000),(210,3,35,176600,0.54,179400,173800,179400,173900),(211,3,36,175000,-0.91,179800,170200,173100,176100),(212,3,37,177250,1.29,180400,174100,177800,175000),(213,3,38,173550,-2.09,176600,170500,174400,176600),(214,3,39,178600,2.91,182400,174800,176500,177700),(215,3,40,179850,0.7,184900,174800,177700,184500),(216,3,41,185850,3.34,189400,182300,184600,185100),(217,3,42,192050,3.34,199900,184200,186000,196100),(218,3,43,192150,0.05,196100,188200,195400,190400),(219,3,44,199050,3.59,207500,190600,190600,197500),(220,3,45,199700,0.33,202000,197400,198500,199200),(221,3,46,205700,3,211500,199900,201000,208500),(222,3,47,205000,-0.34,209000,201000,207000,205500),(223,3,48,205000,0,209000,201000,206000,205500),(224,3,49,201650,-1.63,207000,196300,207000,199500),(225,3,50,198750,-1.44,203500,194000,201500,197100),(226,4,-25,5795,0,5980,5610,5680,5880),(227,4,-24,5800,0.09,5960,5640,5850,5670),(228,4,-23,5520,-4.83,5690,5350,5630,5520),(229,4,-22,5300,-3.99,5580,5020,5520,5180),(230,4,-21,5340,0.75,5450,5230,5250,5440),(231,4,-20,5505,3.09,5660,5350,5410,5470),(232,4,-19,5385,-2.18,5570,5200,5320,5550),(233,4,-18,5705,5.94,5990,5420,5460,5750),(234,4,-17,5890,3.24,6180,5600,5610,6020),(235,4,-16,5880,-0.17,6040,5720,5940,5860),(236,4,-15,5700,-3.06,5900,5500,5670,5530),(237,4,-14,5630,-1.23,5740,5520,5560,5690),(238,4,-13,5690,1.07,5790,5590,5700,5630),(239,4,-12,5545,-2.55,5690,5400,5620,5450),(240,4,-11,5855,5.59,6300,5410,5430,6240),(241,4,-10,6250,6.75,6450,6050,6250,6150),(242,4,-9,6085,-2.64,6210,5960,6020,6060),(243,4,-8,5935,-2.47,6090,5780,6000,5840),(244,4,-7,5680,-4.3,5820,5540,5810,5660),(245,4,-6,5575,-1.85,5720,5430,5670,5580),(246,4,-5,5650,1.35,5790,5510,5620,5770),(247,4,-4,5860,3.72,5960,5760,5830,5930),(248,4,-3,5975,1.96,6070,5880,5930,5970),(249,4,-2,5650,-5.44,5900,5400,5870,5700),(250,4,-1,5885,4.16,6230,5540,5770,5810),(251,4,1,6000,1.95,6150,5850,5860,5950),(252,4,2,5700,-5,5980,5420,5980,5500),(253,4,3,5365,-5.88,5550,5180,5540,5260),(254,4,4,5385,0.37,5490,5280,5280,5410),(255,4,5,5500,2.14,5630,5370,5420,5620),(256,4,6,5795,5.36,5990,5600,5620,5790),(257,4,7,5935,2.42,6140,5730,5750,6020),(258,4,8,5995,1.01,6120,5870,6020,6010),(259,4,9,6075,1.33,6310,5840,5960,6150),(260,4,10,5905,-2.8,6150,5660,6010,5660),(261,4,11,5775,-2.2,5900,5650,5660,5660),(262,4,12,5645,-2.25,5780,5510,5750,5580),(263,4,13,5710,1.15,5940,5480,5580,5800),(264,4,14,5510,-3.5,5760,5260,5760,5310),(265,4,15,5425,-1.54,5530,5320,5400,5490),(266,4,16,5260,-3.04,5470,5050,5390,5150),(267,4,17,5150,-2.09,5270,5030,5080,5080),(268,4,18,5165,0.29,5330,5000,5160,5290),(269,4,19,5255,1.74,5410,5100,5290,5330),(270,4,20,5415,3.04,5570,5260,5300,5520),(271,4,21,5440,0.46,5560,5320,5540,5330),(272,4,22,5175,-4.87,5280,5070,5170,5190),(273,4,23,5175,0,5270,5080,5190,5100),(274,4,24,5110,-1.26,5170,5050,5110,5140),(275,4,25,5150,0.78,5210,5090,5140,5160),(276,4,26,5140,-0.19,5210,5070,5140,5150),(277,4,27,5160,0.39,5250,5070,5170,5110),(278,4,28,4980,-3.49,5170,4790,5130,5000),(279,4,29,5100,2.41,5180,5020,5040,5140),(280,4,30,5105,0.1,5160,5050,5160,5130),(281,4,31,5220,2.25,5310,5130,5160,5260),(282,4,32,5585,6.99,5950,5220,5280,5840),(283,4,33,5635,0.9,5860,5410,5830,5680),(284,4,34,5770,2.4,5910,5630,5650,5760),(285,4,35,5770,0,5900,5640,5760,5770),(286,4,36,5560,-3.64,5730,5390,5720,5400),(287,4,37,5235,-5.85,5450,5020,5420,5040),(288,4,38,4968,-5.11,5060,4875,5000,4910),(289,4,39,5000,0.65,5090,4910,4935,4935),(290,4,40,5048,0.95,5220,4875,4940,5170),(291,4,41,5290,4.8,5420,5160,5260,5240),(292,4,42,5445,2.93,5760,5130,5230,5660),(293,4,43,5715,4.96,5840,5590,5670,5710),(294,4,44,5750,0.61,5970,5530,5700,5680),(295,4,45,5520,-4,5690,5350,5680,5350),(296,4,46,5540,0.36,5720,5360,5390,5470),(297,4,47,5580,0.72,5750,5410,5470,5680),(298,4,48,6005,7.62,6300,5710,5710,6100),(299,4,49,6160,2.58,6300,6020,6130,6180),(300,4,50,6420,4.22,6620,6220,6250,6470),(301,5,-25,104450,0,114000,94900,96000,112000),(302,5,-24,110000,5.31,116500,103500,111000,106000),(303,5,-23,104000,-5.45,107000,101000,106000,105500),(304,5,-22,99350,-4.47,106000,92700,106000,99300),(305,5,-21,101400,2.06,103500,99300,101500,102000),(306,5,-20,100750,-0.64,104000,97500,101500,97800),(307,5,-19,97650,-3.08,100500,94800,96000,99200),(308,5,-18,105550,8.09,113500,97600,98400,109500),(309,5,-17,113250,7.3,118500,108000,109500,114000),(310,5,-16,113500,0.22,117000,110000,112000,112000),(311,5,-15,110500,-2.64,114000,107000,110500,108500),(312,5,-14,113250,2.49,119000,107500,109500,117500),(313,5,-13,119750,5.74,124000,115500,118000,119000),(314,5,-12,122500,2.3,128500,116500,117000,124000),(315,5,-11,136000,11.02,149500,122500,123500,148000),(316,5,-10,149000,9.56,161500,136500,148000,140000),(317,5,-9,140750,-5.54,145500,136000,137000,140000),(318,5,-8,137750,-2.13,144500,131000,138000,133500),(319,5,-7,126750,-7.99,134500,119000,133500,125500),(320,5,-6,120500,-4.93,130000,111000,126000,115000),(321,5,-5,118250,-1.87,124500,112000,115500,123000),(322,5,-4,122500,3.59,127000,118000,123000,126500),(323,5,-3,132500,8.16,138500,126500,126500,138000),(324,5,-2,130250,-1.7,136500,124000,135000,136500),(325,5,-1,135250,3.84,143500,127000,136500,132000),(326,5,1,140250,3.7,148000,132500,133000,140000),(327,5,2,128250,-8.56,140000,116500,140000,125500),(328,5,3,119500,-6.82,126500,112500,126000,114000),(329,5,4,121250,1.46,127000,115500,115500,123000),(330,5,5,123500,1.86,128000,119000,122500,125000),(331,5,6,131750,6.68,138500,125000,126000,131500),(332,5,7,137000,3.98,144500,129500,130000,137000),(333,5,8,137250,0.18,141500,133000,138000,138500),(334,5,9,143750,4.74,151000,136500,137500,149500),(335,5,10,140500,-2.26,150000,131000,144500,133500),(336,5,11,132000,-6.05,139500,124500,134000,127000),(337,5,12,124500,-5.68,130000,119000,130000,120000),(338,5,13,121000,-2.81,128000,114000,120000,124000),(339,5,14,118000,-2.48,123500,112500,122000,115000),(340,5,15,120250,1.91,125500,115000,117500,122000),(341,5,16,118750,-1.25,122000,115500,118500,117000),(342,5,17,111250,-6.32,119500,103000,114500,106000),(343,5,18,106250,-4.49,111000,101500,107500,109500),(344,5,19,112250,5.65,117000,107500,110500,116500),(345,5,20,113250,0.89,117000,109500,116500,115500),(346,5,21,115750,2.21,118500,113000,116000,117500),(347,5,22,115500,-0.22,117500,113500,116500,114500),(348,5,23,116250,0.65,121000,111500,114000,115000),(349,5,24,117750,1.29,121500,114000,115000,116000),(350,5,25,117750,0,121000,114500,115500,118500),(351,5,26,120000,1.91,123500,116500,118500,120500),(352,5,27,119500,-0.42,123500,115500,120500,116000),(353,5,28,111500,-6.69,119500,103500,116500,104000),(354,5,29,108000,-3.14,112000,104000,106000,111000),(355,5,30,109250,1.16,112000,106500,111500,108500),(356,5,31,111500,2.06,115500,107500,109200,113300),(357,5,32,111850,0.31,113900,109800,113300,112200),(358,5,33,109250,-2.32,112600,105900,112600,108600),(359,5,34,108750,-0.46,112000,105500,108600,107300),(360,5,35,110350,1.47,113600,107100,108300,110900),(361,5,36,107350,-2.72,110800,103900,110800,104200),(362,5,37,99750,-7.08,105300,94200,104800,94900),(363,5,38,95200,-4.56,98900,91500,94300,95700),(364,5,39,98800,3.78,101700,95900,96000,97400),(365,5,40,98350,-0.46,101500,95200,97000,100000),(366,5,41,100450,2.14,102300,98600,100800,99900),(367,5,42,101450,1,106000,96900,99800,104700),(368,5,43,108250,6.7,113200,103300,104900,109900),(369,5,44,107850,-0.37,112700,103000,109500,109600),(370,5,45,109750,1.76,112100,107400,110100,108100),(371,5,46,110950,1.09,115900,106000,108100,112600),(372,5,47,112750,1.62,115000,110500,111900,112900),(373,5,48,118150,4.79,123400,112900,112900,118700),(374,5,49,118950,0.68,122800,115100,120300,117400),(375,5,50,124200,4.41,129000,119400,119400,124900),(376,6,-25,21366,0,22609,20122,20611,22388),(377,6,-24,22232,4.06,22965,21499,22388,22432),(378,6,-23,20499,-7.8,22253,18745,22076,18923),(379,6,-22,17679,-13.76,19100,16257,18745,17546),(380,6,-21,18701,5.78,19633,17768,17768,19545),(381,6,-20,19367,3.56,19988,18745,19544,19056),(382,6,-19,18856,-2.64,19411,18300,18656,19189),(383,6,-18,22121,17.32,25452,18789,18922,22921),(384,6,-17,23920,8.13,25230,22610,22654,23854),(385,6,-16,23276,-2.69,25008,21543,23809,22832),(386,6,-15,21965,-5.63,23098,20832,22654,21810),(387,6,-14,22410,2.02,23542,21277,21988,22921),(388,6,-13,22343,-0.3,23276,21410,23098,21544),(389,6,-12,21588,-3.38,22476,20699,21366,21144),(390,6,-11,22942,6.27,25007,20877,20877,25008),(391,6,-10,24364,6.2,25763,22965,25186,23232),(392,6,-9,23454,-3.74,24386,22521,22699,23365),(393,6,-8,22565,-3.79,23453,21677,23098,21988),(394,6,-7,21255,-5.81,21987,20522,21765,21455),(395,6,-6,19722,-7.21,21499,17945,21454,18434),(396,6,-5,18989,-3.72,19855,18123,18300,19411),(397,6,-4,19678,3.63,20166,19189,19722,19989),(398,6,-3,20277,3.05,20788,19766,20033,20300),(399,6,-2,18656,-8,19899,17412,19722,19145),(400,6,-1,19455,4.29,20566,18344,19144,18967),(401,6,1,20344,4.57,21588,19100,19189,20833),(402,6,2,19300,-5.13,20921,17679,20788,18123),(403,6,3,17345,-10.13,18167,16523,18078,17146),(404,6,4,17879,3.08,18478,17279,17279,18079),(405,6,5,17568,-1.74,18478,16657,18256,17635),(406,6,6,18145,3.29,18745,17545,17723,18256),(407,6,7,18811,3.67,20166,17456,17634,19278),(408,6,8,18944,0.71,19499,18389,19322,18612),(409,6,9,18989,0.23,19810,18167,18301,18745),(410,6,10,17679,-6.9,18567,16790,17901,16879),(411,6,11,17434,-1.38,18566,16302,16924,16391),(412,6,12,17301,-0.76,18434,16168,16657,17679),(413,6,13,18567,7.32,20033,17101,17900,19545),(414,6,14,19900,7.18,23098,16701,19900,16835),(415,6,15,17834,-10.38,18922,16746,17279,18123),(416,6,16,16857,-5.48,17989,15725,17634,16124),(417,6,17,16102,-4.48,16879,15324,15857,15947),(418,6,18,16124,0.14,16613,15635,16169,16391),(419,6,19,16479,2.2,16879,16079,16568,16480),(420,6,20,16768,1.75,17279,16257,16523,17190),(421,6,21,17435,3.97,18390,16479,17190,17857),(422,6,22,17391,-0.25,17857,16924,17857,17235),(423,6,23,16880,-2.94,17368,16391,17279,16480),(424,6,24,16391,-2.9,16701,16080,16479,16435),(425,6,25,17168,4.74,17900,16435,16480,16746),(426,6,26,16701,-2.72,17234,16168,16968,16791),(427,6,27,16791,0.54,17279,16302,16968,16835),(428,6,28,16391,-2.38,17146,15635,16879,15947),(429,6,29,16812,2.57,17589,16035,16168,17412),(430,6,30,17435,3.7,17990,16879,17456,17768),(431,6,31,18256,4.71,18789,17723,17857,18701),(432,6,32,20210,10.7,21987,18433,18478,21677),(433,6,33,21344,5.61,22565,20122,21676,21988),(434,6,34,23009,7.8,24164,21854,22120,22343),(435,6,35,22699,-1.35,23765,21632,22343,23054),(436,6,36,22232,-2.06,23187,21277,22787,21855),(437,6,37,20677,-6.99,22032,19322,21677,19856),(438,6,38,20322,-1.72,21632,19011,19588,20788),(439,6,39,21521,5.9,22698,20344,20743,20966),(440,6,40,21344,-0.82,22298,20389,20877,21766),(441,6,41,22587,5.83,23364,21810,22121,22166),(442,6,42,23031,1.97,24386,21676,22299,23631),(443,6,43,25341,10.03,26962,23719,23986,24964),(444,6,44,24786,-2.19,26207,23364,24697,23942),(445,6,45,22920,-7.53,23941,21899,23941,22388),(446,6,46,23098,0.78,24297,21899,22298,22166),(447,6,47,22499,-2.6,23231,21766,22210,23054),(448,6,48,25341,12.63,27584,23098,23098,25453),(449,6,49,25164,-0.7,26430,23897,25497,24253),(450,6,50,25475,1.24,26430,24519,24786,25764),(451,7,-25,359000,0,381000,337000,379000,338000),(452,7,-24,340750,-5.08,352500,329000,339000,342000),(453,7,-23,337250,-1.03,348000,326500,340500,333000),(454,7,-22,315500,-6.45,334000,297000,333000,310000),(455,7,-21,324750,2.93,329500,320000,325500,327500),(456,7,-20,328750,1.23,337500,320000,328500,327500),(457,7,-19,321750,-2.13,328000,315500,326000,318000),(458,7,-18,309250,-3.89,318500,300000,311000,314500),(459,7,-17,318750,3.07,327000,310500,312000,317500),(460,7,-16,319250,0.16,337000,301500,309000,329000),(461,7,-15,336000,5.25,348000,324000,328500,344500),(462,7,-14,340000,1.19,347500,332500,347500,333000),(463,7,-13,333000,-2.06,342000,324000,329500,335500),(464,7,-12,327250,-1.73,343000,311500,335500,316500),(465,7,-11,309750,-5.35,315500,304000,311000,308500),(466,7,-10,308250,-0.48,317000,299500,306000,300000),(467,7,-9,286000,-7.22,295000,277000,292500,286500),(468,7,-8,277500,-2.97,287000,268000,281000,272000),(469,7,-7,274000,-1.26,279000,269000,269500,274500),(470,7,-6,273500,-0.18,280500,266500,278000,275000),(471,7,-5,270250,-1.19,278000,262500,275000,270000),(472,7,-4,284000,5.09,294500,273500,274000,287500),(473,7,-3,276250,-2.73,284000,268500,282500,270000),(474,7,-2,247750,-10.32,263000,232500,262000,237500),(475,7,-1,238500,-3.73,250000,227000,239500,247500),(476,7,1,243500,2.1,253500,233500,247500,237000),(477,7,2,241500,-0.82,252500,230500,237500,249000),(478,7,3,238000,-1.45,248000,228000,246000,231000),(479,7,4,244750,2.84,256500,233000,234000,250000),(480,7,5,251250,2.66,262000,240500,248000,259000),(481,7,6,267500,6.47,281000,254000,260500,267000),(482,7,7,264000,-1.31,271000,257000,261000,265500),(483,7,8,257500,-2.46,269000,246000,268500,248000),(484,7,9,244250,-5.15,248500,240000,245000,242000),(485,7,10,236000,-3.38,240500,231500,232500,234000),(486,7,11,233000,-1.27,238000,228000,233500,231500),(487,7,12,229500,-1.5,239500,219500,236000,220000),(488,7,13,213000,-7.19,222000,204000,219500,210500),(489,7,14,199250,-6.46,208000,190500,205500,193500),(490,7,15,175750,-11.79,192000,159500,192000,160000),(491,7,16,161750,-7.97,168500,155000,156500,165500),(492,7,17,167000,3.25,173500,160500,162500,166000),(493,7,18,163000,-2.4,170000,156000,169000,160000),(494,7,19,169250,3.83,177000,161500,163500,174000),(495,7,20,182250,7.68,196500,168000,177000,193500),(496,7,21,189500,3.98,194500,184500,194000,185500),(497,7,22,184250,-2.77,189000,179500,186000,185000),(498,7,23,186750,1.36,195000,178500,184000,185500),(499,7,24,188250,0.8,195000,181500,187000,195000),(500,7,25,187250,-0.53,197000,177500,192500,180500),(501,7,26,181750,-2.94,185500,178000,179500,178000),(502,7,27,181000,-0.41,185000,177000,178500,177500),(503,7,28,181750,0.41,190000,173500,179500,185000),(504,7,29,194750,7.15,200500,189000,189500,195000),(505,7,30,196750,1.03,201000,192500,197000,196000),(506,7,31,205550,4.47,211500,199600,200500,211500),(507,7,32,213750,3.99,225500,202000,212000,223500),(508,7,33,223500,4.56,232000,215000,221000,230000),(509,7,34,221500,-0.89,231000,212000,231000,215500),(510,7,35,213750,-3.5,220500,207000,215500,208000),(511,7,36,208000,-2.69,212000,204000,204000,205500),(512,7,37,206150,-0.89,214500,197800,208500,199800),(513,7,38,197550,-4.17,203000,192100,199800,198000),(514,7,39,202750,2.63,207500,198000,198000,202500),(515,7,40,200650,-1.04,203500,197800,201500,202000),(516,7,41,198200,-1.22,204500,191900,203500,193400),(517,7,42,195500,-1.36,200500,190500,193300,199000),(518,7,43,194600,-0.46,199300,189900,199000,190300),(519,7,44,189550,-2.6,193400,185700,189000,192300),(520,7,45,193150,1.9,197300,189000,192200,196100),(521,7,46,207100,7.22,216000,198200,200500,213500),(522,7,47,212000,2.37,217000,207000,212000,216500),(523,7,48,210250,-0.83,218000,202500,215500,202500),(524,7,49,202050,-3.9,205000,199100,205000,204500),(525,7,50,204000,0.97,208000,200000,205500,200500),(526,8,-25,108400,0,117000,99800,113500,100000),(527,8,-24,97050,-10.47,100500,93600,100000,93900),(528,8,-23,90850,-6.39,94400,87300,92900,91800),(529,8,-22,87150,-4.07,92100,82200,90900,85000),(530,8,-21,86400,-0.86,88300,84500,87100,87100),(531,8,-20,89300,3.36,93600,85000,87300,91700),(532,8,-19,90000,0.78,92500,87500,90300,91400),(533,8,-18,92150,2.39,95000,89300,90100,94400),(534,8,-17,95200,3.31,97300,93100,94100,94700),(535,8,-16,95800,0.63,102000,89600,93400,101500),(536,8,-15,105000,9.6,109000,101000,102500,108500),(537,8,-14,106500,1.43,110000,103000,108500,105000),(538,8,-13,105250,-1.17,108000,102500,105000,106000),(539,8,-12,102250,-2.85,108000,96500,105500,98000),(540,8,-11,94600,-7.48,97100,92100,97100,95400),(541,8,-10,93950,-0.69,96500,91400,94500,92000),(542,8,-9,89650,-4.58,91700,87600,90400,89900),(543,8,-8,88000,-1.84,91900,84100,88400,84300),(544,8,-7,82850,-5.85,85400,80300,84000,81800),(545,8,-6,82150,-0.84,84300,80000,83300,83000),(546,8,-5,81900,-0.3,83500,80300,82700,81700),(547,8,-4,85000,3.79,87400,82600,82800,85700),(548,8,-3,82400,-3.06,84800,80000,84500,80100),(549,8,-2,74200,-9.95,78200,70200,77800,72200),(550,8,-1,69800,-5.93,72900,66700,72300,71500),(551,8,1,69750,-0.07,72900,66600,72400,67300),(552,8,2,70600,1.22,75000,66200,67300,71800),(553,8,3,71400,1.13,73400,69400,71900,70100),(554,8,4,73100,2.38,75600,70600,71100,72100),(555,8,5,73300,0.27,75400,71200,71600,74800),(556,8,6,77300,5.46,83100,71500,74800,81200),(557,8,7,82200,6.34,84300,80100,80600,82500),(558,8,8,79800,-2.92,83200,76400,83000,76700),(559,8,9,75700,-5.14,77200,74200,75600,76000),(560,8,10,71850,-5.09,73700,70000,72800,70200),(561,8,11,68900,-4.11,70800,67000,69800,68000),(562,8,12,68550,-0.51,70800,66300,69100,66900),(563,8,13,64100,-6.49,67300,60900,67100,61000),(564,8,14,58000,-9.52,61000,55000,60100,57100),(565,8,15,54300,-6.38,58100,50500,57700,50900),(566,8,16,49400,-9.02,51500,47300,49350,51400),(567,8,17,49350,-0.1,52200,46500,48000,48850),(568,8,18,48900,-0.91,50600,47200,50000,48750),(569,8,19,50900,4.09,53100,48700,49600,50300),(570,8,20,55350,8.74,61000,49700,50500,58700),(571,8,21,58750,6.14,60200,57300,59300,57700),(572,8,22,56200,-4.34,58300,54100,57500,56100),(573,8,23,56850,1.16,59600,54100,55800,56900),(574,8,24,56950,0.18,59000,54900,57200,58100),(575,8,25,56400,-0.97,59700,53100,57700,54400),(576,8,26,54750,-2.93,56400,53100,53900,53400),(577,8,27,54000,-1.37,55300,52700,53400,53100),(578,8,28,54800,1.48,58200,51400,53600,57200),(579,8,29,60850,11.04,63400,58300,58700,62000),(580,8,30,62600,2.88,65000,60200,62300,61200),(581,8,31,63600,1.6,65500,61700,62500,64700),(582,8,32,64350,1.18,67500,61200,64800,67200),(583,8,33,68100,5.83,71300,64900,66500,67600),(584,8,34,64600,-5.14,66800,62400,66700,63300),(585,8,35,63100,-2.32,64700,61500,63400,61800),(586,8,36,62100,-1.58,63400,60800,61400,61000),(587,8,37,60650,-2.33,63800,57500,61200,58100),(588,8,38,60250,-0.66,62400,58100,60300,60200),(589,8,39,61550,2.16,62900,60200,60200,61400),(590,8,40,60800,-1.22,61800,59800,61500,61100),(591,8,41,59850,-1.56,61600,58100,61400,58600),(592,8,42,59050,-1.34,61000,57100,58300,60500),(593,8,43,59000,-0.08,60800,57200,60200,57900),(594,8,44,57200,-3.05,59100,55300,57300,58100),(595,8,45,57450,0.44,58900,56000,58200,57200),(596,8,46,57150,-0.52,58700,55600,57500,56600),(597,8,47,57200,0.09,58800,55600,56500,57900),(598,8,48,57250,0.09,58200,56300,57900,56600),(599,8,49,56750,-0.87,57500,56000,57000,57200),(600,8,50,57150,0.7,58000,56300,57600,56400),(601,9,-25,153000,0,158000,148000,156000,153000),(602,9,-24,152250,-0.49,155000,149500,151000,150500),(603,9,-23,149250,-1.97,152000,146500,150000,150500),(604,9,-22,143250,-4.02,151500,135000,151000,140500),(605,9,-21,141500,-1.22,144500,138500,141500,140500),(606,9,-20,140750,-0.53,144000,137500,140000,141000),(607,9,-19,138000,-1.95,141000,135000,140500,140500),(608,9,-18,139250,0.91,141500,137000,138000,139000),(609,9,-17,140000,0.54,142500,137500,138500,140000),(610,9,-16,140000,0,145000,135000,138500,139500),(611,9,-15,139750,-0.18,143500,136000,139500,141500),(612,9,-14,135000,-3.4,142500,127500,142500,130500),(613,9,-13,135250,0.19,140500,130000,131500,139500),(614,9,-12,137750,1.85,140500,135000,139500,137000),(615,9,-11,136750,-0.73,139000,134500,136500,137500),(616,9,-10,138500,1.28,140500,136500,137500,139500),(617,9,-9,142250,2.71,151500,133000,137500,148500),(618,9,-8,148000,4.04,151000,145000,147000,146500),(619,9,-7,143250,-3.21,147000,139500,145500,144500),(620,9,-6,144750,1.05,148000,141500,145000,146500),(621,9,-5,147000,1.55,148500,145500,147000,147000),(622,9,-4,147250,0.17,150000,144500,147500,146500),(623,9,-3,143750,-2.38,146000,141500,145500,142500),(624,9,-2,136500,-5.04,140500,132500,139500,136500),(625,9,-1,132750,-2.75,137000,128500,137000,130500),(626,9,1,131500,-0.94,135500,127500,131500,129000),(627,9,2,131750,0.19,136000,127500,129500,132500),(628,9,3,130500,-0.95,133500,127500,133500,130500),(629,9,4,132750,1.72,135500,130000,131500,133500),(630,9,5,135250,1.88,137500,133000,133000,136000),(631,9,6,133750,-1.11,136000,131500,135000,133000),(632,9,7,132250,-1.12,135000,129500,133000,134000),(633,9,8,134000,1.32,136000,132000,134500,133500),(634,9,9,131000,-2.24,133000,129000,133000,129500),(635,9,10,127250,-2.86,129500,125000,127000,125500),(636,9,11,123750,-2.75,126500,121000,125500,122500),(637,9,12,124000,0.2,127000,121000,124000,123000),(638,9,13,120500,-2.82,124000,117000,123000,117500),(639,9,14,116250,-3.53,118500,114000,116000,115000),(640,9,15,116250,0,118500,114000,116000,117000),(641,9,16,115250,-0.86,117500,113000,115500,115500),(642,9,17,118500,2.82,122000,115000,116000,120000),(643,9,18,121500,2.53,124000,119000,122000,122000),(644,9,19,124500,2.47,127000,122000,123000,126000),(645,9,20,127250,2.21,130000,124500,125000,128500),(646,9,21,128750,1.18,130500,127000,128500,127500),(647,9,22,126000,-2.14,129000,123000,128500,125000),(648,9,23,125250,-0.6,128500,122000,124000,125000),(649,9,24,124750,-0.4,128000,121500,125000,127500),(650,9,25,127000,1.8,130000,124000,128000,125000),(651,9,26,126000,-0.79,129000,123000,124000,127000),(652,9,27,126500,0.4,130000,123000,127000,123000),(653,9,28,121500,-3.95,125500,117500,124000,124000),(654,9,29,124500,2.47,127500,121500,125000,124500),(655,9,30,123750,-0.6,125500,122000,125000,122500),(656,9,31,125950,1.78,129300,122600,123200,128500),(657,9,32,126400,0.36,129200,123600,129100,125100),(658,9,33,128700,1.82,133000,124400,125400,127200),(659,9,34,126450,-1.75,131800,121100,126100,128500),(660,9,35,128150,1.34,130800,125500,128600,126800),(661,9,36,125000,-2.46,127200,122800,125100,123600),(662,9,37,122200,-2.24,125400,119000,124500,119800),(663,9,38,118300,-3.19,120500,116100,119500,119200),(664,9,39,119650,1.14,120700,118600,118900,119900),(665,9,40,118800,-0.71,121900,115700,120000,116000),(666,9,41,117050,-1.47,118800,115300,117100,116100),(667,9,42,117750,0.6,120000,115500,115700,119600),(668,9,43,118150,0.34,119300,117000,119300,118400),(669,9,44,116950,-1.02,119500,114400,118400,117300),(670,9,45,117900,0.81,119300,116500,116600,118500),(671,9,46,117550,-0.3,119200,115900,118300,116700),(672,9,47,119000,1.23,121900,116100,116100,121900),(673,9,48,122500,2.94,123900,121100,121900,122100),(674,9,49,124600,1.71,126700,122500,122500,125500),(675,9,50,126300,1.36,127800,124800,126500,126600),(676,10,-25,17205,0,17711,16698,17502,17048),(677,10,-24,17118,-0.51,17676,16559,17082,17013),(678,10,-23,16681,-2.55,17187,16174,17118,16769),(679,10,-22,15301,-8.27,16768,13834,16733,14917),(680,10,-21,16279,6.39,17711,14847,15405,17048),(681,10,-20,17065,4.83,17676,16454,16803,17048),(682,10,-19,17223,0.92,18236,16209,16698,17817),(683,10,-18,17677,2.64,18236,17118,17572,17572),(684,10,-17,17921,1.38,18480,17362,17502,18376),(685,10,-16,17799,-0.68,18584,17013,18236,18515),(686,10,-15,18847,5.89,19877,17816,18410,18900),(687,10,-14,18917,0.37,19423,18410,19004,18830),(688,10,-13,19231,1.66,19842,18619,18864,19598),(689,10,-12,19196,-0.18,19982,18410,19982,18865),(690,10,-11,19493,1.54,20296,18689,19109,19598),(691,10,-10,19913,2.15,20821,19004,19878,19563),(692,10,-9,19267,-3.24,19668,18865,19598,19284),(693,10,-8,18934,-1.73,19458,18410,19213,19249),(694,10,-7,18428,-2.68,19493,17362,19249,18166),(695,10,-6,18393,-0.19,18934,17851,18480,18725),(696,10,-5,18515,0.67,19318,17712,18934,18096),(697,10,-4,19266,4.05,20191,18340,18584,18655),(698,10,-3,19109,-0.81,19773,18445,18794,19529),(699,10,-2,18323,-4.11,19738,16908,19319,17153),(700,10,-1,15878,-13.35,17467,14288,17327,15196),(701,10,1,16000,0.77,16524,15476,15476,15860),(702,10,2,15249,-4.7,15860,14637,15755,15336),(703,10,3,14725,-3.44,15371,14078,15336,14498),(704,10,4,14812,0.59,15161,14463,14532,14812),(705,10,5,14585,-1.54,15091,14078,14812,14533),(706,10,6,14864,1.92,15405,14323,14567,15301),(707,10,7,15022,1.06,15371,14672,15231,15127),(708,10,8,15004,-0.12,15301,14707,15301,14742),(709,10,9,14375,-4.19,14777,13973,14602,14638),(710,10,10,14201,-1.21,14497,13904,14183,14009),(711,10,11,13712,-3.44,14148,13275,13869,13589),(712,10,12,13572,-1.02,14113,13030,13974,13135),(713,10,13,12419,-8.49,13345,11493,13065,11808),(714,10,14,10986,-11.54,11842,10130,11772,10410),(715,10,15,10602,-3.5,10934,10270,10550,10550),(716,10,16,9834,-7.25,10445,9222,10340,9607),(717,10,17,9642,-1.95,10061,9222,9362,9257),(718,10,18,9135,-5.26,9571,8698,9396,9397),(719,10,19,9729,6.5,10130,9327,9501,10096),(720,10,20,10689,9.87,11248,10130,10130,10969),(721,10,21,11371,6.38,11807,10934,11108,11458),(722,10,22,11685,2.77,12890,10480,11458,12052),(723,10,23,12122,3.74,12576,11668,12087,12262),(724,10,24,13554,11.81,14637,12471,12506,14428),(725,10,25,13782,1.68,15127,12436,14603,13100),(726,10,26,12593,-8.62,13414,11772,13134,12297),(727,10,27,12104,-3.88,12471,11737,12367,11843),(728,10,28,11877,-1.88,12296,11458,11808,12017),(729,10,29,12524,5.45,12926,12122,12157,12541),(730,10,30,12873,2.78,13169,12576,12646,12996),(731,10,31,12950,0.6,13240,12660,13065,13044),(732,10,32,13289,2.61,13624,12953,13072,13485),(733,10,33,13484,1.47,13833,13135,13428,13345),(734,10,34,12968,-3.83,13338,12597,13338,12639),(735,10,35,12377,-4.56,12708,12045,12708,12115),(736,10,36,12011,-2.96,12227,11794,12115,11947),(737,10,37,11622,-3.23,11947,11297,11947,11458),(738,10,38,10795,-7.12,11389,10200,11368,10592),(739,10,39,10585,-1.95,10794,10375,10521,10494),(740,10,40,10686,0.96,11109,10263,10501,10837),(741,10,41,10788,0.95,11088,10487,10836,10571),(742,10,42,10640,-1.37,11066,10214,10564,10934),(743,10,43,10773,1.25,11136,10410,10934,10683),(744,10,44,10581,-1.78,10815,10347,10563,10683),(745,10,45,10602,0.2,10780,10424,10682,10459),(746,10,46,10571,-0.3,10801,10340,10501,10585),(747,10,47,10515,-0.53,10689,10340,10528,10522),(748,10,48,10616,0.97,10752,10480,10522,10508),(749,10,49,10951,3.16,11360,10542,10577,11291),(750,10,50,10931,-0.18,11382,10480,11298,10620),(751,11,-25,328500,0,360500,296500,352000,302500),(752,11,-24,289500,-11.87,302500,276500,302000,284000),(753,11,-23,280250,-3.2,293500,267000,281000,285000),(754,11,-22,257250,-8.21,285000,229500,283500,237000),(755,11,-21,249750,-2.92,264500,235000,244500,260000),(756,11,-20,256750,2.8,268000,245500,262500,252000),(757,11,-19,252750,-1.56,268500,237000,247500,262500),(758,11,-18,274750,8.7,292000,257500,259000,286500),(759,11,-17,281250,2.37,289500,273000,285000,278000),(760,11,-16,279750,-0.53,289500,270000,270500,284000),(761,11,-15,279500,-0.09,289500,269500,286500,285500),(762,11,-14,293500,5.01,306000,281000,287000,301000),(763,11,-13,311000,5.96,329500,292500,301000,323000),(764,11,-12,308250,-0.88,334500,282000,333000,283500),(765,11,-11,289500,-6.08,302500,276500,286500,294000),(766,11,-10,273500,-5.53,293500,253500,293500,254500),(767,11,-9,255250,-6.67,264000,246500,248500,251500),(768,11,-8,248500,-2.64,257000,240000,247500,241000),(769,11,-7,225750,-9.15,240000,211500,238000,215000),(770,11,-6,219250,-2.88,226500,212000,216500,221000),(771,11,-5,220000,0.34,226500,213500,220500,218500),(772,11,-4,226750,3.07,233000,220500,222500,228000),(773,11,-3,225000,-0.77,230000,220000,229500,223500),(774,11,-2,178250,-20.78,217500,139000,216000,148500),(775,11,-1,145250,-18.51,152500,138000,151500,148000),(776,11,1,146500,0.86,154000,139000,150000,140000),(777,11,2,155000,5.8,170500,139500,142500,164500),(778,11,3,160500,3.55,168500,152500,166000,156500),(779,11,4,160000,-0.31,170000,150000,158500,167000),(780,11,5,171750,7.34,179500,164000,167000,175500),(781,11,6,174500,1.6,188000,161000,176000,175000),(782,11,7,180000,3.15,186000,174000,175500,183000),(783,11,8,188000,4.44,196000,180000,184500,186500),(784,11,9,178000,-5.32,187000,169000,183000,175500),(785,11,10,173750,-2.39,183000,164500,167000,168500),(786,11,11,165000,-5.04,175000,155000,167000,158000),(787,11,12,159250,-3.48,165000,153500,161000,154000),(788,11,13,153500,-3.61,164000,143000,158000,144000),(789,11,14,137250,-10.59,145500,129000,141000,135000),(790,11,15,129500,-5.65,138000,121000,137000,123000),(791,11,16,113750,-12.16,120500,107000,119000,118000),(792,11,17,116750,2.64,125000,108500,113500,112500),(793,11,18,118000,1.07,123500,112500,114500,119000),(794,11,19,123750,4.87,129000,118500,121500,122500),(795,11,20,132750,7.27,144000,121500,121500,141000),(796,11,21,140750,6.03,147000,134500,139500,137000),(797,11,22,137750,-2.13,144000,131500,139500,139000),(798,11,23,145750,5.81,156000,135500,139000,151000),(799,11,24,150000,2.92,158500,141500,151500,156500),(800,11,25,159750,6.5,166500,153000,155000,164000),(801,11,26,170000,6.42,179500,160500,164500,175000),(802,11,27,171000,0.59,175500,166500,173500,173500),(803,11,28,171250,0.15,182000,160500,174500,168000),(804,11,29,172250,0.58,177500,167000,170500,174500),(805,11,30,182000,5.66,191000,173000,173500,187000),(806,11,31,189900,4.34,194800,185000,188000,194000),(807,11,32,191450,0.82,197200,185700,194900,195600),(808,11,33,201400,5.2,218500,184300,195400,195300),(809,11,34,192200,-4.57,204500,179900,204000,182000),(810,11,35,186900,-2.76,192900,180900,181000,183200),(811,11,36,184050,-1.52,190000,178100,181000,187400),(812,11,37,184900,0.46,195900,173900,194200,183700),(813,11,38,183450,-0.78,196600,170300,185600,179400),(814,11,39,185300,1.01,191300,179300,179300,187500),(815,11,40,184950,-0.19,192000,177900,186400,188900),(816,11,41,201350,8.87,219000,183700,188000,217000),(817,11,42,239000,18.7,263000,215000,218500,259000),(818,11,43,256250,7.22,270000,242500,265000,250000),(819,11,44,262250,2.34,277000,247500,250000,270000),(820,11,45,286000,9.06,303000,269000,270500,292500),(821,11,46,281750,-1.49,294500,269000,290000,282000),(822,11,47,285750,1.42,295000,276500,280000,281000),(823,11,48,271000,-5.16,281000,261000,281000,270000),(824,11,49,273250,0.83,283000,263500,270500,270000),(825,11,50,275250,0.73,286500,264000,270000,280500),(826,12,-25,48400,0,52000,44800,51000,45750),(827,12,-24,45275,-6.46,46650,43900,45050,44400),(828,12,-23,44575,-1.55,45800,43350,44000,44500),(829,12,-22,40850,-8.36,44100,37600,43800,41000),(830,12,-21,42900,5.02,44350,41450,41800,44250),(831,12,-20,43950,2.45,45550,42350,43950,42800),(832,12,-19,43325,-1.42,45400,41250,42250,44650),(833,12,-18,46725,7.85,49550,43900,44050,49250),(834,12,-17,50475,8.03,52000,48950,49100,50600),(835,12,-16,51600,2.23,54300,48900,49950,53300),(836,12,-15,53150,3,54800,51500,53500,52800),(837,12,-14,54800,3.1,57900,51700,53100,57200),(838,12,-13,60550,10.49,64300,56800,58000,62900),(839,12,-12,63450,4.79,66200,60700,64000,64700),(840,12,-11,63100,-0.55,65300,60900,64500,63400),(841,12,-10,60400,-4.28,63400,57400,63400,57600),(842,12,-9,58900,-2.48,61100,56700,57100,59400),(843,12,-8,59700,1.36,61600,57800,58600,59800),(844,12,-7,55500,-7.04,59800,51200,59500,54700),(845,12,-6,56300,1.44,59000,53600,55700,54400),(846,12,-5,53700,-4.62,55500,51900,54500,54400),(847,12,-4,56200,4.66,57700,54700,55400,55300),(848,12,-3,57300,1.96,59800,54800,55300,58400),(849,12,-2,54600,-4.71,57400,51800,56900,53800),(850,12,-1,51000,-6.59,54600,47400,54300,51800),(851,12,1,50700,-0.59,53500,47900,52300,48000),(852,12,2,51175,0.94,54400,47950,48350,53400),(853,12,3,54250,6.01,56400,52100,53900,55100),(854,12,4,55350,2.03,57700,53000,55600,55700),(855,12,5,56000,1.17,57800,54200,55700,55500),(856,12,6,56650,1.16,58600,54700,55700,57000),(857,12,7,58450,3.18,60800,56100,56800,59000),(858,12,8,60500,3.51,62700,58300,59500,60000),(859,12,9,60350,-0.25,62900,57800,59200,60700),(860,12,10,60050,-0.5,62100,58000,58400,60900),(861,12,11,61750,2.83,63400,60100,60900,63000),(862,12,12,62400,1.05,64500,60300,64000,61700),(863,12,13,61150,-2,63500,58800,61700,59800),(864,12,14,56750,-7.2,59500,54000,58600,58800),(865,12,15,57550,1.41,60200,54900,59700,55700),(866,12,16,55050,-4.34,58000,52100,54700,57000),(867,12,17,54900,-0.27,58600,51200,57000,51800),(868,12,18,54350,-1,56100,52600,52800,54800),(869,12,19,54250,-0.18,56900,51600,55300,53000),(870,12,20,55550,2.4,58400,52700,53200,56800),(871,12,21,58550,5.4,62200,54900,56500,59500),(872,12,22,60250,2.9,62600,57900,59600,61600),(873,12,23,62100,3.07,65400,58800,61400,64500),(874,12,24,64200,3.38,66100,62300,64500,65000),(875,12,25,65500,2.02,67800,63200,65200,65200),(876,12,26,66350,1.3,68200,64500,65200,66900),(877,12,27,67050,1.06,68400,65700,67400,67800),(878,12,28,65800,-1.86,69400,62200,67800,63100),(879,12,29,65100,-1.06,66700,63500,63500,63900),(880,12,30,65400,0.46,67600,63200,63900,66900),(881,12,31,69100,5.66,71500,66700,67400,71100),(882,12,32,71800,3.91,73500,70100,71300,72800),(883,12,33,73250,2.02,75600,70900,72800,73300),(884,12,34,72650,-0.82,74800,70500,73300,71800),(885,12,35,74700,2.82,77600,71800,71800,75900),(886,12,36,77200,3.35,79500,74900,75300,77500),(887,12,37,78250,1.36,81300,75200,77200,77700),(888,12,38,72100,-7.86,75700,68500,74800,72100),(889,12,39,70350,-2.43,73200,67500,72500,72600),(890,12,40,74700,6.18,78100,71300,73000,77400),(891,12,41,78000,4.42,79800,76200,77900,77200),(892,12,42,81350,4.29,87700,75000,77700,85000),(893,12,43,87550,7.62,91500,83600,86500,85700),(894,12,44,88150,0.69,91500,84800,85600,90200),(895,12,45,93450,6.01,96800,90100,90400,94900),(896,12,46,93200,-0.27,96400,90000,96000,94300),(897,12,47,106550,14.32,120900,92200,94600,115700),(898,12,48,113000,6.05,116400,109600,115700,113700),(899,12,49,121800,7.79,130300,113300,114400,128700),(900,12,50,128800,5.75,134300,123300,127300,131200),(901,13,-25,30825,0,33150,28500,32150,29550),(902,13,-24,28500,-7.54,30500,26500,29550,26850),(903,13,-23,26975,-5.35,30400,23550,26700,25250),(904,13,-22,25425,-5.75,28000,22850,25250,23900),(905,13,-21,25175,-0.98,26200,24150,24200,24950),(906,13,-20,25750,2.28,27700,23800,25000,24800),(907,13,-19,24150,-6.21,25250,23050,24200,24000),(908,13,-18,27075,12.11,31200,22950,23650,29050),(909,13,-17,35650,31.67,41800,29500,30600,38250),(910,13,-16,45775,28.4,54000,37550,39050,47250),(911,13,-15,41375,-9.61,46650,36100,45200,40850),(912,13,-14,40250,-2.72,42700,37800,41450,41800),(913,13,-13,39800,-1.12,43000,36600,40600,37700),(914,13,-12,36925,-7.22,38800,35050,37300,35900),(915,13,-11,35875,-2.84,39600,32150,35350,33100),(916,13,-10,33225,-7.39,35100,31350,32600,32000),(917,13,-9,30525,-8.13,31750,29300,31050,30650),(918,13,-8,29150,-4.5,30400,27900,29900,28300),(919,13,-7,27950,-4.12,29200,26700,27850,27850),(920,13,-6,28600,2.33,29600,27600,28050,28250),(921,13,-5,28450,-0.52,29650,27250,28550,27700),(922,13,-4,29425,3.43,31150,27700,27950,28150),(923,13,-3,27250,-7.39,28200,26300,28000,26450),(924,13,-2,24150,-11.38,26300,22000,25750,23250),(925,13,-1,22300,-7.66,24700,19900,23300,21800),(926,13,1,22300,0,24250,20350,21900,20850),(927,13,2,22925,2.8,24950,20900,20900,24600),(928,13,3,26300,14.72,28000,24600,25050,27300),(929,13,4,32225,22.53,37500,26950,27600,31600),(930,13,5,29850,-7.37,31650,28050,31600,28300),(931,13,6,27850,-6.7,28650,27050,28300,28400),(932,13,7,28425,2.06,29350,27500,28500,29200),(933,13,8,28875,1.58,29750,28000,29600,28350),(934,13,9,27100,-6.15,28600,25600,27800,28200),(935,13,10,27675,2.12,28850,26500,27400,26500),(936,13,11,25575,-7.59,26900,24250,26350,24500),(937,13,12,23625,-7.62,25400,21850,24650,22750),(938,13,13,21900,-7.3,23200,20600,22800,20650),(939,13,14,20850,-4.79,22000,19700,20100,19900),(940,13,15,20625,-1.08,21500,19750,20000,20050),(941,13,16,19325,-6.3,20250,18400,19600,20000),(942,13,17,20750,7.37,22150,19350,19400,19800),(943,13,18,20875,0.6,21500,20250,20400,20600),(944,13,19,21350,2.28,22350,20350,20900,20650),(945,13,20,21675,1.52,22650,20700,20800,22650),(946,13,21,27200,25.49,32000,22400,22650,26100),(947,13,22,24475,-10.02,26100,22850,26100,23000),(948,13,23,22900,-6.44,25000,20800,21900,22600),(949,13,24,22175,-3.17,23100,21250,22450,22500),(950,13,25,23125,4.28,24000,22250,22600,23350),(951,13,26,22500,-2.7,23650,21350,23450,21500),(952,13,27,21250,-5.56,22150,20350,21650,21150),(953,13,28,20700,-2.59,21600,19800,21150,20250),(954,13,29,20750,0.24,21250,20250,20400,21000),(955,13,30,20950,0.96,21850,20050,21000,20650),(956,13,31,20775,-0.84,21250,20300,20650,21150),(957,13,32,21300,2.53,21950,20650,21350,21800),(958,13,33,21650,1.64,22150,21150,21800,21450),(959,13,34,21025,-2.89,22000,20050,21750,20600),(960,13,35,20650,-1.78,21150,20150,20400,20300),(961,13,36,19715,-4.53,20300,19130,20300,19510),(962,13,37,19625,-0.46,20600,18650,19610,18870),(963,13,38,19975,1.78,23200,16750,19640,18630),(964,13,39,18160,-9.09,18930,17390,18630,17800),(965,13,40,18300,0.77,19200,17400,17930,18010),(966,13,41,18315,0.08,19060,17570,17910,18700),(967,13,42,20570,12.31,22950,18190,18700,21500),(968,13,43,20310,-1.26,22050,18570,22000,18630),(969,13,44,18235,-10.22,18820,17650,18630,18050),(970,13,45,18075,-0.88,18550,17600,18010,18360),(971,13,46,17795,-1.55,18670,16920,18270,17220),(972,13,47,16860,-5.25,17370,16350,17220,17000),(973,13,48,17435,3.41,17890,16980,17030,17100),(974,13,49,17105,-1.89,17360,16850,17340,17220),(975,13,50,17190,0.5,17510,16870,17250,17170),(976,14,-25,60891,0,63476,58305,62642,59306),(977,14,-24,53092,-12.81,59139,47044,58722,53217),(978,14,-23,49964,-5.89,53300,46627,52883,47128),(979,14,-22,42498,-14.94,46710,38286,46627,40038),(980,14,-21,42019,-1.13,43124,40913,40913,41539),(981,14,-20,42060,0.1,44041,40079,41581,40288),(982,14,-19,41372,-1.64,44291,38453,39245,43958),(983,14,-18,43208,4.44,45126,41289,43290,43708),(984,14,-17,45459,5.21,48295,42623,43290,47128),(985,14,-16,47587,4.68,50464,44709,45543,47545),(986,14,-15,48671,2.28,51715,45626,47294,50214),(987,14,-14,47503,-2.4,50297,44709,49630,47462),(988,14,-13,47378,-0.26,49380,45376,48212,46878),(989,14,-12,45084,-4.84,47378,42790,46293,44209),(990,14,-11,44042,-2.31,45543,42540,44125,44792),(991,14,-10,44959,2.08,46377,43541,44792,45209),(992,14,-9,46502,3.43,48796,44208,44542,48296),(993,14,-8,46293,-0.45,48545,44041,47628,44792),(994,14,-7,42186,-8.87,44709,39662,44291,41206),(995,14,-6,43270,2.57,45626,40913,41956,45376),(996,14,-5,45835,5.93,47044,44625,45126,46210),(997,14,-4,47503,3.64,48796,46210,47044,47378),(998,14,-3,45084,-5.09,47127,43040,47127,43291),(999,14,-2,43353,-3.84,48379,38327,41789,47295),(1000,14,-1,50798,17.17,54885,46710,47878,53134),(1001,14,1,50298,-0.98,53634,46961,53050,48129),(1002,14,2,51590,2.57,55302,47878,49213,53300),(1003,14,3,53300,3.31,55469,51131,52966,54218),(1004,14,4,54510,2.27,56720,52299,54635,55052),(1005,14,5,55427,1.68,57054,53800,55052,54385),(1006,14,6,57137,3.09,62392,51882,53967,61892),(1007,14,7,62267,8.98,65061,59472,62392,59973),(1008,14,8,58847,-5.49,60974,56720,60390,56720),(1009,14,9,54927,-6.66,56887,52966,55886,54468),(1010,14,10,52049,-5.24,53634,50464,51882,51132),(1011,14,11,49755,-4.41,51465,48045,51215,49213),(1012,14,12,48379,-2.77,51131,45626,50464,45793),(1013,14,13,43395,-10.3,46293,40496,45626,40538),(1014,14,14,40142,-7.5,43457,36826,40037,37827),(1015,14,15,34970,-12.88,38703,31237,38411,31405),(1016,14,16,30946,-11.51,33990,27901,31863,33240),(1017,14,17,33490,8.22,36200,30779,32322,34074),(1018,14,18,36050,7.65,37450,34650,35158,36700),(1019,14,19,35725,-0.9,37750,33700,37600,34700),(1020,14,20,37325,4.48,40000,34650,34750,38750),(1021,14,21,40150,7.57,44550,35750,38050,41100),(1022,14,22,38825,-3.3,41200,36450,40900,36900),(1023,14,23,37875,-2.45,39100,36650,36900,36800),(1024,14,24,40025,5.68,43000,37050,37200,41050),(1025,14,25,39575,-1.12,41600,37550,41050,37800),(1026,14,26,36575,-7.58,38250,34900,37800,35300),(1027,14,27,36200,-1.03,38900,33500,35150,38250),(1028,14,28,38275,5.73,42100,34450,41000,35550),(1029,14,29,35750,-6.6,37000,34500,36050,35250),(1030,14,30,34975,-2.17,36200,33750,35300,34000),(1031,14,31,35125,0.43,36050,34200,34250,35600),(1032,14,32,38900,10.75,42700,35100,35600,41200),(1033,14,33,41700,7.2,43650,39750,41200,40500),(1034,14,34,40575,-2.7,42050,39100,40300,39850),(1035,14,35,39900,-1.66,42150,37650,39950,38150),(1036,14,36,37025,-7.21,37950,36100,37350,36900),(1037,14,37,36600,-1.15,37950,35250,37200,35500),(1038,14,38,34550,-5.6,37150,31950,34800,37100),(1039,14,39,38025,10.06,39800,36250,37050,37050),(1040,14,40,38150,0.33,41650,34650,37150,39650),(1041,14,41,45450,19.13,52800,38100,39650,50700),(1042,14,42,51925,14.25,54500,49350,50900,52600),(1043,14,43,49175,-5.3,53200,45150,53100,46200),(1044,14,44,44900,-8.69,46900,42900,46200,43500),(1045,14,45,43950,-2.12,45900,42000,43500,45850),(1046,14,46,45225,2.9,47100,43350,46550,44100),(1047,14,47,45275,0.11,47500,43050,44100,47200),(1048,14,48,47450,4.8,49400,45500,48000,45650),(1049,14,49,49575,4.48,53600,45550,45850,51800),(1050,14,50,49450,-0.25,52300,46600,52200,47100),(1051,15,-25,264013,0,277502,250523,269311,254378),(1052,15,-24,255822,-3.1,261121,250523,254377,254378),(1053,15,-23,254377,-0.57,267866,240887,254377,250041),(1054,15,-22,238237,-6.34,252449,224024,249558,237997),(1055,15,-21,244981,2.83,249076,240886,242813,246669),(1056,15,-20,247632,1.08,255340,239924,247150,249559),(1057,15,-19,246910,-0.29,252931,240888,248112,251005),(1058,15,-18,248596,0.68,255340,241851,246668,245705),(1059,15,-17,251486,1.16,257267,245705,247632,253896),(1060,15,-16,256544,2.01,267384,245704,248112,259677),(1061,15,-15,263049,2.54,273649,252449,258231,273649),(1062,15,-14,268831,2.2,273649,264013,273649,269312),(1063,15,-13,265217,-1.34,270276,260158,267384,263050),(1064,15,-12,259436,-2.18,265457,253414,262568,264013),(1065,15,-11,279671,7.8,299183,260158,263049,295811),(1066,15,-10,295327,5.6,300145,290509,293882,293883),(1067,15,-9,295328,0,305444,285211,289064,300628),(1068,15,-8,287379,-2.69,302073,272684,298219,278466),(1069,15,-7,281597,-2.01,289064,274129,275575,285212),(1070,15,-6,286896,1.88,291474,282318,289064,289547),(1071,15,-5,297978,3.86,305926,290029,291474,300628),(1072,15,-4,298701,0.24,305445,291956,301109,297256),(1073,15,-3,294846,-1.29,299665,290027,294365,294846),(1074,15,-2,282078,-4.33,293399,270756,290027,278948),(1075,15,-1,282802,0.26,290991,274612,281838,290029),(1076,15,1,292196,3.32,302554,281837,292438,283284),(1077,15,2,298700,2.23,317488,279911,284247,310746),(1078,15,3,303759,1.69,312672,294846,308336,302555),(1079,15,4,295568,-2.7,303999,287137,300626,293883),(1080,15,5,297737,0.73,303037,292437,292919,298220),(1081,15,6,299664,0.65,308336,290991,295811,306891),(1082,15,7,309059,3.14,316526,301591,308336,305446),(1083,15,8,301591,-2.42,306889,296292,305444,299183),(1084,15,9,292919,-2.88,298699,287139,296291,289066),(1085,15,10,290028,-0.99,301591,278465,282319,288102),(1086,15,11,287377,-0.91,295326,279428,287138,290992),(1087,15,12,290751,1.17,314598,266903,314598,273649),(1088,15,13,251727,-13.42,280392,223061,277501,228362),(1089,15,14,221134,-12.15,226915,215352,223543,220653),(1090,15,15,222579,0.65,226432,218725,222097,224025),(1091,15,16,223303,0.33,230288,216317,223061,228362),(1092,15,17,230770,3.34,237033,224507,228362,234143),(1093,15,18,239682,3.86,245704,233659,239441,243778),(1094,15,19,243296,1.51,251486,235105,244259,241852),(1095,15,20,250041,2.77,258713,241368,241368,253896),(1096,15,21,257508,2.99,263048,251967,253894,255823),(1097,15,22,249800,-2.99,258712,240887,257267,243778),(1098,15,23,247151,-1.06,253413,240888,244260,245224),(1099,15,24,250522,1.36,260157,240886,244259,259677),(1100,15,25,272926,8.94,288101,257750,259676,279912),(1101,15,26,286174,4.85,296773,275575,279911,289547),(1102,15,27,291886,2,298263,285509,289546,292377),(1103,15,28,276924,-5.13,295320,258527,295320,259509),(1104,15,29,260981,-5.76,265396,256565,260981,261471),(1105,15,30,256565,-1.69,264414,248716,261961,254113),(1106,15,31,255584,-0.38,259508,251659,254603,257056),(1107,15,32,260735,2.02,270300,251169,257546,259018),(1108,15,33,268584,3.01,279131,258037,259018,272264),(1109,15,34,267358,-0.46,272754,261961,269810,262452),(1110,15,35,264414,-1.1,273734,255093,261961,256075),(1111,15,36,256074,-3.15,261961,250187,255584,259018),(1112,15,37,260735,1.82,271282,250187,259018,251169),(1113,15,38,249698,-4.23,259018,240377,251168,256566),(1114,15,39,257302,3.05,264905,249698,259999,249698),(1115,15,40,249943,-2.86,254112,245773,252150,251169),(1116,15,41,282810,13.15,317395,248225,250678,303169),(1117,15,42,317886,12.4,333093,302678,305621,326716),(1118,15,43,314697,-1,327206,302188,323772,306113),(1119,15,44,307584,-2.26,320829,294338,306113,316905),(1120,15,45,315433,2.55,325735,305131,316905,323283),(1121,15,46,307829,-2.41,324753,290904,321319,296301),(1122,15,47,294094,-4.46,301207,286980,293358,289433),(1123,15,48,294584,0.17,303169,285999,286980,290415),(1124,15,49,296301,0.58,307583,285018,292867,300716),(1125,15,50,309546,4.47,320829,298263,301206,313962),(1126,16,-25,314250,0,324000,304500,318500,322000),(1127,16,-24,321250,2.23,327500,315000,322500,315000),(1128,16,-23,312500,-2.72,319000,306000,314500,308500),(1129,16,-22,321000,2.72,331500,310500,311000,323000),(1130,16,-21,331000,3.12,341000,321000,325500,341000),(1131,16,-20,341000,3.02,349000,333000,336500,334500),(1132,16,-19,331250,-2.86,339500,323000,333000,329500),(1133,16,-18,321000,-3.09,331500,310500,327000,312500),(1134,16,-17,307750,-4.13,312000,303500,312000,309000),(1135,16,-16,294750,-4.22,307000,282500,307000,290500),(1136,16,-15,291000,-1.27,301500,280500,290500,294500),(1137,16,-14,295750,1.63,299500,292000,296500,295000),(1138,16,-13,298000,0.76,304000,292000,293500,298500),(1139,16,-12,309250,3.78,319500,299000,299000,313000),(1140,16,-11,315000,1.86,322000,308000,313000,308500),(1141,16,-10,315000,0,325000,305000,306500,314500),(1142,16,-9,314000,-0.32,326500,301500,308500,303500),(1143,16,-8,302000,-3.82,306500,297500,303000,301500),(1144,16,-7,299250,-0.91,305500,293000,300000,303000),(1145,16,-6,287500,-3.93,304500,270500,303500,279500),(1146,16,-5,276000,-4,279500,272500,279500,276000),(1147,16,-4,277250,0.45,280000,274500,277500,278500),(1148,16,-3,275500,-0.63,279000,272000,278500,275500),(1149,16,-2,268250,-2.63,274000,262500,272500,270000),(1150,16,-1,269750,0.56,276500,263000,272500,270000),(1151,16,1,275750,2.22,285000,266500,271000,285000),(1152,16,2,288000,4.44,295500,280500,285000,283000),(1153,16,3,284250,-1.3,291500,277000,282000,280500),(1154,16,4,280000,-1.5,284000,276000,281500,277000),(1155,16,5,280000,0,284000,276000,278500,279500),(1156,16,6,277750,-0.8,284000,271500,277500,280000),(1157,16,7,295250,6.3,307500,283000,283500,294000),(1158,16,8,292750,-0.85,302500,283000,295500,300000),(1159,16,9,304250,3.93,319000,289500,298000,303500),(1160,16,10,303250,-0.33,310000,296500,300000,299000),(1161,16,11,295000,-2.72,303000,287000,303000,289000),(1162,16,12,292250,-0.93,299000,285500,289500,295500),(1163,16,13,299000,2.31,309000,289000,298000,303500),(1164,16,14,304750,1.92,312000,297500,304000,298000),(1165,16,15,296250,-2.79,301000,291500,297000,296000),(1166,16,16,291000,-1.77,298000,284000,295000,294000),(1167,16,17,293000,0.69,297500,288500,294000,294500),(1168,16,18,299500,2.22,305500,293500,297000,302500),(1169,16,19,303500,1.34,309000,298000,302500,308000),(1170,16,20,304500,0.33,311000,298000,309500,303500),(1171,16,21,312000,2.46,322500,301500,305000,322000),(1172,16,22,321750,3.12,327000,316500,324000,321000),(1173,16,23,323250,0.47,332000,314500,318500,326500),(1174,16,24,330500,2.24,337000,324000,325000,337000),(1175,16,25,336000,1.66,342500,329500,337000,334500),(1176,16,26,342750,2.01,355500,330000,331000,348500),(1177,16,27,354500,3.43,364000,345000,348500,357000),(1178,16,28,344500,-2.82,357000,332000,357000,336000),(1179,16,29,342500,-0.58,350500,334500,335500,343500),(1180,16,30,348000,1.61,356000,340000,343500,348500),(1181,16,31,343500,-1.29,351000,336000,347000,341000),(1182,16,32,334000,-2.77,344000,324000,339000,332000),(1183,16,33,343750,2.92,359000,328500,332000,356000),(1184,16,34,355750,3.49,361000,350500,354500,357000),(1185,16,35,360750,1.41,369000,352500,355500,368000),(1186,16,36,363250,0.69,371500,355000,363500,358500),(1187,16,37,354000,-2.55,362000,346000,360500,348000),(1188,16,38,354500,0.14,366000,343000,348500,363000),(1189,16,39,358500,1.13,367000,350000,366000,359000),(1190,16,40,367000,2.37,380000,354000,360000,379000),(1191,16,41,381750,4.02,393000,370500,372500,385000),(1192,16,42,382250,0.13,389500,375000,382000,376000),(1193,16,43,380000,-0.59,386000,374000,377000,381000),(1194,16,44,388750,2.3,401500,376000,381500,396500),(1195,16,45,403250,3.73,411000,395500,395500,406500),(1196,16,46,394500,-2.17,408500,380500,406500,385500),(1197,16,47,403500,2.28,430000,377000,382000,419500),(1198,16,48,423500,4.96,438000,409000,419000,430000),(1199,16,49,438750,3.6,450000,427500,434000,447500),(1200,16,50,445250,1.48,456000,434500,449000,446500),(1201,17,-25,52700,0,53500,51900,53200,52600),(1202,17,-24,52950,0.47,53400,52500,52600,53000),(1203,17,-23,53150,0.38,53500,52800,53000,53300),(1204,17,-22,52800,-0.66,53600,52000,53200,53300),(1205,17,-21,53850,1.99,54400,53300,53300,54300),(1206,17,-20,54800,1.76,55800,53800,54600,55000),(1207,17,-19,53650,-2.1,54600,52700,54600,53000),(1208,17,-18,53500,-0.28,54500,52500,53000,53200),(1209,17,-17,53300,-0.37,53700,52900,53200,53700),(1210,17,-16,53450,0.28,54000,52900,53700,53500),(1211,17,-15,53450,0,53900,53000,53000,53900),(1212,17,-14,53600,0.28,54000,53200,53900,53600),(1213,17,-13,54000,0.75,54400,53600,53600,54400),(1214,17,-12,54650,1.2,55200,54100,54600,54900),(1215,17,-11,55350,1.28,56000,54700,54900,55400),(1216,17,-10,55950,1.08,56800,55100,55400,56000),(1217,17,-9,55250,-1.25,56300,54200,55600,55000),(1218,17,-8,54300,-1.72,55000,53600,54200,54000),(1219,17,-7,52450,-3.41,53900,51000,53700,52500),(1220,17,-6,51550,-1.72,53100,50000,52900,51500),(1221,17,-5,52000,0.87,52800,51200,51900,51700),(1222,17,-4,52450,0.87,53200,51700,51700,53100),(1223,17,-3,52050,-0.76,53100,51000,53100,51100),(1224,17,-2,48975,-5.91,50900,47050,50800,47600),(1225,17,-1,45950,-6.18,48250,43650,47750,45400),(1226,17,1,46000,0.11,47000,45000,45850,45650),(1227,17,2,46775,1.68,47800,45750,45750,46650),(1228,17,3,45850,-1.98,46800,44900,46550,46200),(1229,17,4,46875,2.24,47900,45850,46350,47550),(1230,17,5,47800,1.97,48250,47350,47550,47850),(1231,17,6,47825,0.05,48300,47350,47950,48050),(1232,17,7,47425,-0.84,48050,46800,48000,47400),(1233,17,8,47375,-0.11,48000,46750,47850,47300),(1234,17,9,46050,-2.8,47100,45000,47000,45250),(1235,17,10,44725,-2.88,45750,43700,45150,45050),(1236,17,11,44850,0.28,45500,44200,45050,44250),(1237,17,12,43975,-1.95,44800,43150,44800,43150),(1238,17,13,42475,-3.41,44100,40850,43150,41000),(1239,17,14,39575,-6.83,40700,38450,40600,39450),(1240,17,15,39700,0.32,40250,39150,39600,39200),(1241,17,16,37975,-4.35,39200,36750,39200,37500),(1242,17,17,38075,0.26,39100,37050,37250,37550),(1243,17,18,37250,-2.17,37850,36650,37600,37350),(1244,17,19,38250,2.68,39500,37000,37350,37950),(1245,17,20,39375,2.94,40800,37950,37950,40150),(1246,17,21,41050,4.25,41950,40150,40350,41300),(1247,17,22,40525,-1.28,41500,39550,41100,39900),(1248,17,23,40025,-1.23,40750,39300,39900,40750),(1249,17,24,41000,2.44,41500,40500,40750,41200),(1250,17,25,40450,-1.34,41350,39550,41100,39550),(1251,17,26,40150,-0.74,40750,39550,39600,40350),(1252,17,27,39975,-0.44,40900,39050,40350,39250),(1253,17,28,39075,-2.25,40000,38150,39250,38900),(1254,17,29,39450,0.96,40000,38900,39300,39600),(1255,17,30,39750,0.76,40050,39450,39600,39800),(1256,17,31,40625,2.2,41300,39950,40150,41200),(1257,17,32,41550,2.28,42200,40900,41500,42000),(1258,17,33,42025,1.14,42400,41650,42400,41700),(1259,17,34,41950,-0.18,42400,41500,41700,41950),(1260,17,35,42075,0.3,42550,41600,41850,42350),(1261,17,36,41950,-0.3,42350,41550,42050,41700),(1262,17,37,42400,1.07,43200,41600,41600,42650),(1263,17,38,40925,-3.48,42050,39800,42050,40450),(1264,17,39,40475,-1.1,40950,40000,40700,40900),(1265,17,40,41050,1.42,41600,40500,40900,41550),(1266,17,41,41775,1.77,42200,41350,41900,42100),(1267,17,42,42025,0.6,42950,41100,42100,42700),(1268,17,43,43475,3.45,44700,42250,42950,44650),(1269,17,44,44900,3.28,46000,43800,44650,44450),(1270,17,45,43775,-2.51,44450,43100,44450,44300),(1271,17,46,44700,2.11,45400,44000,44150,44850),(1272,17,47,47175,5.54,49650,44700,45000,48550),(1273,17,48,50350,6.73,52500,48200,48550,49700),(1274,17,49,49275,-2.14,50600,47950,50600,50000),(1275,17,50,49125,-0.3,50000,48250,50000,49100),(1276,18,-25,5581,0,5670,5492,5631,5546),(1277,18,-24,5575,-0.12,5650,5499,5539,5499),(1278,18,-23,5427,-2.65,5519,5334,5499,5335),(1279,18,-22,5117,-5.7,5427,4807,5374,5032),(1280,18,-21,5180,1.22,5321,5038,5091,5322),(1281,18,-20,5427,4.77,5585,5268,5321,5414),(1282,18,-19,5532,1.94,5894,5170,5400,5565),(1283,18,-18,5516,-0.3,5611,5420,5519,5480),(1284,18,-17,5539,0.42,5677,5400,5499,5644),(1285,18,-16,5509,-0.53,5664,5354,5618,5651),(1286,18,-15,5631,2.21,5723,5539,5657,5664),(1287,18,-14,5862,4.09,5993,5730,5736,5842),(1288,18,-13,5858,-0.07,5953,5762,5848,5934),(1289,18,-12,5868,0.17,6019,5716,5973,5750),(1290,18,-11,5782,-1.46,5861,5703,5716,5809),(1291,18,-10,5990,3.59,6210,5769,5795,6066),(1292,18,-9,6033,0.72,6151,5914,6065,6020),(1293,18,-8,5937,-1.58,6052,5822,6000,5849),(1294,18,-7,5720,-3.66,5861,5578,5835,5677),(1295,18,-6,5657,-1.09,5822,5492,5690,5546),(1296,18,-5,5509,-2.62,5578,5440,5578,5513),(1297,18,-4,5558,0.89,5624,5492,5532,5611),(1298,18,-3,5624,1.19,5716,5532,5598,5631),(1299,18,-2,5387,-4.21,5598,5176,5571,5302),(1300,18,-1,5170,-4.04,5367,4972,5367,5071),(1301,18,1,5114,-1.08,5189,5038,5124,5091),(1302,18,2,5104,-0.2,5189,5018,5104,5085),(1303,18,3,4986,-2.31,5124,4847,5091,4894),(1304,18,4,4986,0,5091,4880,4933,5052),(1305,18,5,5104,2.37,5176,5031,5038,5091),(1306,18,6,5117,0.26,5196,5038,5077,5144),(1307,18,7,5203,1.67,5301,5104,5143,5216),(1308,18,8,5199,-0.07,5288,5110,5282,5137),(1309,18,9,5081,-2.27,5236,4926,5084,5131),(1310,18,10,5035,-0.91,5157,4913,5045,4926),(1311,18,11,4890,-2.89,4972,4807,4966,4847),(1312,18,12,4896,0.13,4985,4807,4906,4828),(1313,18,13,4699,-4.03,4939,4458,4893,4465),(1314,18,14,4350,-7.43,4478,4221,4386,4222),(1315,18,15,4320,-0.68,4419,4221,4241,4255),(1316,18,16,4120,-4.64,4281,3958,4208,4209),(1317,18,17,4261,3.43,4386,4136,4202,4261),(1318,18,18,4327,1.55,4439,4215,4287,4274),(1319,18,19,4284,-0.99,4373,4195,4287,4373),(1320,18,20,4452,3.91,4616,4287,4327,4538),(1321,18,21,4577,2.81,4649,4504,4537,4577),(1322,18,22,4551,-0.56,4630,4472,4623,4544),(1323,18,23,4584,0.71,4735,4432,4518,4624),(1324,18,24,4531,-1.15,4676,4386,4630,4564),(1325,18,25,4623,2.03,4702,4544,4584,4663),(1326,18,26,4672,1.06,4728,4616,4643,4643),(1327,18,27,4613,-1.26,4794,4432,4630,4433),(1328,18,28,4353,-5.64,4504,4202,4452,4446),(1329,18,29,4564,4.85,4676,4452,4458,4637),(1330,18,30,4594,0.65,4669,4518,4630,4624),(1331,18,31,4637,0.94,4689,4584,4623,4656),(1332,18,32,4735,2.12,4886,4584,4649,4821),(1333,18,33,4735,0,4840,4630,4788,4696),(1334,18,34,4640,-2.02,4781,4498,4676,4505),(1335,18,35,4633,-0.14,4794,4472,4498,4775),(1336,18,36,0,-100,0,0,0,0),(1337,18,37,0,0,0,0,0,0),(1338,18,38,0,0,0,0,0,0),(1339,18,39,0,0,0,0,0,0),(1340,18,40,0,0,0,0,0,0),(1341,18,41,0,0,0,0,0,0),(1342,18,42,4503,0,4970,4035,4775,4120),(1343,18,43,4130,-8.27,4250,4010,4130,4220),(1344,18,44,4200,1.69,4300,4100,4215,4180),(1345,18,45,4140,-1.43,4190,4090,4175,4095),(1346,18,46,4035,-2.54,4130,3940,4085,3945),(1347,18,47,3893,-3.53,3970,3815,3940,3855),(1348,18,48,3733,-4.11,3860,3605,3845,3620),(1349,18,49,3603,-3.48,3665,3540,3625,3655),(1350,18,50,3740,3.82,3870,3610,3655,3830),(1351,19,-25,669000,0,722000,616000,622000,719000),(1352,19,-24,734500,9.79,774000,695000,732000,716000),(1353,19,-23,682500,-7.08,732000,633000,713000,694000),(1354,19,-22,649500,-4.84,694000,605000,693000,639000),(1355,19,-21,676000,4.08,691000,661000,677000,678000),(1356,19,-20,643500,-4.81,677000,610000,676000,633000),(1357,19,-19,637500,-0.93,657000,618000,632000,629000),(1358,19,-18,586000,-8.08,626000,546000,616000,554000),(1359,19,-17,551500,-5.89,569000,534000,550000,535000),(1360,19,-16,497750,-9.75,526000,469500,522000,472000),(1361,19,-15,464250,-6.73,491500,437000,465000,488500),(1362,19,-14,510000,9.85,537000,483000,493000,526000),(1363,19,-13,527500,3.43,545000,510000,527000,523000),(1364,19,-12,528500,0.19,546000,511000,522000,525000),(1365,19,-11,510500,-3.41,524000,497000,518000,505000),(1366,19,-10,498000,-2.45,513000,483000,500000,486000),(1367,19,-9,491000,-1.41,527000,455000,475000,519000),(1368,19,-8,520000,5.91,530000,510000,513000,520000),(1369,19,-7,501500,-3.56,523000,480000,517000,510000),(1370,19,-6,520500,3.79,546000,495000,515000,545000),(1371,19,-5,548500,5.38,564000,533000,547000,550000),(1372,19,-4,570500,4.01,600000,541000,559000,585000),(1373,19,-3,572500,0.35,590000,555000,574000,583000),(1374,19,-2,572500,0,597000,548000,574000,578000),(1375,19,-1,564000,-1.48,589000,539000,583000,543000),(1376,19,1,536500,-4.88,570000,503000,544000,509000),(1377,19,2,526250,-1.91,555000,497500,511000,540000),(1378,19,3,522500,-0.71,538000,507000,538000,512000),(1379,19,4,542000,3.73,579000,505000,514000,561000),(1380,19,5,576000,6.27,605000,547000,562000,603000),(1381,19,6,621500,7.9,646000,597000,608000,642000),(1382,19,7,657500,5.79,681000,634000,637000,665000),(1383,19,8,657500,0,676000,639000,675000,640000),(1384,19,9,626500,-4.71,649000,604000,635000,616000),(1385,19,10,611500,-2.39,632000,591000,598000,610000),(1386,19,11,628000,2.7,649000,607000,615000,644000),(1387,19,12,649500,3.42,667000,632000,656000,635000),(1388,19,13,628000,-3.31,657000,599000,636000,604000),(1389,19,14,563000,-10.35,592000,534000,591000,536000),(1390,19,15,564000,0.18,593000,535000,546000,589000),(1391,19,16,586500,3.99,602000,571000,584000,573000),(1392,19,17,583500,-0.51,614000,553000,565000,568000),(1393,19,18,587000,0.6,624000,550000,579000,615000),(1394,19,19,657000,11.93,705000,609000,627000,690000),(1395,19,20,710000,8.07,744000,676000,693000,737000),(1396,19,21,725000,2.11,760000,690000,740000,704000),(1397,19,22,705000,-2.76,731000,679000,704000,721000),(1398,19,23,730500,3.62,755000,706000,721000,711000),(1399,19,24,668500,-8.49,710000,627000,703000,627000),(1400,19,25,633500,-5.24,650000,617000,621000,645000),(1401,19,26,623000,-1.66,643000,603000,640000,610000),(1402,19,27,614000,-1.44,635000,593000,604000,600000),(1403,19,28,597500,-2.69,620000,575000,596000,594000),(1404,19,29,619000,3.6,649000,589000,599000,644000),(1405,19,30,631500,2.02,655000,608000,645000,625000),(1406,19,31,667000,5.62,696000,638000,646000,685000),(1407,19,32,682000,2.25,703000,661000,688000,674000),(1408,19,33,672000,-1.47,691000,653000,665000,673000),(1409,19,34,695500,3.5,728000,663000,674000,689000),(1410,19,35,677500,-2.59,696000,659000,696000,669000),(1411,19,36,679000,0.22,707000,651000,661000,703000),(1412,19,37,723500,6.55,757000,690000,722000,707000),(1413,19,38,720000,-0.48,745000,695000,714000,702000),(1414,19,39,695000,-3.47,717000,673000,694000,690000),(1415,19,40,703500,1.22,720000,687000,702000,712000),(1416,19,41,730000,3.77,754000,706000,728000,714000),(1417,19,42,787500,7.88,857000,718000,721000,802000),(1418,19,43,798000,1.33,830000,766000,802000,771000),(1419,19,44,753000,-5.64,780000,726000,762000,740000),(1420,19,45,742000,-1.46,760000,724000,750000,731000),(1421,19,46,716000,-3.5,747000,685000,741000,688000),(1422,19,47,695500,-2.86,714000,677000,685000,698000),(1423,19,48,716500,3.02,741000,692000,698000,706000),(1424,19,49,705000,-1.61,724000,686000,715000,721000),(1425,19,50,738500,4.75,761000,716000,730000,752000),(1426,20,-25,554500,0,599000,510000,522000,599000),(1427,20,-24,564500,1.8,610000,519000,596000,529000),(1428,20,-23,501500,-11.16,529000,474000,525000,475500),(1429,20,-22,429750,-14.31,459000,400500,456000,416000),(1430,20,-21,421250,-1.98,430500,412000,423500,427000),(1431,20,-20,443000,5.16,470500,415500,427000,440500),(1432,20,-19,445750,0.62,474500,417000,430500,469500),(1433,20,-18,479500,7.57,502000,457000,464000,484500),(1434,20,-17,489750,2.14,505000,474500,482500,499000),(1435,20,-16,482250,-1.53,495000,469500,494000,482000),(1436,20,-15,476500,-1.19,492000,461000,482000,473000),(1437,20,-14,461250,-3.2,474500,448000,473000,449500),(1438,20,-13,454000,-1.57,472500,435500,448000,462500),(1439,20,-12,449750,-0.94,467500,432000,463000,437000),(1440,20,-11,431000,-4.17,442500,419500,438500,422000),(1441,20,-10,425750,-1.22,433000,418500,422000,426000),(1442,20,-9,412000,-3.23,422500,401500,422000,413500),(1443,20,-8,401500,-2.55,408000,395000,406000,399000),(1444,20,-7,381000,-5.11,400500,361500,399500,373000),(1445,20,-6,369750,-2.95,382500,357000,375500,373500),(1446,20,-5,384000,3.85,398000,370000,374000,395500),(1447,20,-4,416250,8.4,432500,400000,400000,419000),(1448,20,-3,410250,-1.44,418000,402500,417500,411000),(1449,20,-2,385750,-5.97,405500,366000,400500,380000),(1450,20,-1,358500,-7.06,385000,332000,380000,345500),(1451,20,1,350000,-2.37,360000,340000,349500,344000),(1452,20,2,337500,-3.57,347500,327500,345000,330000),(1453,20,3,310750,-7.93,330000,291500,329000,298500),(1454,20,4,310500,-0.08,320500,300500,301000,312500),(1455,20,5,328000,5.64,345500,310500,312500,344500),(1456,20,6,324000,-1.22,334000,314000,334000,322000),(1457,20,7,331500,2.31,345500,317500,320500,338500),(1458,20,8,331750,0.08,342500,321000,342500,322000),(1459,20,9,313000,-5.65,321000,305000,319500,316500),(1460,20,10,311500,-0.48,319000,304000,306000,304000),(1461,20,11,304500,-2.25,310500,298500,302000,304500),(1462,20,12,306750,0.74,313500,300000,309000,306500),(1463,20,13,292250,-4.73,308000,276500,305500,278000),(1464,20,14,266000,-8.98,273500,258500,270000,259000),(1465,20,15,270750,1.79,279500,262000,262000,278500),(1466,20,16,279750,3.32,294000,265500,275000,292500),(1467,20,17,290250,3.75,300500,280000,290000,283500),(1468,20,18,281750,-2.93,289500,274000,287000,281500),(1469,20,19,272250,-3.37,284500,260000,280000,275000),(1470,20,20,297250,9.18,318500,276000,280000,313500),(1471,20,21,343000,15.39,372000,314000,314000,347000),(1472,20,22,345750,0.8,363000,328500,348000,359500),(1473,20,23,353750,2.31,366000,341500,356500,351000),(1474,20,24,353750,0,363000,344500,351000,354000),(1475,20,25,359250,1.55,377000,341500,354000,350500),(1476,20,26,349500,-2.71,367500,331500,345000,367000),(1477,20,27,359250,2.79,375500,343000,367500,350000),(1478,20,28,331750,-7.65,353000,310500,346000,330500),(1479,20,29,362750,9.34,390000,335500,336000,376500),(1480,20,30,399250,10.06,415000,383500,386500,401000),(1481,20,31,398750,-0.13,409000,388500,406000,391000),(1482,20,32,415500,4.2,440500,390500,392000,431000),(1483,20,33,443750,6.8,461500,426000,432500,433500),(1484,20,34,436500,-1.63,451500,421500,434000,439000),(1485,20,35,457500,4.81,473000,442000,445500,461500),(1486,20,36,459750,0.49,473000,446500,455000,465000),(1487,20,37,443500,-3.53,469000,418000,467000,421500),(1488,20,38,416250,-6.14,432000,400500,416000,419000),(1489,20,39,430250,3.36,445000,415500,415500,438500),(1490,20,40,442500,2.85,455000,430000,438500,443000),(1491,20,41,429000,-3.05,445000,413000,442500,413500),(1492,20,42,418750,-2.39,433500,404000,414000,413500),(1493,20,43,414250,-1.07,436500,392000,417500,399500),(1494,20,44,385000,-7.06,398500,371500,394500,377000),(1495,20,45,411500,6.88,425000,398000,400000,411500),(1496,20,46,409000,-0.61,418500,399500,407500,412000),(1497,20,47,400000,-2.2,415000,385000,408000,390000),(1498,20,48,394750,-1.31,410000,379500,393000,380000),(1499,20,49,385250,-2.41,391500,379000,383000,387000),(1500,20,50,396500,2.92,404500,388500,395000,389000),(1501,21,-25,11050,0,11400,10700,10900,11300),(1502,21,-24,11100,0.45,11400,10800,11300,11000),(1503,21,-23,10675,-3.83,11050,10300,11000,10300),(1504,21,-22,9690,-9.23,10300,9080,10200,9600),(1505,21,-21,9845,1.6,9990,9700,9800,9950),(1506,21,-20,10080,2.39,10500,9660,10000,10150),(1507,21,-19,10015,-0.64,10400,9630,10000,10250),(1508,21,-18,10035,0.2,10300,9770,10100,9960),(1509,21,-17,10155,1.2,10400,9910,10000,10250),(1510,21,-16,10100,-0.54,10250,9950,10200,10100),(1511,21,-15,10080,-0.2,10300,9860,10100,10300),(1512,21,-14,10450,3.67,10750,10150,10400,10500),(1513,21,-13,10525,0.72,10700,10350,10500,10450),(1514,21,-12,10325,-1.9,10650,10000,10450,10100),(1515,21,-11,10115,-2.03,10250,9980,10050,10200),(1516,21,-10,10300,1.83,10500,10100,10200,10450),(1517,21,-9,10600,2.91,10950,10250,10250,10550),(1518,21,-8,10400,-1.89,10650,10150,10350,10250),(1519,21,-7,9825,-5.53,10200,9450,10200,9650),(1520,21,-6,9730,-0.97,9970,9490,9670,9660),(1521,21,-5,9540,-1.95,9780,9300,9660,9450),(1522,21,-4,9575,0.37,9680,9470,9470,9620),(1523,21,-3,9590,0.16,10100,9080,9620,10100),(1524,21,-2,9480,-1.15,9910,9050,9900,9300),(1525,21,-1,8605,-9.23,9310,7900,9300,8190),(1526,21,1,8300,-3.54,8450,8150,8220,8170),(1527,21,2,8260,-0.48,8430,8090,8200,8260),(1528,21,3,8000,-3.15,8330,7670,8330,7730),(1529,21,4,7960,-0.5,8190,7730,7770,8100),(1530,21,5,8195,2.95,8360,8030,8100,8350),(1531,21,6,8390,2.38,8630,8150,8350,8550),(1532,21,7,8620,2.74,8790,8450,8480,8690),(1533,21,8,9480,9.98,10250,8710,8770,9950),(1534,21,9,9600,1.27,9950,9250,9850,9560),(1535,21,10,9885,2.97,10600,9170,9330,10100),(1536,21,11,10110,2.28,10350,9870,10100,10150),(1537,21,12,10950,8.31,11650,10250,10300,10650),(1538,21,13,10750,-1.83,11200,10300,10600,10600),(1539,21,14,9995,-7.02,10700,9290,10300,9490),(1540,21,15,10050,0.55,10500,9600,9600,9910),(1541,21,16,9705,-3.43,10200,9210,9610,9690),(1542,21,17,9890,1.91,10300,9480,9480,9650),(1543,21,18,9485,-4.1,9930,9040,9850,9200),(1544,21,19,9665,1.9,10200,9130,9290,10050),(1545,21,20,10395,7.55,10800,9990,10150,10350),(1546,21,21,10075,-3.08,10650,9500,10300,9530),(1547,21,22,9500,-5.71,9660,9340,9540,9590),(1548,21,23,9575,0.79,9790,9360,9660,9780),(1549,21,24,9610,0.37,9810,9410,9780,9770),(1550,21,25,9510,-1.04,9740,9280,9730,9380),(1551,21,26,9495,-0.16,9650,9340,9490,9580),(1552,21,27,9275,-2.32,9830,8720,9550,8870),(1553,21,28,8555,-7.76,8940,8170,8870,8500),(1554,21,29,8705,1.75,8880,8530,8600,8630),(1555,21,30,8505,-2.3,8680,8330,8680,8440),(1556,21,31,8585,0.94,8750,8420,8470,8650),(1557,21,32,8680,1.11,8850,8510,8710,8810),(1558,21,33,8845,1.9,9040,8650,8810,8700),(1559,21,34,8645,-2.26,8750,8540,8670,8690),(1560,21,35,8560,-0.98,8800,8320,8690,8380),(1561,21,36,8420,-1.64,8550,8290,8350,8470),(1562,21,37,8575,1.84,8880,8270,8510,8310),(1563,21,38,8080,-5.77,8250,7910,8200,8090),(1564,21,39,8315,2.91,8610,8020,8090,8570),(1565,21,40,8630,3.79,8860,8400,8600,8770),(1566,21,41,8940,3.59,9400,8480,8720,9300),(1567,21,42,13750,53.8,18310,9190,9290,15260),(1568,21,43,17740,29.02,20500,14980,15080,18210),(1569,21,44,16555,-6.68,20000,13110,17900,15150),(1570,21,45,18235,10.15,20650,15820,16400,18170),(1571,21,46,19420,6.5,22400,16440,18880,20500),(1572,21,47,20755,6.87,22600,18910,21600,19100),(1573,21,48,19695,-5.11,22250,17140,18920,18640),(1574,21,49,18925,-3.91,19960,17890,18870,18030),(1575,21,50,18280,-3.41,19060,17500,18150,17780),(1576,22,-25,55950,0,57100,54800,54900,55700),(1577,22,-24,59450,6.26,63000,55900,56100,62200),(1578,22,-23,61350,3.2,63400,59300,62000,60300),(1579,22,-22,58400,-4.81,60700,56100,60600,59500),(1580,22,-21,60050,2.83,61000,59100,60600,60900),(1581,22,-20,63200,5.25,66400,60000,61300,65800),(1582,22,-19,64500,2.06,65900,63100,64700,63700),(1583,22,-18,60950,-5.5,63600,58300,62200,58900),(1584,22,-17,58100,-4.68,59700,56500,59400,57500),(1585,22,-16,54700,-5.85,56300,53100,56000,55000),(1586,22,-15,57000,4.2,59500,54500,54800,57500),(1587,22,-14,59250,3.95,61500,57000,57100,60900),(1588,22,-13,60600,2.28,61700,59500,60000,60800),(1589,22,-12,59250,-2.23,61400,57100,60600,58200),(1590,22,-11,59650,0.68,60800,58500,58700,59400),(1591,22,-10,60200,0.92,61900,58500,58800,61900),(1592,22,-9,59700,-0.83,61700,57700,60900,58500),(1593,22,-8,58850,-1.42,60300,57400,58000,59600),(1594,22,-7,58000,-1.44,59500,56500,58800,58300),(1595,22,-6,57500,-0.86,59000,56000,58300,57800),(1596,22,-5,58450,1.65,60000,56900,57800,59800),(1597,22,-4,59950,2.57,61900,58000,60000,58200),(1598,22,-3,56700,-5.42,58200,55200,57900,55400),(1599,22,-2,53150,-6.26,55000,51300,54000,52100),(1600,22,-1,50150,-5.64,52800,47500,52600,49000),(1601,22,1,48650,-2.99,49600,47700,49200,48200),(1602,22,2,46725,-3.96,48400,45050,47950,47000),(1603,22,3,45250,-3.16,47200,43300,46700,44050),(1604,22,4,46950,3.76,49100,44800,45050,47750),(1605,22,5,47700,1.6,48500,46900,47550,48450),(1606,22,6,49075,2.88,50900,47250,48350,50400),(1607,22,7,51525,4.99,53400,49650,50400,52200),(1608,22,8,51400,-0.24,52700,50100,52400,50800),(1609,22,9,49950,-2.82,51100,48800,50000,50100),(1610,22,10,48450,-3,49850,47050,49350,47150),(1611,22,11,47550,-1.86,48700,46400,47750,48200),(1612,22,12,49450,4,50300,48600,49000,50100),(1613,22,13,49300,-0.3,50300,48300,50200,49400),(1614,22,14,46050,-6.59,49000,43100,48400,43700),(1615,22,15,45425,-1.36,46800,44050,44500,45900),(1616,22,16,45500,0.17,47100,43900,45750,46750),(1617,22,17,46775,2.8,48150,45400,46000,46000),(1618,22,18,46275,-1.07,47900,44650,46450,47800),(1619,22,19,47500,2.65,48600,46400,48050,47100),(1620,22,20,48450,2,50100,46800,47300,49400),(1621,22,21,49125,1.39,50100,48150,49400,49000),(1622,22,22,50275,2.34,51300,49250,49450,50400),(1623,22,23,51300,2.04,53500,49100,49750,52400),(1624,22,24,51550,0.49,52900,50200,52500,52600),(1625,22,25,52200,1.26,53800,50600,52500,51900),(1626,22,26,52200,0,53200,51200,51300,51600),(1627,22,27,50200,-3.83,51900,48500,51500,48500),(1628,22,28,52400,4.38,57500,47300,47750,56700),(1629,22,29,56850,8.49,57900,55800,57300,57400),(1630,22,30,58700,3.25,60700,56700,57300,57000),(1631,22,31,58250,-0.77,59500,57000,57000,57700),(1632,22,32,57100,-1.97,58700,55500,57300,56900),(1633,22,33,55600,-2.63,57200,54000,56400,55700),(1634,22,34,52700,-5.22,56200,49200,55400,50000),(1635,22,35,50350,-4.46,51400,49300,50200,50700),(1636,22,36,50900,1.09,52000,49800,50400,50000),(1637,22,37,50425,-0.93,51500,49350,50600,49700),(1638,22,38,49275,-2.28,50600,47950,49600,48450),(1639,22,39,48325,-1.93,49650,47000,48350,47050),(1640,22,40,47400,-1.91,48450,46350,46650,47650),(1641,22,41,47375,-0.05,48300,46450,47750,47000),(1642,22,42,47825,0.95,49200,46450,46550,48650),(1643,22,43,49100,2.67,50500,47700,49000,50100),(1644,22,44,49200,0.2,50300,48100,49800,49500),(1645,22,45,48775,-0.86,49650,47900,48850,48700),(1646,22,46,48850,0.15,49650,48050,48750,48600),(1647,22,47,49100,0.51,49800,48400,49100,49500),(1648,22,48,48875,-0.46,49950,47800,49450,47950),(1649,22,49,47700,-2.4,48600,46800,48250,47450),(1650,22,50,48725,2.15,49450,48000,48000,49450),(1651,23,-25,850,0,865,835,846,854),(1652,23,-24,846,-0.47,858,834,855,842),(1653,23,-23,827,-2.25,841,813,840,826),(1654,23,-22,806,-2.6,832,779,826,808),(1655,23,-21,814,1.06,822,806,817,817),(1656,23,-20,820,0.74,828,812,825,825),(1657,23,-19,810,-1.28,822,797,815,815),(1658,23,-18,810,0,819,800,807,811),(1659,23,-17,813,0.43,820,806,806,817),(1660,23,-16,807,-0.74,816,798,816,814),(1661,23,-15,829,2.73,838,820,830,836),(1662,23,-14,837,0.97,852,822,847,840),(1663,23,-13,842,0.6,850,834,840,848),(1664,23,-12,871,3.38,899,842,848,882),(1665,23,-11,880,1.03,894,865,873,885),(1666,23,-10,881,0.11,893,868,893,876),(1667,23,-9,882,0.11,894,869,877,889),(1668,23,-8,885,0.4,891,879,888,879),(1669,23,-7,858,-3.11,885,830,885,852),(1670,23,-6,882,2.86,911,853,853,887),(1671,23,-5,869,-1.53,887,850,885,874),(1672,23,-4,867,-0.23,883,850,875,862),(1673,23,-3,859,-0.87,872,846,862,853),(1674,23,-2,824,-4.07,855,793,855,805),(1675,23,-1,766,-7.04,810,722,806,774),(1676,23,1,780,1.76,790,769,770,776),(1677,23,2,776,-0.45,791,761,777,779),(1678,23,3,774,-0.26,788,760,783,779),(1679,23,4,789,1.87,798,779,780,793),(1680,23,5,803,1.78,815,790,791,810),(1681,23,6,806,0.44,814,798,810,807),(1682,23,7,813,0.87,827,799,810,822),(1683,23,8,820,0.8,829,810,822,816),(1684,23,9,801,-2.26,815,787,813,809),(1685,23,10,798,-0.44,811,784,791,801),(1686,23,11,793,-0.56,802,784,802,795),(1687,23,12,800,0.88,809,791,809,798),(1688,23,13,790,-1.25,802,778,798,779),(1689,23,14,811,2.59,917,704,779,732),(1690,23,15,741,-8.64,759,722,727,739),(1691,23,16,729,-1.62,749,708,739,727),(1692,23,17,734,0.69,752,715,724,720),(1693,23,18,727,-0.95,739,714,720,720),(1694,23,19,726,-0.14,733,718,723,723),(1695,23,20,730,0.62,740,720,721,731),(1696,23,21,741,1.51,753,729,729,738),(1697,23,22,741,0,754,728,741,748),(1698,23,23,759,2.43,777,741,748,769),(1699,23,24,765,0.72,773,756,770,771),(1700,23,25,779,1.83,789,768,771,781),(1701,23,26,789,1.28,815,762,781,771),(1702,23,27,764,-3.17,784,743,770,746),(1703,23,28,729,-4.52,746,712,745,733),(1704,23,29,768,5.28,807,728,750,735),(1705,23,30,733,-4.56,743,722,743,730),(1706,23,31,737,0.55,744,729,731,744),(1707,23,32,743,0.88,752,734,746,750),(1708,23,33,757,1.88,768,746,749,759),(1709,23,34,749,-1.06,765,733,760,735),(1710,23,35,731,-2.4,742,720,735,732),(1711,23,36,732,0.14,740,724,732,732),(1712,23,37,726,-0.82,734,718,732,718),(1713,23,38,714,-1.72,730,697,715,703),(1714,23,39,703,-1.54,716,689,703,705),(1715,23,40,702,-0.07,715,689,705,699),(1716,23,41,695,-1,701,689,693,698),(1717,23,42,686,-1.29,698,674,698,691),(1718,23,43,686,-0.07,721,650,691,683),(1719,23,44,692,0.88,718,665,698,680),(1720,23,45,687,-0.72,695,678,680,691),(1721,23,46,684,-0.36,693,675,689,678),(1722,23,47,674,-1.46,683,665,679,683),(1723,23,48,682,1.19,689,675,686,675),(1724,23,49,688,0.88,701,675,676,693),(1725,23,50,702,1.96,714,689,694,699),(1726,24,-25,57200,0,59800,54600,59000,55000),(1727,24,-24,50275,-12.11,54400,46150,54200,46300),(1728,24,-23,43350,-13.77,46350,40350,45800,43800),(1729,24,-22,41625,-3.98,43700,39550,43550,41000),(1730,24,-21,41700,0.18,42350,41050,41850,42100),(1731,24,-20,43425,4.14,45300,41550,41650,42150),(1732,24,-19,45650,5.12,50300,41000,41500,49350),(1733,24,-18,47900,4.93,49500,46300,48350,47750),(1734,24,-17,48900,2.09,50300,47500,47850,48700),(1735,24,-16,48025,-1.79,49950,46100,48200,48900),(1736,24,-15,51250,6.72,53600,48900,48950,52800),(1737,24,-14,51450,0.39,53000,49900,52800,51000),(1738,24,-13,50400,-2.04,52000,48800,51000,50900),(1739,24,-12,48225,-4.32,51100,45350,51000,46100),(1740,24,-11,46000,-4.61,47100,44900,45850,46200),(1741,24,-10,44850,-2.5,46200,43500,45800,43600),(1742,24,-9,42750,-4.68,43800,41700,42600,42350),(1743,24,-8,41100,-3.86,42250,39950,42200,40100),(1744,24,-7,39125,-4.81,41150,37100,39850,38450),(1745,24,-6,39150,0.06,40300,38000,38500,39950),(1746,24,-5,40400,3.19,41400,39400,40200,41250),(1747,24,-4,40775,0.93,41750,39800,41500,41150),(1748,24,-3,40700,-0.18,42300,39100,41100,39150),(1749,24,-2,36475,-10.38,38350,34600,38300,36150),(1750,24,-1,34700,-4.87,36450,32950,36300,34800),(1751,24,1,31875,-8.14,35150,28600,35000,28950),(1752,24,2,30375,-4.71,32000,28750,29050,31300),(1753,24,3,30700,1.07,31650,29750,31350,29900),(1754,24,4,30825,0.41,31550,30100,30350,30900),(1755,24,5,30725,-0.32,31650,29800,30700,30900),(1756,24,6,31850,3.66,33400,30300,31000,32300),(1757,24,7,32500,2.04,33500,31500,32200,32950),(1758,24,8,30225,-7,33300,27150,33300,28650),(1759,24,9,28150,-6.87,28800,27500,28650,28100),(1760,24,10,26575,-5.6,27450,25700,27200,25850),(1761,24,11,25450,-4.23,26100,24800,25600,25000),(1762,24,12,25875,1.67,26950,24800,25500,25250),(1763,24,13,24500,-5.31,25700,23300,25250,23450),(1764,24,14,21300,-13.06,22950,19650,22850,20050),(1765,24,15,19975,-6.22,21600,18350,20400,18350),(1766,24,16,17525,-12.27,18550,16500,18100,17500),(1767,24,17,17075,-2.57,18200,15950,16550,16750),(1768,24,18,16625,-2.64,17450,15800,17200,15850),(1769,24,19,18950,13.98,21800,16100,16150,20950),(1770,24,20,24850,31.13,29400,20300,21150,27600),(1771,24,21,28600,15.09,30250,26950,28050,27700),(1772,24,22,26600,-6.99,28350,24850,27400,26400),(1773,24,23,26275,-1.22,28150,24400,26400,26250),(1774,24,24,27325,4,28150,26500,26550,28100),(1775,24,25,27300,-0.09,29500,25100,28000,26000),(1776,24,26,25925,-5.04,26800,25050,25600,25100),(1777,24,27,24900,-3.95,25850,23950,25300,24300),(1778,24,28,25325,1.71,27500,23150,24450,27200),(1779,24,29,28000,10.56,28850,27150,28050,28150),(1780,24,30,28275,0.98,29700,26850,28350,27800),(1781,24,31,28450,0.62,29100,27800,28300,28900),(1782,24,32,28225,-0.79,29400,27050,29050,28850),(1783,24,33,28350,0.44,30150,26550,28850,26650),(1784,24,34,25350,-10.58,26600,24100,26600,25300),(1785,24,35,25625,1.08,26350,24900,25300,25250),(1786,24,36,25850,0.88,26800,24900,25050,26300),(1787,24,37,25150,-2.71,26800,23500,26500,23950),(1788,24,38,24300,-3.38,25100,23500,23700,24700),(1789,24,39,24900,2.47,25450,24350,24600,24800),(1790,24,40,24150,-3.01,24800,23500,24800,24150),(1791,24,41,23775,-1.55,24450,23100,24150,23600),(1792,24,42,23100,-2.84,24200,22000,23500,23750),(1793,24,43,23500,1.73,24000,23000,23600,23250),(1794,24,44,22400,-4.68,23200,21600,23200,22000),(1795,24,45,23575,5.25,25150,22000,22000,23550),(1796,24,46,24575,4.24,25350,23800,23850,24450),(1797,24,47,24750,0.71,25400,24100,24300,25200),(1798,24,48,25500,3.03,26300,24700,25300,25000),(1799,24,49,25700,0.78,26600,24800,25500,26550),(1800,24,50,26450,2.92,27200,25700,26800,25850),(1801,49,-25,11468,0,11885,11051,11880,11282),(1802,49,-24,11113,-3.1,11414,10811,11230,11163),(1803,49,-23,11063,-0.45,11315,10811,11191,10891),(1804,49,-22,9823,-11.21,10794,8852,10680,9335),(1805,49,-21,9636,-1.9,9805,9467,9632,9806),(1806,49,-20,9718,0.85,9967,9468,9824,9479),(1807,49,-19,9454,-2.72,9800,9107,9273,9661),(1808,49,-18,9671,2.3,9993,9349,9501,9994),(1809,49,-17,10388,7.41,10784,9991,10021,10702),(1810,49,-16,10437,0.48,10675,10199,10626,10361),(1811,49,-15,10073,-3.49,10401,9745,10285,10401),(1812,49,-14,10541,4.64,10725,10356,10479,10573),(1813,49,-13,10697,1.48,10925,10468,10572,10806),(1814,49,-12,10862,1.55,11052,10672,10746,10999),(1815,49,-11,10831,-0.29,11057,10605,10998,10826),(1816,49,-10,10824,-0.06,10983,10665,10738,10846),(1817,49,-9,10416,-3.77,10675,10156,10646,10584),(1818,49,-8,10563,1.42,10762,10364,10404,10540),(1819,49,-7,10091,-4.47,10464,9718,10449,10003),(1820,49,-6,10382,2.88,10741,10023,10121,10713),(1821,49,-5,10537,1.49,10807,10266,10797,10589),(1822,49,-4,10866,3.13,11105,10627,10697,10993),(1823,49,-3,10872,0.06,11036,10708,11036,10828),(1824,49,-2,10398,-4.36,10693,10102,10578,10401),(1825,49,-1,10115,-2.72,10619,9610,10559,10018),(1826,49,1,10413,2.95,10822,10003,10220,10083),(1827,49,2,9755,-6.31,10160,9350,10160,9659),(1828,49,3,9341,-4.25,9659,9022,9659,9227),(1829,49,4,9474,1.43,9832,9116,9270,9699),(1830,49,5,10306,8.78,10972,9639,9643,10913),(1831,49,6,11208,8.75,11474,10941,10971,11415),(1832,49,7,11662,4.06,11944,11380,11464,11858),(1833,49,8,11924,2.24,12105,11742,11931,11763),(1834,49,9,11883,-0.34,12259,11507,11532,12046),(1835,49,10,11762,-1.02,12069,11454,11577,11529),(1836,49,11,11601,-1.36,11917,11285,11478,11853),(1837,49,12,11874,2.35,12254,11493,12021,11843),(1838,49,13,11509,-3.07,11882,11135,11822,11166),(1839,49,14,10482,-8.92,11006,9957,10936,10117),(1840,49,15,10559,0.74,10887,10231,10270,10664),(1841,49,16,10338,-2.1,10519,10156,10420,10465),(1842,49,17,10767,4.15,11239,10295,10330,10798),(1843,49,18,10914,1.36,11204,10623,11007,11056),(1844,49,19,11235,2.95,11543,10927,11169,11400),(1845,49,20,11538,2.69,12059,11016,11399,11936),(1846,49,21,12051,4.45,12259,11842,12069,11941),(1847,49,22,11914,-1.14,12189,11638,11956,12165),(1848,49,23,11949,0.29,12179,11718,12165,11738),(1849,49,24,11323,-5.24,11787,10858,11787,10903),(1850,49,25,11093,-2.03,11369,10816,10871,11126),(1851,49,26,10770,-2.91,11090,10450,11085,10480),(1852,49,27,10452,-2.96,10728,10175,10480,10246),(1853,49,28,10048,-3.87,10433,9662,10339,9868),(1854,49,29,10429,3.79,10911,9946,9966,10684),(1855,49,30,10554,1.2,10792,10315,10792,10430),(1856,49,31,10689,1.28,10947,10430,10440,10843),(1857,49,32,10879,1.78,11114,10643,10876,11051),(1858,49,33,11275,3.64,11573,10976,10976,11440),(1859,49,34,11620,3.06,11856,11384,11404,11683),(1860,49,35,11511,-0.94,11767,11254,11666,11559),(1861,49,36,11869,3.11,12340,11398,11512,12340),(1862,49,37,12498,5.3,12880,12115,12532,12270),(1863,49,38,12299,-1.59,12677,11921,12130,12185),(1864,49,39,12416,0.95,12924,11907,11926,12648),(1865,49,40,13037,5,13481,12592,12698,13388),(1866,49,41,13491,3.48,13736,13245,13541,13732),(1867,49,42,14047,4.12,14586,13507,13789,14458),(1868,49,43,14606,3.98,15003,14209,14481,14557),(1869,49,44,14171,-2.98,14764,13577,14556,13767),(1870,49,45,13762,-2.89,14050,13473,13776,13593),(1871,49,46,13478,-2.06,13752,13204,13657,13239),(1872,49,47,13261,-1.61,13392,13129,13238,13194),(1873,49,48,13422,1.22,13651,13193,13223,13289),(1874,49,49,13517,0.71,13851,13183,13248,13817),(1875,49,50,14103,4.34,14365,13841,13841,14250),(1876,50,-25,18102,0,18458,17746,17964,18459),(1877,50,-24,18400,1.64,18951,17848,18415,18411),(1878,50,-23,18043,-1.94,18544,17542,18399,17694),(1879,50,-22,16394,-9.14,17567,15221,17534,15851),(1880,50,-21,16334,-0.37,16547,16121,16222,16548),(1881,50,-20,16302,-0.2,16632,15971,16632,16180),(1882,50,-19,15934,-2.25,16367,15501,15951,16122),(1883,50,-18,15639,-1.85,16047,15230,15834,15662),(1884,50,-17,15939,1.92,16339,15539,15622,15938),(1885,50,-16,15429,-3.2,15840,15017,15830,15111),(1886,50,-15,15014,-2.69,15483,14545,15085,15484),(1887,50,-14,15840,5.5,16140,15540,15555,15972),(1888,50,-13,16140,1.89,16469,15811,15961,16286),(1889,50,-12,16240,0.62,16596,15884,16237,16190),(1890,50,-11,16003,-1.46,16316,15690,16050,15958),(1891,50,-10,16058,0.34,16262,15854,15898,16005),(1892,50,-9,15699,-2.24,16105,15293,15685,15950),(1893,50,-8,15966,1.7,16194,15737,15737,16092),(1894,50,-7,15625,-2.13,16018,15232,15998,15734),(1895,50,-6,16040,2.65,16444,15635,15840,16445),(1896,50,-5,16305,1.66,16671,15939,16474,16539),(1897,50,-4,16985,4.17,17348,16622,16715,17315),(1898,50,-3,17304,1.88,17491,17117,17367,17442),(1899,50,-2,16526,-4.5,17146,15905,17038,16450),(1900,50,-1,15708,-4.95,16508,14908,16469,15277),(1901,50,1,15111,-3.8,15796,14426,15334,14516),(1902,50,2,14347,-5.06,14732,13961,14525,14354),(1903,50,3,13929,-2.91,14354,13504,14354,13745),(1904,50,4,14183,1.82,14671,13695,13872,14427),(1905,50,5,14795,4.32,15295,14295,14348,15242),(1906,50,6,15365,3.85,15620,15109,15374,15572),(1907,50,7,15823,2.98,16163,15482,15561,16160),(1908,50,8,16234,2.6,16498,15969,16238,15969),(1909,50,9,15981,-1.56,16239,15722,15840,16048),(1910,50,10,15564,-2.61,15885,15242,15574,15307),(1911,50,11,15455,-0.7,15667,15242,15307,15664),(1912,50,12,15635,1.16,15974,15295,15905,15340),(1913,50,13,14866,-4.92,15374,14357,15334,14447),(1914,50,14,13507,-9.14,14107,12906,14107,12965),(1915,50,15,13582,0.56,13960,13203,13218,13853),(1916,50,16,13686,0.77,13941,13430,13548,13814),(1917,50,17,14021,2.45,14534,13508,13518,13858),(1918,50,18,14039,0.13,14505,13573,14078,14305),(1919,50,19,14746,5.03,15246,14245,14536,15027),(1920,50,20,15461,4.85,15865,15056,15104,15783),(1921,50,21,15711,1.62,16041,15380,15864,15395),(1922,50,22,15478,-1.48,15856,15100,15370,15729),(1923,50,23,15723,1.58,16042,15403,15687,15424),(1924,50,24,15026,-4.43,15477,14575,15422,14619),(1925,50,25,14731,-1.97,14995,14466,14520,14683),(1926,50,26,14402,-2.23,14627,14177,14612,14202),(1927,50,27,14164,-1.65,14480,13848,14205,13883),(1928,50,28,13759,-2.86,14117,13401,13882,13785),(1929,50,29,14353,4.32,14853,13853,13853,14776),(1930,50,30,14652,2.08,14873,14431,14868,14673),(1931,50,31,15152,3.41,15512,14791,14791,15400),(1932,50,32,15368,1.43,15658,15078,15335,15429),(1933,50,33,15552,1.2,15876,15228,15228,15621),(1934,50,34,15748,1.26,16096,15399,15620,15846),(1935,50,35,15887,0.89,16184,15590,15846,15659),(1936,50,36,15933,0.29,16434,15432,15516,16435),(1937,50,37,16437,3.16,16954,15919,16626,16136),(1938,50,38,16403,-0.2,16763,16043,16043,16146),(1939,50,39,16374,-0.18,16853,15895,15948,16440),(1940,50,40,17007,3.87,17623,16391,16455,17540),(1941,50,41,17645,3.75,17922,17367,17634,17923),(1942,50,42,18877,6.99,19743,18011,18060,18664),(1943,50,43,18291,-3.11,18900,17681,18540,18006),(1944,50,44,17911,-2.08,18464,17357,17892,17988),(1945,50,45,17983,0.4,18430,17536,18112,17815),(1946,50,46,17452,-2.96,18107,16796,17928,16846),(1947,50,47,16913,-3.09,17337,16488,16756,16970),(1948,50,48,17310,2.35,17725,16895,16895,17144),(1949,50,49,17421,0.64,17719,17123,17193,17715),(1950,50,50,18236,4.68,18728,17744,17749,18624),(1951,51,-25,18118,0,18501,17734,17901,18501),(1952,51,-24,18452,1.85,18965,17939,18534,18467),(1953,51,-23,18011,-2.39,18469,17552,18445,17723),(1954,51,-22,16518,-8.29,17610,15425,17610,16060),(1955,51,-21,16523,0.03,16694,16351,16409,16674),(1956,51,-20,16446,-0.47,16763,16128,16725,16355),(1957,51,-19,16133,-1.9,16544,15721,16205,16346),(1958,51,-18,15877,-1.59,16263,15490,16078,15855),(1959,51,-17,16135,1.63,16503,15767,15781,16092),(1960,51,-16,15617,-3.21,15933,15301,15923,15446),(1961,51,-15,15265,-2.26,15658,14871,15317,15659),(1962,51,-14,15975,4.65,16268,15681,15729,16065),(1963,51,-13,16237,1.64,16526,15948,16072,16419),(1964,51,-12,16365,0.79,16685,16045,16348,16351),(1965,51,-11,16182,-1.12,16448,15915,16362,16188),(1966,51,-10,16321,0.86,16556,16085,16158,16374),(1967,51,-9,16092,-1.4,16524,15659,16098,16360),(1968,51,-8,16296,1.27,16437,16154,16159,16346),(1969,51,-7,15868,-2.62,16294,15442,16294,15943),(1970,51,-6,16235,2.31,16581,15888,16077,16583),(1971,51,-5,16374,0.86,16722,16025,16581,16661),(1972,51,-4,17113,4.52,17517,16709,16802,17517),(1973,51,-3,17473,2.1,17662,17284,17542,17585),(1974,51,-2,16743,-4.18,17351,16134,17351,16632),(1975,51,-1,15960,-4.68,16683,15236,16683,15535),(1976,51,1,15385,-3.6,16009,14760,15572,14825),(1977,51,2,14607,-5.06,14993,14220,14955,14663),(1978,51,3,14291,-2.16,14744,13837,14744,14009),(1979,51,4,14465,1.22,14910,14020,14053,14698),(1980,51,5,15092,4.33,15619,14565,14637,15621),(1981,51,6,15620,3.5,15872,15368,15619,15748),(1982,51,7,16117,3.18,16502,15732,15747,16502),(1983,51,8,16547,2.67,16809,16285,16591,16312),(1984,51,9,16289,-1.56,16524,16053,16125,16434),(1985,51,10,15952,-2.07,16271,15633,15931,15694),(1986,51,11,15807,-0.91,15986,15628,15678,15987),(1987,51,12,15951,0.91,16316,15586,16179,15611),(1988,51,13,15199,-4.71,15678,14720,15639,14751),(1989,51,14,13865,-8.78,14458,13272,14453,13308),(1990,51,15,13884,0.14,14282,13486,13486,14197),(1991,51,16,14026,1.02,14268,13783,13991,14135),(1992,51,17,14242,1.54,14726,13757,13860,14087),(1993,51,18,14310,0.48,14804,13816,14269,14650),(1994,51,19,15094,5.48,15642,14546,14760,15435),(1995,51,20,15936,5.58,16357,15515,15584,16267),(1996,51,21,16121,1.16,16500,15741,16279,15756),(1997,51,22,15805,-1.96,16138,15472,15755,16067),(1998,51,23,16105,1.89,16416,15793,16065,15829),(1999,51,24,15377,-4.52,15831,14922,15831,14972),(2000,51,25,15116,-1.7,15364,14867,14982,15122),(2001,51,26,14827,-1.91,15059,14595,14962,14645),(2002,51,27,14590,-1.6,14891,14289,14644,14314),(2003,51,28,14113,-3.27,14487,13738,14312,14144),(2004,51,29,14712,4.24,15251,14172,14191,15161),(2005,51,30,15059,2.36,15256,14862,15068,15122),(2006,51,31,15531,3.13,15866,15195,15195,15824),(2007,51,32,15676,0.93,15949,15402,15872,15687),(2008,51,33,15652,-0.15,15817,15487,15526,15585),(2009,51,34,15406,-1.57,15715,15097,15487,15503),(2010,51,35,15407,0,15661,15152,15595,15152),(2011,51,36,15258,-0.96,15598,14918,15151,15595),(2012,51,37,15586,2.15,16075,15097,15831,15293),(2013,51,38,15098,-3.13,15412,14784,15155,14864),(2014,51,39,14900,-1.31,15073,14727,14862,14840),(2015,51,40,15499,4.02,16133,14864,15039,16028),(2016,51,41,16063,3.64,16372,15754,16289,16028),(2017,51,42,16564,3.12,16956,16172,16172,16612),(2018,51,43,16421,-0.87,16776,16065,16612,16213),(2019,51,44,15867,-3.37,16289,15445,16270,15554),(2020,51,45,15591,-1.74,15781,15400,15544,15549),(2021,51,46,15530,-0.39,15855,15204,15776,15249),(2022,51,47,15401,-0.83,15652,15149,15316,15481),(2023,51,48,15712,2.02,15943,15480,15480,15536),(2024,51,49,15591,-0.77,15864,15318,15544,15861),(2025,51,50,16171,3.72,16388,15954,16091,16285),(2026,52,-25,14401,0,14833,13968,14733,14288),(2027,52,-24,14014,-2.69,14186,13841,14186,14063),(2028,52,-23,13527,-3.47,13963,13091,13963,13242),(2029,52,-22,13266,-1.93,13682,12849,13518,13096),(2030,52,-21,13556,2.19,13648,13463,13463,13649),(2031,52,-20,13363,-1.42,13653,13072,13486,13213),(2032,52,-19,13103,-1.94,13207,12999,13207,13120),(2033,52,-18,12662,-3.37,13067,12256,12917,12861),(2034,52,-17,13035,2.95,13269,12800,12800,13147),(2035,52,-16,12931,-0.8,13238,12623,12931,13205),(2036,52,-15,13184,1.96,13447,12921,13216,13447),(2037,52,-14,13483,2.27,13750,13216,13216,13368),(2038,52,-13,14069,4.34,14716,13421,13575,13905),(2039,52,-12,13962,-0.76,14148,13776,13946,14091),(2040,52,-11,13849,-0.81,14075,13622,14038,13875),(2041,52,-10,14020,1.23,14411,13628,13855,14188),(2042,52,-9,13886,-0.95,14079,13693,14079,13837),(2043,52,-8,13157,-5.25,13411,12903,13357,12952),(2044,52,-7,12340,-6.21,12817,11863,12720,12108),(2045,52,-6,12258,-0.67,12524,11991,12482,12123),(2046,52,-5,12364,0.86,12592,12135,12356,12543),(2047,52,-4,12765,3.24,12981,12548,12738,12748),(2048,52,-3,12447,-2.49,12738,12155,12571,12210),(2049,52,-2,11452,-7.99,11802,11102,11792,11237),(2050,52,-1,11565,0.98,11916,11213,11213,11920),(2051,52,1,11850,2.46,12114,11585,11981,11639),(2052,52,2,12009,1.35,12121,11897,11979,11925),(2053,52,3,11793,-1.8,11967,11619,11910,11639),(2054,52,4,11942,1.26,12123,11760,11834,12028),(2055,52,5,12516,4.81,12920,12112,12127,12920),(2056,52,6,12652,1.08,12814,12489,12746,12562),(2057,52,7,12771,0.94,13041,12500,12555,12975),(2058,52,8,13049,2.18,13193,12905,12962,12911),(2059,52,9,12669,-2.91,12975,12363,12975,12680),(2060,52,10,12135,-4.22,12460,11809,12460,11980),(2061,52,11,12069,-0.54,12348,11789,11960,12353),(2062,52,12,12051,-0.15,12495,11606,12402,11610),(2063,52,13,11406,-5.35,11753,11059,11704,11095),(2064,52,14,10632,-6.79,10977,10286,10962,10374),(2065,52,15,10606,-0.24,10872,10340,10655,10345),(2066,52,16,10072,-5.04,10242,9901,10121,10245),(2067,52,17,10187,1.15,10463,9911,10003,9997),(2068,52,18,10328,1.38,10593,10062,10110,10422),(2069,52,19,10603,2.67,10795,10411,10786,10463),(2070,52,20,10942,3.19,11401,10482,10545,11401),(2071,52,21,11029,0.8,11195,10863,11195,10889),(2072,52,22,11083,0.49,11255,10910,11073,11191),(2073,52,23,11060,-0.21,11383,10736,11267,11242),(2074,52,24,11139,0.71,11342,10935,11342,11035),(2075,52,25,11230,0.82,11406,11054,11072,11128),(2076,52,26,10791,-3.91,11034,10548,11034,10737),(2077,52,27,10778,-0.13,10904,10651,10836,10663),(2078,52,28,10877,0.92,11074,10679,10779,10755),(2079,52,29,11238,3.32,11548,10927,11071,11544),(2080,52,30,11354,1.04,11488,11220,11475,11296),(2081,52,31,11464,0.97,11581,11347,11501,11582),(2082,52,32,11795,2.88,12072,11517,11701,12073),(2083,52,33,12046,2.13,12527,11564,12527,11624),(2084,52,34,11679,-3.05,11783,11574,11639,11577),(2085,52,35,11437,-2.07,11650,11223,11650,11288),(2086,52,36,10985,-3.95,11129,10840,11128,11058),(2087,52,37,11013,0.26,11283,10743,11237,10749),(2088,52,38,10617,-3.6,10713,10520,10534,10698),(2089,52,39,10303,-2.96,10585,10020,10516,10102),(2090,52,40,10441,1.34,10622,10259,10331,10618),(2091,52,41,10750,2.96,10839,10660,10788,10809),(2092,52,42,10812,0.58,10896,10727,10809,10804),(2093,52,43,10781,-0.28,10907,10655,10676,10794),(2094,52,44,10769,-0.12,10936,10601,10810,10795),(2095,52,45,10720,-0.45,10890,10550,10831,10642),(2096,52,46,10871,1.4,10976,10765,10832,10790),(2097,52,47,10628,-2.24,10778,10477,10778,10575),(2098,52,48,10479,-1.4,10716,10241,10562,10261),(2099,52,49,10480,0.01,10608,10352,10392,10539),(2100,52,50,10824,3.28,10981,10666,10666,10866),(2101,53,-25,11492,0,11681,11302,11681,11307),(2102,53,-24,11287,-1.78,11380,11193,11287,11206),(2103,53,-23,10648,-5.66,11216,10080,11195,10205),(2104,53,-22,10706,0.54,10954,10458,10477,10959),(2105,53,-21,10879,1.62,10996,10762,10844,10841),(2106,53,-20,10712,-1.54,10912,10512,10829,10916),(2107,53,-19,10646,-0.62,10786,10505,10698,10736),(2108,53,-18,10541,-0.98,10690,10392,10690,10512),(2109,53,-17,10634,0.88,10900,10368,10900,10643),(2110,53,-16,10668,0.32,10803,10532,10648,10722),(2111,53,-15,10658,-0.09,10873,10443,10721,10880),(2112,53,-14,10721,0.59,11140,10302,10916,11099),(2113,53,-13,11288,5.29,11489,11087,11130,11249),(2114,53,-12,11309,0.19,11481,11137,11433,11148),(2115,53,-11,11197,-0.99,11258,11136,11177,11192),(2116,53,-10,11153,-0.39,11272,11034,11160,11188),(2117,53,-9,11212,0.52,11329,11094,11232,11102),(2118,53,-8,11183,-0.25,11277,11089,11197,11236),(2119,53,-7,11094,-0.8,11266,10921,11266,11148),(2120,53,-6,11187,0.84,11235,11138,11235,11244),(2121,53,-5,11211,0.21,11283,11138,11232,11171),(2122,53,-4,11275,0.57,11340,11209,11214,11316),(2123,53,-3,11324,0.43,11425,11222,11222,11326),(2124,53,-2,10937,-3.42,11283,10590,11283,10868),(2125,53,-1,10770,-1.53,10865,10674,10838,10818),(2126,53,1,11004,2.18,11140,10868,10868,10947),(2127,53,2,11066,0.56,11108,11023,11058,11030),(2128,53,3,11078,0.11,11149,11007,11037,11066),(2129,53,4,11179,0.91,11306,11051,11051,11311),(2130,53,5,11322,1.28,11444,11199,11306,11451),(2131,53,6,11440,1.05,11510,11370,11501,11463),(2132,53,7,11427,-0.11,11504,11350,11456,11389),(2133,53,8,11477,0.43,11573,11380,11380,11527),(2134,53,9,11482,0.05,11585,11379,11585,11503),(2135,53,10,11499,0.15,11620,11378,11489,11499),(2136,53,11,11516,0.14,11620,11411,11411,11519),(2137,53,12,11565,0.43,11638,11491,11637,11602),(2138,53,13,11549,-0.13,11691,11407,11691,11547),(2139,53,14,11203,-3,11500,10905,11500,11095),(2140,53,15,11228,0.22,11342,11113,11328,11149),(2141,53,16,11029,-1.77,11203,10854,11203,10921),(2142,53,17,10793,-2.14,10946,10639,10946,10677),(2143,53,18,10879,0.8,11259,10499,10791,11231),(2144,53,19,11347,4.3,11511,11183,11332,11219),(2145,53,20,11241,-0.94,11387,11094,11274,11388),(2146,53,21,11284,0.39,11439,11129,11439,11247),(2147,53,22,11264,-0.18,11369,11158,11317,11319),(2148,53,23,11277,0.12,11405,11149,11318,11177),(2149,53,24,11193,-0.74,11303,11083,11235,11195),(2150,53,25,11251,0.51,11378,11123,11190,11380),(2151,53,26,11044,-1.84,11561,10526,11561,10828),(2152,53,27,10879,-1.49,11019,10738,10898,10895),(2153,53,28,10839,-0.37,11002,10675,10962,10731),(2154,53,29,10774,-0.6,10903,10644,10903,10685),(2155,53,30,10566,-1.93,10782,10350,10754,10499),(2156,53,31,10710,1.36,10830,10589,10830,10790),(2157,53,32,10688,-0.2,10850,10526,10835,10660),(2158,53,33,10723,0.32,10820,10625,10820,10681),(2159,53,34,10697,-0.24,10848,10546,10848,10651),(2160,53,35,10704,0.06,10781,10626,10756,10782),(2161,53,36,10722,0.17,10821,10623,10715,10763),(2162,53,37,10689,-0.31,10822,10556,10822,10748),(2163,53,38,10596,-0.87,10795,10396,10779,10414),(2164,53,39,10372,-2.11,10502,10242,10502,10371),(2165,53,40,10491,1.15,10645,10337,10471,10562),(2166,53,41,10784,2.79,10987,10581,10610,10701),(2167,53,42,10692,-0.86,10751,10632,10706,10723),(2168,53,43,10839,1.38,10973,10705,10761,10837),(2169,53,44,10977,1.27,11138,10816,10868,11138),(2170,53,45,11072,0.86,11193,10950,11193,11096),(2171,53,46,11094,0.2,11243,10944,11228,11054),(2172,53,47,11154,0.54,11272,11035,11123,11124),(2173,53,48,11036,-1.05,11164,10908,11120,11010),(2174,53,49,11140,0.94,11295,10985,11079,11097),(2175,53,50,11179,0.35,11383,10974,11363,11196),(2176,54,-25,5051,0,5083,5018,5083,5056),(2177,54,-24,5021,-0.59,5038,5003,5038,5018),(2178,54,-23,4973,-0.96,5010,4935,5010,4976),(2179,54,-22,4876,-1.94,4950,4802,4949,4871),(2180,54,-21,4924,0.98,4970,4878,4883,4973),(2181,54,-20,4978,1.1,5001,4955,4989,5001),(2182,54,-19,4990,0.24,5028,4952,4989,5028),(2183,54,-18,5015,0.49,5035,4994,5023,5040),(2184,54,-17,5063,0.96,5118,5007,5048,5118),(2185,54,-16,5118,1.09,5164,5071,5104,5164),(2186,54,-15,5122,0.09,5148,5096,5148,5139),(2187,54,-14,5143,0.41,5179,5107,5123,5181),(2188,54,-13,5202,1.14,5248,5155,5174,5251),(2189,54,-12,5255,1.03,5302,5208,5233,5310),(2190,54,-11,5372,2.23,5476,5268,5308,5482),(2191,54,-10,5412,0.74,5482,5342,5466,5482),(2192,54,-9,5473,1.13,5529,5417,5465,5524),(2193,54,-8,5414,-1.09,5516,5311,5515,5388),(2194,54,-7,5285,-2.37,5371,5199,5371,5331),(2195,54,-6,5309,0.45,5355,5263,5325,5326),(2196,54,-5,5366,1.07,5438,5294,5311,5429),(2197,54,-4,5421,1.02,5444,5397,5444,5433),(2198,54,-3,5420,-0.02,5449,5390,5424,5398),(2199,54,-2,5222,-3.64,5359,5085,5336,5131),(2200,54,-1,4834,-7.43,5157,4511,5139,4909),(2201,54,1,4864,0.62,4980,4748,4929,4788),(2202,54,2,4713,-3.1,4794,4632,4777,4736),(2203,54,3,4617,-2.05,4724,4509,4724,4533),(2204,54,4,4578,-0.84,4614,4541,4571,4615),(2205,54,5,4622,0.97,4699,4545,4595,4703),(2206,54,6,4734,2.41,4794,4673,4694,4763),(2207,54,7,4742,0.17,4766,4717,4751,4766),(2208,54,8,4777,0.75,4799,4755,4783,4802),(2209,54,9,4742,-0.74,4781,4702,4781,4771),(2210,54,10,4721,-0.43,4754,4688,4717,4729),(2211,54,11,4668,-1.12,4716,4620,4716,4696),(2212,54,12,4696,0.6,4738,4654,4686,4700),(2213,54,13,4619,-1.65,4692,4545,4683,4578),(2214,54,14,4446,-3.75,4535,4356,4531,4426),(2215,54,15,4410,-0.8,4475,4345,4448,4377),(2216,54,16,4165,-5.56,4345,3985,4340,4032),(2217,54,17,3833,-7.98,4014,3651,3991,3668),(2218,54,18,3822,-0.29,3993,3650,3744,3803),(2219,54,19,3789,-0.85,3853,3725,3811,3762),(2220,54,20,3860,1.86,3978,3741,3770,3981),(2221,54,21,3946,2.23,3981,3910,3981,3945),(2222,54,22,3947,0.04,4012,3882,3957,4017),(2223,54,23,4026,2,4092,3960,4007,4049),(2224,54,24,4083,1.4,4113,4052,4076,4097),(2225,54,25,4088,0.13,4147,4029,4084,4131),(2226,54,26,4107,0.46,4160,4054,4115,4162),(2227,54,27,4157,1.22,4192,4122,4165,4192),(2228,54,28,4215,1.4,4290,4140,4190,4290),(2229,54,29,4290,1.78,4320,4260,4289,4320),(2230,54,30,4395,2.44,4467,4322,4327,4471),(2231,54,31,4442,1.07,4496,4387,4472,4406),(2232,54,32,4363,-1.78,4422,4303,4379,4426),(2233,54,33,4377,0.32,4410,4343,4410,4379),(2234,54,34,4335,-0.95,4374,4296,4369,4303),(2235,54,35,4282,-1.22,4326,4238,4299,4299),(2236,54,36,4294,0.28,4319,4269,4304,4299),(2237,54,37,4266,-0.65,4320,4212,4313,4248),(2238,54,38,4096,-4,4247,3944,4247,4192),(2239,54,39,4157,1.5,4192,4122,4178,4158),(2240,54,40,4118,-0.95,4149,4086,4145,4149),(2241,54,41,4140,0.53,4175,4104,4153,4126),(2242,54,42,4121,-0.45,4168,4074,4120,4168),(2243,54,43,4142,0.5,4169,4114,4159,4145),(2244,54,44,4099,-1.04,4136,4061,4136,4122),(2245,54,45,4124,0.61,4146,4101,4117,4146),(2246,54,46,4196,1.75,4247,4144,4159,4247),(2247,54,47,4270,1.76,4317,4222,4247,4317),(2248,54,48,4331,1.43,4369,4292,4317,4350),(2249,54,49,4374,0.99,4411,4336,4346,4401),(2250,54,50,4417,0.98,4441,4392,4397,4441),(2251,55,-25,9785,0,10175,9395,10150,9535),(2252,55,-24,9315,-4.8,9550,9080,9405,9145),(2253,55,-23,8898,-4.48,9255,8540,9250,8570),(2254,55,-22,8248,-7.31,8490,8005,8465,8210),(2255,55,-21,8590,4.15,8680,8500,8595,8605),(2256,55,-20,8715,1.46,8940,8490,8605,8625),(2257,55,-19,8390,-3.73,8600,8180,8400,8300),(2258,55,-18,7865,-6.26,8140,7590,8060,8040),(2259,55,-17,8110,3.12,8285,7935,8040,8055),(2260,55,-16,7770,-4.19,7950,7590,7935,7860),(2261,55,-15,7813,0.55,8090,7535,7845,7970),(2262,55,-14,8335,6.69,8570,8100,8100,8540),(2263,55,-13,8595,3.12,8720,8470,8530,8515),(2264,55,-12,8390,-2.39,8645,8135,8480,8220),(2265,55,-11,7960,-5.13,8130,7790,8130,7830),(2266,55,-10,7785,-2.2,8030,7540,7830,7625),(2267,55,-9,7425,-4.62,7605,7245,7445,7560),(2268,55,-8,7330,-1.28,7460,7200,7390,7265),(2269,55,-7,6883,-6.11,7175,6590,7100,6740),(2270,55,-6,6773,-1.6,6960,6585,6960,6720),(2271,55,-5,6593,-2.66,6810,6375,6810,6715),(2272,55,-4,6928,5.08,7075,6780,6890,7075),(2273,55,-3,6958,0.43,7075,6840,7075,6895),(2274,55,-2,6530,-6.14,6880,6180,6765,6220),(2275,55,-1,6463,-1.03,6675,6250,6300,6665),(2276,55,1,6590,1.97,6850,6330,6760,6365),(2277,55,2,6570,-0.3,6785,6355,6385,6770),(2278,55,3,6613,0.65,6790,6435,6770,6610),(2279,55,4,6848,3.55,7050,6645,6660,7000),(2280,55,5,6893,0.66,7060,6725,6930,7050),(2281,55,6,7233,4.93,7380,7085,7095,7350),(2282,55,7,7293,0.83,7460,7125,7345,7405),(2283,55,8,7518,3.09,7600,7435,7435,7550),(2284,55,9,7350,-2.23,7465,7235,7410,7410),(2285,55,10,7013,-4.59,7160,6865,7070,6940),(2286,55,11,6963,-0.71,7075,6850,6940,7070),(2287,55,12,7145,2.62,7405,6885,7205,6925),(2288,55,13,6768,-5.28,6935,6600,6885,6670),(2289,55,14,6673,-1.4,6865,6480,6570,6670),(2290,55,15,6860,2.81,7020,6700,6745,6875),(2291,55,16,6515,-5.03,6700,6330,6700,6515),(2292,55,17,6500,-0.23,6695,6305,6490,6590),(2293,55,18,6630,2,6830,6430,6700,6530),(2294,55,19,6455,-2.64,6720,6190,6665,6235),(2295,55,20,6153,-4.69,6405,5900,6225,6265),(2296,55,21,6315,2.64,6440,6190,6380,6325),(2297,55,22,6400,1.35,6490,6310,6355,6415),(2298,55,23,6290,-1.72,6455,6125,6455,6350),(2299,55,24,6200,-1.43,6345,6055,6255,6165),(2300,55,25,6130,-1.13,6285,5975,6135,6010),(2301,55,26,5825,-4.98,6000,5650,6000,5675),(2302,55,27,5590,-4.03,5715,5465,5680,5485),(2303,55,28,5610,0.36,5730,5490,5490,5585),(2304,55,29,5728,2.09,5855,5600,5645,5840),(2305,55,30,5845,2.05,5950,5740,5880,5795),(2306,55,31,6055,3.59,6180,5930,5950,6150),(2307,55,32,6205,2.48,6435,5975,6180,6430),(2308,55,33,6483,4.47,6610,6355,6395,6460),(2309,55,34,6575,1.43,6820,6330,6455,6630),(2310,55,35,6468,-1.63,6575,6360,6575,6480),(2311,55,36,6430,-0.58,6515,6345,6480,6395),(2312,55,37,6530,1.56,6665,6395,6400,6485),(2313,55,38,6430,-1.53,6770,6090,6470,6750),(2314,55,39,6733,4.7,6845,6620,6775,6805),(2315,55,40,6790,0.85,6920,6660,6850,6860),(2316,55,41,6978,2.76,7085,6870,6935,6955),(2317,55,42,6935,-0.61,7035,6835,6920,6905),(2318,55,43,6943,0.11,7025,6860,6905,6960),(2319,55,44,6875,-0.97,6970,6780,6960,6915),(2320,55,45,6890,0.22,7010,6770,6950,6780),(2321,55,46,7030,2.03,7230,6830,6830,7210),(2322,55,47,7348,4.52,7585,7110,7200,7500),(2323,55,48,7545,2.69,7780,7310,7500,7720),(2324,55,49,7903,4.74,8055,7750,7800,7950),(2325,55,50,7848,-0.7,7995,7700,7995,7805),(2326,56,-25,36264,0,37252,35275,37159,35911),(2327,56,-24,35799,-1.28,36643,34954,35593,36224),(2328,56,-23,35533,-0.74,36190,34875,36142,35121),(2329,56,-22,33601,-5.44,35097,32104,34806,33302),(2330,56,-21,33663,0.18,34020,33305,33840,33835),(2331,56,-20,33441,-0.66,34134,32748,33641,33537),(2332,56,-19,33271,-0.51,34032,32510,33188,33566),(2333,56,-18,32849,-1.27,33560,32138,32940,32648),(2334,56,-17,32953,0.32,33536,32369,32515,32643),(2335,56,-16,31401,-4.71,31916,30885,31845,31294),(2336,56,-15,31662,0.83,32554,30770,31093,32415),(2337,56,-14,32394,2.31,32766,32021,32587,32362),(2338,56,-13,32578,0.57,33114,32042,32251,32552),(2339,56,-12,32241,-1.03,32890,31592,32420,32205),(2340,56,-11,32042,-0.62,32539,31544,32046,31952),(2341,56,-10,32142,0.31,32613,31670,31670,31898),(2342,56,-9,31214,-2.89,31805,30622,31406,31728),(2343,56,-8,31358,0.46,31845,30870,31270,31035),(2344,56,-7,30372,-3.14,31018,29725,30855,30691),(2345,56,-6,30849,1.57,31401,30297,30924,31203),(2346,56,-5,30626,-0.72,31476,29776,31320,30317),(2347,56,-4,30564,-0.2,30868,30259,30768,30504),(2348,56,-3,29831,-2.4,30354,29307,30354,29417),(2349,56,-2,28136,-5.68,28840,27431,28750,27886),(2350,56,-1,27074,-3.77,27963,26184,27963,26993),(2351,56,1,26705,-1.36,27697,25713,27395,25847),(2352,56,2,26525,-0.68,27538,25511,25962,26993),(2353,56,3,26905,1.43,27528,26282,27098,27529),(2354,56,4,27924,3.79,28440,27408,27699,28039),(2355,56,5,28198,0.98,28628,27767,27905,28119),(2356,56,6,28200,0.01,28592,27807,28053,28562),(2357,56,7,28218,0.06,28687,27748,28386,28670),(2358,56,8,28834,2.18,29167,28501,28913,28752),(2359,56,9,27934,-3.12,28332,27535,28332,28030),(2360,56,10,27594,-1.22,28085,27103,27173,27189),(2361,56,11,26820,-2.8,27250,26390,27157,26746),(2362,56,12,27491,2.5,28106,26875,27304,27038),(2363,56,13,26572,-3.34,27266,25878,27084,25993),(2364,56,14,24880,-6.37,25750,24010,25558,24376),(2365,56,15,25412,2.14,26063,24761,24761,25900),(2366,56,16,25719,1.21,26292,25146,25343,26201),(2367,56,17,26050,1.29,26727,25373,25928,26166),(2368,56,18,27110,4.07,27771,26449,26566,26948),(2369,56,19,27384,1.01,27848,26919,27291,27667),(2370,56,20,28807,5.2,29762,27852,27916,29721),(2371,56,21,29267,1.6,29921,28612,29763,28627),(2372,56,22,28231,-3.54,28690,27772,28690,28450),(2373,56,23,28598,1.3,29250,27946,28349,28169),(2374,56,24,27754,-2.95,28295,27212,28216,27459),(2375,56,25,27251,-1.81,27781,26721,27192,27032),(2376,56,26,26710,-1.99,27172,26247,26985,26347),(2377,56,27,25998,-2.67,26536,25459,26520,25460),(2378,56,28,26023,0.1,26974,25072,25586,26800),(2379,56,29,27694,6.42,28276,27112,27112,27987),(2380,56,30,27884,0.69,28191,27577,27985,28130),(2381,56,31,29177,4.64,29707,28646,28646,29523),(2382,56,32,29225,0.16,29832,28617,29525,29618),(2383,56,33,29544,1.09,30171,28917,29562,30003),(2384,56,34,29847,1.03,30378,29316,29891,29795),(2385,56,35,29619,-0.77,30059,29178,29661,29647),(2386,56,36,29310,-1.04,29596,29024,29084,29533),(2387,56,37,29748,1.49,30501,28995,29715,29248),(2388,56,38,29124,-2.1,29677,28570,29173,29504),(2389,56,39,29366,0.83,29827,28905,29478,29701),(2390,56,40,29813,1.52,30324,29301,29753,30267),(2391,56,41,30147,1.12,30593,29700,30434,30420),(2392,56,42,30820,2.23,31250,30390,30465,31001),(2393,56,43,30517,-0.98,30970,30063,30970,30188),(2394,56,44,29655,-2.82,30187,29122,30187,29782),(2395,56,45,29712,0.19,29978,29445,29782,29609),(2396,56,46,29623,-0.3,30003,29242,29821,29272),(2397,56,47,30021,1.34,30998,29043,29272,30966),(2398,56,48,31315,4.31,31886,30743,31128,31779),(2399,56,49,32514,3.83,32898,32130,32200,32776),(2400,56,50,32899,1.18,33420,32378,32788,33420),(2401,57,-25,13995,0,14365,13625,14325,13900),(2402,57,-24,13838,-1.13,14150,13525,13835,13915),(2403,57,-23,13735,-0.74,13990,13480,13920,13620),(2404,57,-22,12980,-5.5,13540,12420,13500,12875),(2405,57,-21,12988,0.06,13120,12855,13090,13050),(2406,57,-20,12938,-0.38,13200,12675,13000,13010),(2407,57,-19,12840,-0.75,13125,12555,12875,12960),(2408,57,-18,12685,-1.21,12930,12440,12790,12605),(2409,57,-17,12760,0.59,12975,12545,12545,12615),(2410,57,-16,12138,-4.88,12320,11955,12220,12090),(2411,57,-15,12223,0.7,12575,11870,12020,12505),(2412,57,-14,12515,2.39,12630,12400,12505,12510),(2413,57,-13,12605,0.72,12810,12400,12470,12620),(2414,57,-12,12440,-1.31,12660,12220,12525,12415),(2415,57,-11,12375,-0.52,12550,12200,12415,12380),(2416,57,-10,12403,0.22,12575,12230,12310,12340),(2417,57,-9,12040,-2.92,12240,11840,12155,12240),(2418,57,-8,12123,0.69,12300,11945,12155,11990),(2419,57,-7,11715,-3.36,11925,11505,11880,11825),(2420,57,-6,11920,1.75,12085,11755,11945,12000),(2421,57,-5,11820,-0.84,12120,11520,12085,11680),(2422,57,-4,11780,-0.34,11895,11665,11855,11770),(2423,57,-3,11485,-2.5,11620,11350,11620,11405),(2424,57,-2,10895,-5.14,11130,10660,11110,10715),(2425,57,-1,10408,-4.47,10715,10100,10715,10385),(2426,57,1,10310,-0.94,10680,9940,10485,9985),(2427,57,2,10198,-1.09,10535,9860,9860,10430),(2428,57,3,10390,1.89,10595,10185,10440,10595),(2429,57,4,10790,3.85,10960,10620,10695,10825),(2430,57,5,10863,0.67,11010,10715,10855,10795),(2431,57,6,10903,0.37,11030,10775,10795,11030),(2432,57,7,10910,0.07,11075,10745,10990,11040),(2433,57,8,11145,2.15,11275,11015,11155,11070),(2434,57,9,10795,-3.14,10935,10655,10910,10815),(2435,57,10,10635,-1.48,10805,10465,10530,10465),(2436,57,11,10353,-2.66,10475,10230,10465,10360),(2437,57,12,10603,2.41,10835,10370,10535,10470),(2438,57,13,10253,-3.3,10525,9980,10465,10005),(2439,57,14,9635,-6.02,9945,9325,9880,9415),(2440,57,15,9818,1.89,10070,9565,9565,10010),(2441,57,16,9945,1.3,10145,9745,9745,10090),(2442,57,17,10070,1.26,10335,9805,10095,10100),(2443,57,18,10480,4.07,10715,10245,10275,10430),(2444,57,19,10565,0.81,10725,10405,10500,10700),(2445,57,20,11138,5.42,11500,10775,10775,11500),(2446,57,21,11313,1.57,11540,11085,11500,11095),(2447,57,22,10888,-3.76,11040,10735,11010,11000),(2448,57,23,11048,1.47,11280,10815,10955,10900),(2449,57,24,10740,-2.78,10950,10530,10950,10615),(2450,57,25,10525,-2,10720,10330,10520,10390),(2451,57,26,10338,-1.78,10500,10175,10430,10200),(2452,57,27,10058,-2.71,10240,9875,10200,9875),(2453,57,28,10073,0.15,10420,9725,9995,10400),(2454,57,29,10750,6.73,10950,10550,10550,10840),(2455,57,30,10788,0.35,10915,10660,10895,10865),(2456,57,31,11275,4.52,11490,11060,11060,11450),(2457,57,32,11320,0.4,11550,11090,11550,11475),(2458,57,33,11458,1.21,11670,11245,11325,11555),(2459,57,34,11558,0.87,11755,11360,11525,11565),(2460,57,35,11460,-0.84,11605,11315,11480,11410),(2461,57,36,11358,-0.89,11480,11235,11300,11435),(2462,57,37,11523,1.45,11805,11240,11480,11340),(2463,57,38,11275,-2.15,11440,11110,11430,11420),(2464,57,39,11393,1.04,11560,11225,11315,11465),(2465,57,40,11548,1.36,11735,11360,11480,11705),(2466,57,41,11678,1.13,11830,11525,11735,11745),(2467,57,42,11933,2.18,12065,11800,11800,11990),(2468,57,43,11838,-0.8,12045,11630,12045,11705),(2469,57,44,11483,-3,11665,11300,11665,11495),(2470,57,45,11545,0.54,11675,11415,11675,11420),(2471,57,46,11493,-0.45,11670,11315,11650,11380),(2472,57,47,11630,1.2,12000,11260,11350,11990),(2473,57,48,12170,4.64,12370,11970,12045,12270),(2474,57,49,12610,3.62,12740,12480,12575,12680),(2475,57,50,12733,0.97,12890,12575,12715,12890),(2476,58,-25,38259,0,39611,36907,39380,37843),(2477,58,-24,37550,-1.85,38235,36864,37659,38183),(2478,58,-23,37345,-0.55,38642,36047,38333,36280),(2479,58,-22,35243,-5.63,36510,33975,35974,35696),(2480,58,-21,36108,2.46,36582,35634,36582,36064),(2481,58,-20,35319,-2.19,36056,34582,36056,35111),(2482,58,-19,34716,-1.71,35738,33693,34381,35307),(2483,58,-18,34404,-0.9,35045,33763,34697,34530),(2484,58,-17,34957,1.61,35807,34106,34367,35243),(2485,58,-16,34102,-2.45,34790,33413,34475,34113),(2486,58,-15,34208,0.31,35492,32923,33908,35440),(2487,58,-14,35925,5.02,36598,35251,35551,36132),(2488,58,-13,36354,1.2,37034,35674,36122,35749),(2489,58,-12,35358,-2.74,36216,34500,35522,35144),(2490,58,-11,34897,-1.3,35432,34362,34976,34845),(2491,58,-10,35613,2.05,36662,34564,34672,36084),(2492,58,-9,35127,-1.36,35664,34590,35473,35191),(2493,58,-8,34824,-0.86,35522,34125,34675,34230),(2494,58,-7,33701,-3.22,34723,32678,34052,34701),(2495,58,-6,34818,3.32,35506,34130,35215,34973),(2496,58,-5,34273,-1.57,35253,33292,35110,33621),(2497,58,-4,34143,-0.38,34427,33858,34145,33952),(2498,58,-3,33088,-3.09,33789,32386,33784,32526),(2499,58,-2,30362,-8.24,31652,29071,31602,29523),(2500,58,-1,28163,-7.24,29775,26551,29775,27503),(2501,58,1,27264,-3.19,28432,26095,27808,26185),(2502,58,2,26576,-2.52,27567,25584,26183,27131),(2503,58,3,26632,0.21,27456,25807,27129,26849),(2504,58,4,27641,3.79,28290,26992,27303,27810),(2505,58,5,28005,1.32,28528,27482,27482,28083),(2506,58,6,27781,-0.8,28230,27332,28230,27919),(2507,58,7,26943,-3.02,27696,26189,27691,27290),(2508,58,8,27707,2.84,28100,27314,27551,27568),(2509,58,9,27022,-2.47,27780,26264,27105,27315),(2510,58,10,26777,-0.91,27368,26185,26318,26235),(2511,58,11,25880,-3.35,26348,25411,26169,25432),(2512,58,12,25766,-0.44,26342,25189,25600,25333),(2513,58,13,24702,-4.13,25690,23713,25291,23768),(2514,58,14,22392,-9.35,23391,21393,23376,21964),(2515,58,15,23445,4.7,24401,22489,22568,24040),(2516,58,16,23572,0.54,24080,23063,23390,24080),(2517,58,17,23751,0.76,24466,23035,23657,23154),(2518,58,18,23681,-0.29,24520,22841,23602,22896),(2519,58,19,22896,-3.31,23379,22413,23225,22851),(2520,58,20,24277,6.03,25570,22983,22983,25482),(2521,58,21,25553,5.26,26139,24966,25550,25387),(2522,58,22,24838,-2.8,25337,24338,25277,24788),(2523,58,23,24662,-0.71,25244,24079,24580,24323),(2524,58,24,23933,-2.96,24564,23301,24271,23836),(2525,58,25,23500,-1.81,23974,23025,23627,23174),(2526,58,26,22996,-2.14,23459,22533,23044,22539),(2527,58,27,22419,-2.51,23008,21830,22538,21945),(2528,58,28,22343,-0.34,23533,21152,21943,23435),(2529,58,29,23970,7.28,24321,23618,23813,23985),(2530,58,30,23980,0.04,24391,23568,23985,24184),(2531,58,31,25059,4.5,25406,24712,24727,25244),(2532,58,32,25291,0.92,25857,24724,25213,25392),(2533,58,33,25566,1.09,26298,24833,25262,25952),(2534,58,34,26009,1.73,26585,25432,25818,26022),(2535,58,35,25815,-0.74,26332,25298,25996,25808),(2536,58,36,25548,-1.03,25872,25224,25467,25502),(2537,58,37,25288,-1.02,26035,24540,25724,24595),(2538,58,38,24425,-3.41,25475,23375,24595,25422),(2539,58,39,26159,7.1,27094,25224,25477,26977),(2540,58,40,28076,7.33,29518,26634,27124,28860),(2541,58,41,28367,1.03,29384,27349,29384,28672),(2542,58,42,28738,1.31,29210,28265,28845,28474),(2543,58,43,27914,-2.87,28408,27419,28408,27919),(2544,58,44,27186,-2.61,27840,26532,27830,27466),(2545,58,45,27580,1.45,27904,27256,27645,27426),(2546,58,46,27261,-1.16,27875,26647,27720,26942),(2547,58,47,27847,2.15,29382,26312,26796,29353),(2548,58,48,29667,6.53,30540,28793,29462,30116),(2549,58,49,30605,3.16,31264,29946,30800,30566),(2550,58,50,30706,0.33,31479,29932,30535,31479),(2551,59,-25,10082,0,10438,9726,10423,9951),(2552,59,-24,9851,-2.3,10002,9699,9879,9882),(2553,59,-23,9672,-1.81,9924,9420,9890,9510),(2554,59,-22,9133,-5.58,9509,8756,9402,9158),(2555,59,-21,9202,0.76,9314,9090,9314,9193),(2556,59,-20,9004,-2.16,9192,8815,9192,8909),(2557,59,-19,8830,-1.93,9049,8610,8790,8928),(2558,59,-18,8729,-1.14,8871,8586,8778,8758),(2559,59,-17,8795,0.76,8975,8615,8688,8801),(2560,59,-16,8539,-2.91,8712,8366,8642,8601),(2561,59,-15,8633,1.1,8930,8336,8537,8923),(2562,59,-14,9079,5.16,9246,8911,8955,9213),(2563,59,-13,9206,1.4,9358,9053,9211,9075),(2564,59,-12,9007,-2.16,9200,8813,9040,8958),(2565,59,-11,8869,-1.53,9000,8737,8916,8866),(2566,59,-10,9076,2.34,9313,8839,8839,9183),(2567,59,-9,8930,-1.61,9088,8771,9034,9033),(2568,59,-8,8958,0.32,9116,8800,8894,8831),(2569,59,-7,8665,-3.27,8929,8401,8780,8929),(2570,59,-6,9049,4.43,9233,8865,9042,9166),(2571,59,-5,9033,-0.18,9289,8776,9249,8885),(2572,59,-4,8948,-0.94,9031,8865,8998,8890),(2573,59,-3,8657,-3.25,8849,8465,8844,8476),(2574,59,-2,7976,-7.87,8259,7692,8254,7786),(2575,59,-1,7465,-6.41,7844,7085,7844,7372),(2576,59,1,7253,-2.83,7568,6938,7445,6983),(2577,59,2,7073,-2.49,7301,6844,6986,7214),(2578,59,3,7072,-0.01,7281,6863,7184,7106),(2579,59,4,7308,3.33,7460,7155,7198,7353),(2580,59,5,7416,1.48,7563,7269,7288,7431),(2581,59,6,7386,-0.4,7449,7323,7431,7422),(2582,59,7,7181,-2.78,7390,6972,7390,7278),(2583,59,8,7402,3.08,7513,7291,7306,7362),(2584,59,9,7211,-2.58,7381,7041,7253,7239),(2585,59,10,7097,-1.58,7237,6957,7001,6963),(2586,59,11,6863,-3.3,6976,6750,6976,6766),(2587,59,12,6935,1.04,7085,6784,6893,6835),(2588,59,13,6676,-3.73,6913,6439,6848,6460),(2589,59,14,6100,-8.64,6341,5858,6326,5997),(2590,59,15,6400,4.93,6641,6159,6159,6539),(2591,59,16,6397,-0.05,6532,6261,6350,6514),(2592,59,17,6447,0.79,6593,6301,6426,6381),(2593,59,18,6681,3.63,6862,6500,6529,6529),(2594,59,19,6620,-0.91,6755,6485,6601,6564),(2595,59,20,6945,4.91,7263,6627,6632,7259),(2596,59,21,7312,5.28,7499,7124,7291,7358),(2597,59,22,7233,-1.07,7366,7100,7342,7288),(2598,59,23,7261,0.38,7436,7085,7212,7185),(2599,59,24,7089,-2.37,7263,6914,7213,7066),(2600,59,25,6994,-1.34,7123,6864,6991,6904),(2601,59,26,6805,-2.7,6927,6683,6883,6683),(2602,59,27,6720,-1.25,6917,6523,6761,6539),(2603,59,28,6642,-1.17,6961,6322,6626,6938),(2604,59,29,7041,6.02,7139,6943,6943,7081),(2605,59,30,7063,0.31,7174,6952,7051,7081),(2606,59,31,7325,3.71,7480,7170,7180,7417),(2607,59,32,7445,1.64,7597,7293,7415,7510),(2608,59,33,7570,1.67,7752,7387,7510,7643),(2609,59,34,7736,2.19,7907,7564,7687,7742),(2610,59,35,7626,-1.42,7776,7475,7742,7495),(2611,59,36,7510,-1.52,7652,7367,7475,7589),(2612,59,37,7480,-0.4,7706,7253,7589,7288),(2613,59,38,7359,-1.62,7608,7109,7175,7589),(2614,59,39,7718,4.89,7966,7470,7592,7899),(2615,59,40,8339,8.05,8770,7908,8085,8658),(2616,59,41,8472,1.59,8715,8229,8667,8668),(2617,59,42,8638,1.95,8810,8465,8770,8501),(2618,59,43,8320,-3.68,8494,8145,8484,8284),(2619,59,44,8087,-2.8,8264,7909,8264,8118),(2620,59,45,8190,1.27,8337,8042,8202,8153),(2621,59,46,8072,-1.43,8296,7848,8167,7938),(2622,59,47,8165,1.15,8605,7724,7893,8581),(2623,59,48,8586,5.16,8795,8377,8585,8646),(2624,59,49,8841,2.96,9010,8671,8760,8906),(2625,59,50,8813,-0.32,8979,8646,8930,8955),(2626,60,-25,38945,0,40272,37617,40073,38669),(2627,60,-24,38292,-1.68,39009,37574,38388,39010),(2628,60,-23,38086,-0.54,39425,36747,39019,37081),(2629,60,-22,35951,-5.61,37208,34694,36587,36433),(2630,60,-21,36904,2.65,37412,36396,37138,36808),(2631,60,-20,36018,-2.4,36729,35306,36675,35919),(2632,60,-19,35467,-1.53,36475,34458,35068,36007),(2633,60,-18,35101,-1.03,35752,34449,35649,35215),(2634,60,-17,35675,1.64,36551,34799,35190,35944),(2635,60,-16,34816,-2.41,35495,34136,35368,34807),(2636,60,-15,34918,0.29,36256,33580,34468,36257),(2637,60,-14,36687,5.07,37342,36032,36451,37057),(2638,60,-13,37102,1.13,37793,36411,36938,36481),(2639,60,-12,36094,-2.72,36957,35230,36376,35886),(2640,60,-11,35572,-1.44,36116,35028,35800,35670),(2641,60,-10,36352,2.19,37386,35317,35326,36886),(2642,60,-9,35861,-1.35,36456,35265,36288,36003),(2643,60,-8,35521,-0.95,36224,34818,35381,34972),(2644,60,-7,34418,-3.11,35464,33371,34887,35465),(2645,60,-6,35545,3.27,36203,34886,35808,35717),(2646,60,-5,34990,-1.56,36005,33975,35715,34331),(2647,60,-4,34832,-0.45,35135,34528,34813,34697),(2648,60,-3,33871,-2.76,34694,33047,34694,33162),(2649,60,-2,31021,-8.41,32396,29645,32396,30124),(2650,60,-1,28626,-7.72,30156,27095,30122,28042),(2651,60,1,27821,-2.81,29001,26641,28312,26711),(2652,60,2,27146,-2.43,28159,26132,26870,27628),(2653,60,3,27155,0.03,27991,26319,27799,27311),(2654,60,4,28218,3.91,28865,27571,27809,28383),(2655,60,5,28567,1.24,29101,28032,28042,28629),(2656,60,6,28314,-0.88,28745,27883,28745,28466),(2657,60,7,27525,-2.79,28316,26734,28277,27810),(2658,60,8,28272,2.71,28681,27862,28065,28116),(2659,60,9,27575,-2.47,28341,26808,27685,27825),(2660,60,10,27288,-1.04,27941,26634,26830,26749),(2661,60,11,26363,-3.39,26860,25866,26860,25866),(2662,60,12,26627,1,27235,26019,26333,26133),(2663,60,13,25518,-4.17,26550,24485,26246,24495),(2664,60,14,23103,-9.46,24164,22042,24149,22655),(2665,60,15,24210,4.79,25208,23211,23211,24894),(2666,60,16,24345,0.56,24875,23814,24120,24875),(2667,60,17,24502,0.64,25253,23750,24498,23919),(2668,60,18,24455,-0.19,25312,23597,24465,23647),(2669,60,19,23638,-3.34,24152,23124,23911,23603),(2670,60,20,25053,5.99,26352,23754,23754,26280),(2671,60,21,26383,5.31,26980,25786,26426,26271),(2672,60,22,25668,-2.71,26215,25121,26215,25614),(2673,60,23,25451,-0.85,26042,24859,25396,25121),(2674,60,24,24718,-2.88,25395,24040,25153,24634),(2675,60,25,24300,-1.69,24810,23789,24419,23938),(2676,60,26,23726,-2.36,24211,23241,23876,23281),(2677,60,27,23184,-2.28,23813,22555,23280,22620),(2678,60,28,23073,-0.48,24300,21845,22856,24228),(2679,60,29,24785,7.42,25150,24419,24618,24732),(2680,60,30,24770,-0.06,25149,24391,24958,25013),(2681,60,31,25894,4.54,26239,25549,25549,26182),(2682,60,32,26124,0.89,26718,25530,26179,26266),(2683,60,33,26460,1.29,27163,25757,25992,26858),(2684,60,34,26918,1.73,27582,26254,26732,26981),(2685,60,35,26725,-0.72,27290,26160,26980,26809),(2686,60,36,26395,-1.23,26723,26067,26461,26384),(2687,60,37,26114,-1.07,26885,25342,26438,25502),(2688,60,38,25217,-3.44,26350,24083,25204,26350),(2689,60,39,27014,7.13,28015,26013,26368,27933),(2690,60,40,29012,7.39,30482,27541,28074,29936),(2691,60,41,29121,0.38,29959,28282,29949,29610),(2692,60,42,29688,1.95,30166,29210,29722,29458),(2693,60,43,28834,-2.88,29435,28232,29435,28939),(2694,60,44,28088,-2.59,28761,27414,28633,28615),(2695,60,45,28501,1.47,28816,28186,28743,28465),(2696,60,46,28151,-1.23,28772,27529,28707,27768),(2697,60,47,28787,2.26,30399,27175,27767,30301),(2698,60,48,30671,6.54,31559,29783,30295,31107),(2699,60,49,31629,3.12,32290,30967,31792,31699),(2700,60,50,31765,0.43,32593,30937,31678,32590),(2701,61,-25,10175,0,10720,9630,10500,9725),(2702,61,-24,9698,-4.69,9995,9400,9700,9675),(2703,61,-23,9638,-0.62,9890,9385,9685,9660),(2704,61,-22,9635,-0.03,9900,9370,9695,9615),(2705,61,-21,9658,0.23,9855,9460,9620,9730),(2706,61,-20,9580,-0.8,9855,9305,9730,9305),(2707,61,-19,9403,-1.85,9750,9055,9295,9540),(2708,61,-18,9740,3.59,10050,9430,9695,10020),(2709,61,-17,10098,3.67,10255,9940,10050,10200),(2710,61,-16,10360,2.6,10700,10020,10200,10530),(2711,61,-15,10168,-1.86,10640,9695,10640,10090),(2712,61,-14,9860,-3.02,10180,9540,10090,9590),(2713,61,-13,9568,-2.97,9825,9310,9310,9575),(2714,61,-12,9498,-0.73,9715,9280,9575,9490),(2715,61,-11,9188,-3.26,9490,8885,9335,8970),(2716,61,-10,8840,-3.78,9380,8300,8970,8410),(2717,61,-9,8045,-8.99,8465,7625,8450,8455),(2718,61,-8,8400,4.41,8680,8120,8330,8370),(2719,61,-7,8543,1.7,8910,8175,8515,8770),(2720,61,-6,8935,4.59,9475,8395,8915,9470),(2721,61,-5,9333,4.45,9580,9085,9525,9175),(2722,61,-4,9365,0.35,9695,9035,9070,9610),(2723,61,-3,9673,3.28,9920,9425,9730,9845),(2724,61,-2,9710,0.39,10000,9420,9550,9995),(2725,61,-1,10240,5.46,10490,9990,10080,10490),(2726,61,1,10530,2.83,10810,10250,10500,10640),(2727,61,2,10723,1.83,10995,10450,10675,10800),(2728,61,3,10830,1,11190,10470,10885,11040),(2729,61,4,10800,-0.28,11065,10535,11035,10670),(2730,61,5,10663,-1.27,10950,10375,10680,10795),(2731,61,6,10523,-1.31,10845,10200,10795,10370),(2732,61,7,10455,-0.64,10745,10165,10370,10565),(2733,61,8,10965,4.88,11200,10730,10755,11020),(2734,61,9,10845,-1.09,11215,10475,11045,10545),(2735,61,10,10370,-4.38,10770,9970,10580,10045),(2736,61,11,10423,0.51,10845,10000,10035,10720),(2737,61,12,10300,-1.18,10750,9850,10720,9910),(2738,61,13,9868,-4.2,10100,9635,9910,9800),(2739,61,14,9858,-0.1,10065,9650,9720,9745),(2740,61,15,9918,0.61,10120,9715,10120,9715),(2741,61,16,9800,-1.18,10300,9300,9550,10220),(2742,61,17,9915,1.17,10215,9615,10215,9735),(2743,61,18,9833,-0.83,10155,9510,9845,9565),(2744,61,19,9695,-1.4,10090,9300,9500,10040),(2745,61,20,9595,-1.03,10040,9150,10040,9245),(2746,61,21,9175,-4.38,9390,8960,9285,9105),(2747,61,22,9090,-0.93,9350,8830,9350,8875),(2748,61,23,8800,-3.19,9000,8600,8875,8925),(2749,61,24,8918,1.34,9130,8705,9070,8750),(2750,61,25,8608,-3.48,8820,8395,8750,8430),(2751,61,26,8200,-4.73,8640,7760,8490,7760),(2752,61,27,8000,-2.44,8380,7620,7765,8160),(2753,61,28,8490,6.12,8815,8165,8165,8790),(2754,61,29,8735,2.89,8855,8615,8855,8705),(2755,61,30,8773,0.43,8900,8645,8710,8805),(2756,61,31,9005,2.65,9200,8810,8810,9180),(2757,61,32,8888,-1.3,9205,8570,9195,8700),(2758,61,33,8798,-1.01,8985,8610,8910,8805),(2759,61,34,8778,-0.23,8950,8605,8805,8635),(2760,61,35,8755,-0.26,8975,8535,8765,8770),(2761,61,36,8778,0.26,8975,8580,8580,8690),(2762,61,37,8765,-0.14,8940,8590,8815,8715),(2763,61,38,8420,-3.94,8715,8125,8585,8150),(2764,61,39,8063,-4.25,8380,7745,8255,8175),(2765,61,40,8258,2.42,8375,8140,8200,8285),(2766,61,41,8298,0.48,8465,8130,8285,8320),(2767,61,42,8265,-0.39,8430,8100,8250,8165),(2768,61,43,8248,-0.21,8450,8045,8165,8070),(2769,61,44,7978,-3.27,8230,7725,8075,8020),(2770,61,45,7978,0,8145,7810,7810,7975),(2771,61,46,7865,-1.41,7980,7750,7940,7855),(2772,61,47,7985,1.53,8180,7790,7850,7805),(2773,61,48,7908,-0.97,8085,7730,7805,7860),(2774,61,49,7508,-5.06,7775,7240,7775,7365),(2775,61,50,7170,-4.5,7420,6920,7305,7065),(2776,62,-25,14693,0,15185,14200,15040,14295),(2777,62,-24,14183,-3.47,14485,13880,14485,14125),(2778,62,-23,14125,-0.41,14520,13730,14135,13775),(2779,62,-22,13568,-3.95,14000,13135,13775,13565),(2780,62,-21,13445,-0.9,13740,13150,13735,13410),(2781,62,-20,13118,-2.44,13615,12620,13450,12620),(2782,62,-19,12725,-2.99,13045,12405,12600,12900),(2783,62,-18,12890,1.3,13280,12500,12600,13235),(2784,62,-17,13088,1.53,13395,12780,13225,12815),(2785,62,-16,12450,-4.87,12810,12090,12810,12480),(2786,62,-15,12263,-1.51,12780,11745,12520,12540),(2787,62,-14,12513,2.04,12745,12280,12710,12390),(2788,62,-13,12303,-1.68,12535,12070,12170,12495),(2789,62,-12,12205,-0.79,12495,11915,12495,12035),(2790,62,-11,11675,-4.34,12035,11315,12035,11570),(2791,62,-10,11178,-4.26,11745,10610,11570,10635),(2792,62,-9,10333,-7.56,10765,9900,10610,10765),(2793,62,-8,10555,2.15,10785,10325,10720,10405),(2794,62,-7,10498,-0.54,11045,9950,10305,10835),(2795,62,-6,10770,2.6,10990,10550,10965,10980),(2796,62,-5,10690,-0.74,11110,10270,11000,10475),(2797,62,-4,10800,1.03,11180,10420,10600,11080),(2798,62,-3,11350,5.09,11600,11100,11100,11540),(2799,62,-2,11588,2.09,12060,11115,11540,12045),(2800,62,-1,12613,8.85,13225,12000,12090,13210),(2801,62,1,13065,3.59,13330,12800,13270,12980),(2802,62,2,13190,0.96,13455,12925,12980,13260),(2803,62,3,12920,-2.05,13285,12555,13260,13150),(2804,62,4,12845,-0.58,13190,12500,13175,12680),(2805,62,5,12513,-2.59,12715,12310,12690,12335),(2806,62,6,12413,-0.8,12600,12225,12445,12360),(2807,62,7,12465,0.42,12690,12240,12360,12580),(2808,62,8,12760,2.37,13000,12520,12580,12815),(2809,62,9,12713,-0.37,13105,12320,12805,12355),(2810,62,10,12113,-4.72,12380,11845,12355,11980),(2811,62,11,12068,-0.37,12285,11850,11970,12050),(2812,62,12,11715,-2.92,12370,11060,12110,11060),(2813,62,13,11160,-4.74,11505,10815,11380,11025),(2814,62,14,11008,-1.37,11265,10750,10935,11070),(2815,62,15,11203,1.77,11425,10980,11070,11100),(2816,62,16,11045,-1.41,11650,10440,11200,11650),(2817,62,17,11453,3.69,11690,11215,11640,11285),(2818,62,18,10908,-4.76,11315,10500,11315,10500),(2819,62,19,10898,-0.09,11390,10405,10500,11350),(2820,62,20,10933,0.32,11370,10495,11350,10640),(2821,62,21,10613,-2.93,10850,10375,10635,10615),(2822,62,22,10510,-0.97,10840,10180,10595,10230),(2823,62,23,10288,-2.12,10575,10000,10355,10460),(2824,62,24,10628,3.3,10865,10390,10535,10780),(2825,62,25,10538,-0.85,10780,10295,10780,10525),(2826,62,26,10255,-2.68,10620,9890,10525,9890),(2827,62,27,9993,-2.56,10245,9740,9810,10180),(2828,62,28,10383,3.9,10620,10145,10285,10585),(2829,62,29,10708,3.13,10865,10550,10740,10860),(2830,62,30,11000,2.73,11200,10800,10955,11185),(2831,62,31,11298,2.7,11440,11155,11200,11430),(2832,62,32,11258,-0.35,11495,11020,11495,11140),(2833,62,33,11168,-0.8,11330,11005,11020,11215),(2834,62,34,11135,-0.29,11430,10840,11375,11010),(2835,62,35,10985,-1.35,11135,10835,11135,10835),(2836,62,36,10973,-0.11,11195,10750,11195,10885),(2837,62,37,10785,-1.71,10995,10575,10885,10735),(2838,62,38,10560,-2.09,10895,10225,10895,10305),(2839,62,39,10448,-1.07,10675,10220,10675,10495),(2840,62,40,10415,-0.31,10790,10040,10600,10690),(2841,62,41,10898,4.63,11105,10690,10690,11040),(2842,62,42,10980,0.76,11175,10785,11040,10820),(2843,62,43,10868,-1.02,11045,10690,10850,10690),(2844,62,44,10440,-3.93,10690,10190,10690,10530),(2845,62,45,10433,-0.07,10585,10280,10405,10310),(2846,62,46,10173,-2.49,10310,10035,10310,10255),(2847,62,47,10218,0.44,10390,10045,10280,10115),(2848,62,48,9963,-2.5,10115,9810,10115,9865),(2849,62,49,9673,-2.91,9850,9495,9850,9735),(2850,62,50,9455,-2.25,9780,9130,9780,9130),(2851,63,-25,7233,0,7360,7105,7170,7270),(2852,63,-24,7360,1.76,7475,7245,7285,7445),(2853,63,-23,7385,0.34,7475,7295,7445,7360),(2854,63,-22,7458,0.98,7605,7310,7380,7605),(2855,63,-21,7575,1.58,7645,7505,7605,7525),(2856,63,-20,7625,0.66,7775,7475,7550,7630),(2857,63,-19,7615,-0.13,7720,7510,7655,7535),(2858,63,-18,7608,-0.1,7685,7530,7545,7575),(2859,63,-17,7568,-0.53,7630,7505,7580,7620),(2860,63,-16,7840,3.6,8040,7640,7640,7820),(2861,63,-15,8078,3.03,8400,7755,7975,8010),(2862,63,-14,8053,-0.31,8140,7965,8015,8125),(2863,63,-13,8128,0.93,8275,7980,8195,7995),(2864,63,-12,8013,-1.41,8095,7930,7995,8025),(2865,63,-11,8123,1.37,8245,8000,8025,8045),(2866,63,-10,8270,1.82,8515,8025,8045,8425),(2867,63,-9,8923,7.89,9395,8450,8640,8520),(2868,63,-8,8563,-4.03,8690,8435,8465,8675),(2869,63,-7,8698,1.58,8890,8505,8765,8555),(2870,63,-6,8505,-2.21,8690,8320,8545,8350),(2871,63,-5,8495,-0.12,8655,8335,8350,8610),(2872,63,-4,8450,-0.53,8615,8285,8500,8355),(2873,63,-3,8200,-2.96,8350,8050,8350,8050),(2874,63,-2,7973,-2.77,8175,7770,8140,7775),(2875,63,-1,7740,-2.92,7955,7525,7775,7525),(2876,63,1,7508,-3,7620,7395,7520,7450),(2877,63,2,7448,-0.8,7560,7335,7470,7480),(2878,63,3,7608,2.15,7700,7515,7520,7625),(2879,63,4,7718,1.45,7820,7615,7620,7780),(2880,63,5,7843,1.62,7975,7710,7820,7965),(2881,63,6,8013,2.17,8145,7880,7975,8020),(2882,63,7,7945,-0.84,8050,7840,8045,7855),(2883,63,8,7878,-0.85,7940,7815,7855,7845),(2884,63,9,7888,0.13,8025,7750,7845,7975),(2885,63,10,8035,1.87,8095,7975,8040,8070),(2886,63,11,8005,-0.37,8115,7895,8070,7905),(2887,63,12,7915,-1.12,8080,7750,7890,8080),(2888,63,13,8195,3.54,8290,8100,8175,8235),(2889,63,14,8230,0.43,8290,8170,8260,8270),(2890,63,15,8118,-1.37,8265,7970,8260,8225),(2891,63,16,8438,3.94,8645,8230,8230,8255),(2892,63,17,8418,-0.24,8625,8210,8255,8535),(2893,63,18,8725,3.65,9005,8445,8540,9005),(2894,63,19,8850,1.43,9245,8455,8980,8455),(2895,63,20,8740,-1.24,9040,8440,8465,8845),(2896,63,21,8683,-0.66,8855,8510,8855,8695),(2897,63,22,8828,1.67,8990,8665,8695,8925),(2898,63,23,8878,0.57,9185,8570,8995,8700),(2899,63,24,8535,-3.86,8800,8270,8725,8270),(2900,63,25,8370,-1.93,8490,8250,8250,8425),(2901,63,26,8650,3.35,8870,8430,8430,8850),(2902,63,27,8755,1.21,8865,8645,8855,8770),(2903,63,28,8583,-1.97,8780,8385,8770,8395),(2904,63,29,8410,-2.01,8550,8270,8395,8280),(2905,63,30,8168,-2.88,8265,8070,8235,8145),(2906,63,31,8023,-1.78,8140,7905,8140,7905),(2907,63,32,8210,2.34,8470,7950,7950,8175),(2908,63,33,8143,-0.82,8300,7985,8175,8070),(2909,63,34,8145,0.03,8385,7905,8075,8035),(2910,63,35,7985,-1.96,8105,7865,7980,8080),(2911,63,36,7993,0.09,8185,7800,8150,7860),(2912,63,37,7960,-0.41,8110,7810,7810,8105),(2913,63,38,8065,1.32,8185,7945,8150,8125),(2914,63,39,8073,0.09,8185,7960,8140,8045),(2915,63,40,8013,-0.74,8100,7925,7990,7985),(2916,63,41,7805,-2.59,7950,7660,7910,7660),(2917,63,42,7730,-0.96,7830,7630,7630,7815),(2918,63,43,7743,0.16,7895,7590,7740,7720),(2919,63,44,7855,1.45,7990,7720,7720,7855),(2920,63,45,7838,-0.22,7930,7745,7835,7865),(2921,63,46,7873,0.45,8010,7735,7785,8010),(2922,63,47,8028,1.97,8205,7850,8000,8170),(2923,63,48,8415,4.83,8670,8160,8185,8495),(2924,63,49,8568,1.81,8725,8410,8410,8465),(2925,63,50,8605,0.44,8820,8390,8435,8750),(2926,64,-25,15562,0,16130,14994,16130,15164),(2927,64,-24,15043,-3.34,15531,14555,15173,14635),(2928,64,-23,14149,-5.94,14590,13708,14496,14027),(2929,64,-22,13317,-5.88,14037,12597,13937,13076),(2930,64,-21,13549,1.74,13803,13295,13295,13609),(2931,64,-20,13484,-0.48,13793,13175,13668,13185),(2932,64,-19,12911,-4.25,13225,12597,12961,13066),(2933,64,-18,12886,-0.19,13215,12557,12885,12991),(2934,64,-17,13302,3.22,13787,12816,12901,13554),(2935,64,-16,13589,2.16,14042,13135,13344,13773),(2936,64,-15,13980,2.88,14406,13553,13987,14371),(2937,64,-14,14024,0.32,14395,13653,14395,13793),(2938,64,-13,13808,-1.54,14027,13589,13758,13674),(2939,64,-12,13534,-1.99,13787,13280,13624,13315),(2940,64,-11,13120,-3.06,13334,12906,13295,13140),(2941,64,-10,13050,-0.53,13234,12866,13085,12971),(2942,64,-9,13083,0.25,13499,12667,12786,13499),(2943,64,-8,13128,0.34,13464,12791,13379,12831),(2944,64,-7,12470,-5.01,12851,12088,12756,12268),(2945,64,-6,12328,-1.14,12557,12098,12358,12557),(2946,64,-5,12804,3.86,13080,12527,12627,12926),(2947,64,-4,13057,1.98,13184,12930,13050,13125),(2948,64,-3,12874,-1.4,13056,12692,13056,12692),(2949,64,-2,11957,-7.12,12403,11511,12393,11930),(2950,64,-1,12036,0.66,12392,11680,12054,12378),(2951,64,1,12268,1.93,12557,11979,12487,12119),(2952,64,2,12600,2.7,13125,12074,12144,12991),(2953,64,3,13212,4.86,13434,12990,12990,13250),(2954,64,4,13262,0.38,13459,13065,13309,13091),(2955,64,5,13217,-0.34,13449,12985,13090,13280),(2956,64,6,13499,2.13,13922,13076,13274,13878),(2957,64,7,13985,3.6,14177,13793,13923,13958),(2958,64,8,13780,-1.47,14101,13459,14027,13479),(2959,64,9,13105,-4.9,13424,12786,13304,12971),(2960,64,10,12786,-2.43,13035,12537,12537,12722),(2961,64,11,12388,-3.12,12706,12069,12706,12383),(2962,64,12,12276,-0.9,12656,11895,12622,11910),(2963,64,13,11516,-6.19,11959,11072,11934,11137),(2964,64,14,11047,-4.07,11381,10713,10947,11182),(2965,64,15,11239,1.74,11485,10993,11311,11018),(2966,64,16,10862,-3.35,11091,10633,10823,11067),(2967,64,17,11175,2.88,11491,10858,10958,11127),(2968,64,18,11538,3.25,11774,11301,11301,11655),(2969,64,19,11625,0.76,11839,11411,11765,11531),(2970,64,20,11889,2.27,12218,11560,11615,12209),(2971,64,21,12286,3.34,12517,12054,12178,12054),(2972,64,22,11920,-2.98,12109,11730,12079,11795),(2973,64,23,11750,-1.42,11989,11511,11800,11680),(2974,64,24,11693,-0.49,11890,11495,11729,11890),(2975,64,25,11919,1.94,12143,11695,11834,11905),(2976,64,26,11795,-1.04,11993,11596,11894,11596),(2977,64,27,11625,-1.44,11874,11376,11660,11456),(2978,64,28,11342,-2.44,11606,11077,11541,11346),(2979,64,29,11488,1.29,11670,11306,11466,11571),(2980,64,30,11423,-0.57,11625,11221,11571,11312),(2981,64,31,11458,0.31,11560,11356,11356,11556),(2982,64,32,11575,1.02,11849,11301,11570,11830),(2983,64,33,11688,0.97,11834,11541,11814,11561),(2984,64,34,11428,-2.22,11580,11276,11580,11336),(2985,64,35,11341,-0.76,11630,11052,11296,11127),(2986,64,36,11110,-2.04,11346,10873,11022,11237),(2987,64,37,11374,2.38,11570,11177,11272,11252),(2988,64,38,11089,-2.5,11415,10763,11211,11411),(2989,64,39,11389,2.7,11630,11147,11401,11152),(2990,64,40,11234,-1.36,11445,11022,11146,11217),(2991,64,41,11583,3.11,12069,11097,11301,11880),(2992,64,42,12358,6.69,13006,11709,11894,12772),(2993,64,43,12455,0.78,12950,11959,12950,11959),(2994,64,44,11845,-4.9,12064,11625,12024,11820),(2995,64,45,11922,0.65,12183,11660,11820,12174),(2996,64,46,12129,1.74,12347,11910,12258,11910),(2997,64,47,12001,-1.05,12198,11804,11929,12154),(2998,64,48,12281,2.33,12502,12059,12153,12194),(2999,64,49,12341,0.49,12567,12114,12203,12468),(3000,64,50,12361,0.16,12547,12174,12547,12298),(3001,65,-25,12125,0,12515,11734,12386,11844),(3002,65,-24,11563,-4.63,11904,11222,11839,11222),(3003,65,-23,10844,-6.22,11222,10466,11222,10611),(3004,65,-22,10038,-7.43,10555,9521,10555,10039),(3005,65,-21,10468,4.28,10704,10232,10232,10357),(3006,65,-20,10205,-2.52,10550,9859,10456,9859),(3007,65,-19,9615,-5.78,9928,9302,9765,9740),(3008,65,-18,9556,-0.61,9815,9297,9606,9501),(3009,65,-17,9743,1.95,10034,9451,9515,9884),(3010,65,-16,9827,0.86,10122,9531,9839,10058),(3011,65,-15,10063,2.4,10426,9699,10103,10417),(3012,65,-14,10262,1.98,10466,10058,10466,10198),(3013,65,-13,10106,-1.53,10272,9939,10088,10009),(3014,65,-12,9787,-3.15,10003,9571,9973,9621),(3015,65,-11,9424,-3.71,9621,9227,9621,9362),(3016,65,-10,9272,-1.61,9421,9123,9277,9213),(3017,65,-9,9133,-1.5,9337,8928,9063,9337),(3018,65,-8,9115,-0.19,9361,8869,9247,8904),(3019,65,-7,8573,-5.95,8859,8287,8834,8810),(3020,65,-6,9024,5.25,9277,8770,8869,9218),(3021,65,-5,9389,4.05,9531,9247,9342,9322),(3022,65,-4,9418,0.31,9555,9281,9396,9476),(3023,65,-3,9255,-1.74,9461,9048,9461,9103),(3024,65,-2,8444,-8.76,8904,7983,8864,8297),(3025,65,-1,8118,-3.86,8446,7790,8367,8203),(3026,65,1,8170,0.64,8411,7929,8257,7999),(3027,65,2,8441,3.31,8903,7978,8068,8894),(3028,65,3,9170,8.64,9402,8938,8958,9402),(3029,65,4,9586,4.53,9869,9302,9540,9317),(3030,65,5,9252,-3.48,9406,9098,9312,9208),(3031,65,6,9344,0.99,9625,9063,9222,9586),(3032,65,7,9504,1.71,9615,9392,9615,9506),(3033,65,8,9337,-1.76,9560,9113,9511,9118),(3034,65,9,8819,-5.54,9058,8580,8993,8755),(3035,65,10,8598,-2.51,8769,8427,8437,8531),(3036,65,11,8304,-3.42,8530,8078,8525,8297),(3037,65,12,8245,-0.72,8495,7994,8416,8019),(3038,65,13,7698,-6.63,8014,7382,8014,7382),(3039,65,14,7270,-5.57,7501,7038,7223,7263),(3040,65,15,7412,1.96,7561,7263,7377,7327),(3041,65,16,7153,-3.5,7341,6964,7188,7322),(3042,65,17,7437,3.97,7705,7168,7197,7302),(3043,65,18,7558,1.63,7675,7441,7456,7571),(3044,65,19,7546,-0.16,7730,7362,7665,7462),(3045,65,20,7712,2.2,7963,7461,7461,7939),(3046,65,21,8207,6.42,8510,7904,7954,8183),(3047,65,22,8044,-1.99,8227,7860,8227,7909),(3048,65,23,7862,-2.26,8033,7690,7894,7904),(3049,65,24,7921,0.76,8068,7774,7934,8039),(3050,65,25,8185,3.33,8396,7974,8004,8233),(3051,65,26,8064,-1.48,8267,7860,8232,7860),(3052,65,27,7984,-0.99,8322,7645,7889,7720),(3053,65,28,7613,-4.65,7824,7401,7725,7646),(3054,65,29,7733,1.58,7859,7606,7715,7725),(3055,65,30,7645,-1.13,7789,7501,7765,7611),(3056,65,31,7717,0.94,7759,7675,7709,7730),(3057,65,32,7750,0.42,7953,7546,7725,7934),(3058,65,33,7857,1.38,7958,7755,7934,7765),(3059,65,34,7700,-1.99,7829,7571,7829,7631),(3060,65,35,7745,0.58,8004,7486,7725,7536),(3061,65,36,7546,-2.57,7670,7422,7521,7651),(3062,65,37,7723,2.34,7864,7581,7705,7636),(3063,65,38,7417,-3.96,7650,7183,7546,7626),(3064,65,39,7596,2.42,7800,7392,7660,7437),(3065,65,40,7506,-1.18,7660,7352,7461,7646),(3066,65,41,7929,5.64,8347,7511,7735,8163),(3067,65,42,8389,5.8,8864,7914,8187,8745),(3068,65,43,8447,0.69,8854,8039,8854,8054),(3069,65,44,7901,-6.46,8127,7675,8127,7899),(3070,65,45,8019,1.49,8202,7835,7909,8193),(3071,65,46,8071,0.65,8297,7845,8218,7875),(3072,65,47,7936,-1.67,8093,7779,7865,7989),(3073,65,48,8095,2,8242,7948,7988,8059),(3074,65,49,8160,0.8,8336,7983,8073,8302),(3075,65,50,8203,0.53,8322,8083,8307,8163),(3076,66,-25,28855,0,30200,27510,29755,27780),(3077,66,-24,26463,-8.29,27305,25620,27305,25625),(3078,66,-23,25438,-3.87,26885,23990,26415,24090),(3079,66,-22,23375,-8.11,24150,22600,24090,22670),(3080,66,-21,23848,2.02,24045,23650,23805,23720),(3081,66,-20,24475,2.63,25240,23710,24000,24785),(3082,66,-19,24415,-0.25,25015,23815,24570,23945),(3083,66,-18,22948,-6.01,23610,22285,23600,23470),(3084,66,-17,23275,1.43,23765,22785,23540,23015),(3085,66,-16,23045,-0.99,23865,22225,22410,23600),(3086,66,-15,22918,-0.55,23780,22055,22855,23590),(3087,66,-14,24215,5.66,24680,23750,24000,24650),(3088,66,-13,24268,0.22,24780,23755,24000,24095),(3089,66,-12,24910,2.65,25290,24530,24555,24820),(3090,66,-11,23900,-4.05,24455,23345,24290,23705),(3091,66,-10,22900,-4.18,23800,22000,23800,22095),(3092,66,-9,21743,-5.05,22460,21025,21865,21040),(3093,66,-8,20998,-3.43,21600,20395,20540,20675),(3094,66,-7,18600,-11.42,19695,17505,19695,18410),(3095,66,-6,19368,4.13,19760,18975,19055,19360),(3096,66,-5,19193,-0.9,19655,18730,19655,18925),(3097,66,-4,18950,-1.26,19500,18400,19165,18800),(3098,66,-3,19563,3.23,20170,18955,19045,19495),(3099,66,-2,18418,-5.85,18935,17900,18850,18195),(3100,66,-1,20278,10.1,21845,18710,18720,21840),(3101,66,1,21255,4.82,21845,20665,21845,20970),(3102,66,2,22665,6.63,23790,21540,21735,23780),(3103,66,3,23533,3.83,24065,23000,23785,23620),(3104,66,4,23618,0.36,24300,22935,23825,24050),(3105,66,5,23513,-0.44,23965,23060,23195,23430),(3106,66,6,23988,2.02,25320,22655,23000,25145),(3107,66,7,26530,10.6,27320,25740,26075,25905),(3108,66,8,26280,-0.94,27010,25550,27005,25860),(3109,66,9,25575,-2.68,26155,24995,25375,25825),(3110,66,10,24843,-2.86,25460,24225,24685,25460),(3111,66,11,24988,0.58,25585,24390,25100,25450),(3112,66,12,25845,3.43,26490,25200,26470,26085),(3113,66,13,24560,-4.97,25285,23835,25275,23840),(3114,66,14,24290,-1.1,25400,23180,23210,24410),(3115,66,15,25208,3.78,25700,24715,25050,25235),(3116,66,16,24405,-3.18,24910,23900,23905,24870),(3117,66,17,24675,1.11,25310,24040,24665,24045),(3118,66,18,24933,1.04,25420,24445,24655,25000),(3119,66,19,25288,1.42,25845,24730,25440,24960),(3120,66,20,23878,-5.58,24765,22990,24640,23990),(3121,66,21,24000,0.51,24660,23340,24090,23420),(3122,66,22,23643,-1.49,23890,23395,23510,23450),(3123,66,23,23303,-1.44,23710,22895,23300,23595),(3124,66,24,23648,1.48,24350,22945,24000,23045),(3125,66,25,23040,-2.57,23620,22460,22730,22915),(3126,66,26,22748,-1.27,23225,22270,23170,22940),(3127,66,27,22160,-2.58,22760,21560,22760,21630),(3128,66,28,22843,3.08,23185,22500,22500,22710),(3129,66,29,22855,0.05,23700,22010,22895,23540),(3130,66,30,23230,1.64,23690,22770,23690,22925),(3131,66,31,23678,1.93,23805,23550,23595,23600),(3132,66,32,23900,0.94,24790,23010,23890,24280),(3133,66,33,24068,0.7,24690,23445,24400,23695),(3134,66,34,23740,-1.36,24115,23365,23655,23940),(3135,66,35,23925,0.78,24385,23465,24250,23570),(3136,66,36,23445,-2.01,23590,23300,23300,23405),(3137,66,37,23088,-1.52,23535,22640,23350,22715),(3138,66,38,22108,-4.24,22600,21615,22600,22170),(3139,66,39,21158,-4.3,21890,20425,21890,20710),(3140,66,40,21183,0.12,21650,20715,20715,21200),(3141,66,41,21685,2.37,21915,21455,21670,21915),(3142,66,42,22003,1.46,22465,21540,21920,22450),(3143,66,43,22870,3.94,23680,22060,22060,23105),(3144,66,44,23310,1.92,23915,22705,23585,22805),(3145,66,45,23628,1.36,24150,23105,23780,23960),(3146,66,46,24658,4.36,25085,24230,24230,24820),(3147,66,47,24893,0.95,25440,24345,24740,24425),(3148,66,48,24440,-1.82,24970,23910,24610,24025),(3149,66,49,24068,-1.52,24355,23780,24355,24215),(3150,66,50,24703,2.64,24880,24525,24535,24710),(3151,67,-25,6062,0,6285,5839,5839,6286),(3152,67,-24,6482,6.92,6687,6276,6276,6556),(3153,67,-23,6595,1.74,6737,6452,6478,6605),(3154,67,-22,6364,-3.5,6595,6133,6563,6201),(3155,67,-21,6411,0.73,6577,6244,6244,6539),(3156,67,-20,6548,2.14,6657,6439,6536,6507),(3157,67,-19,6366,-2.78,6470,6262,6408,6410),(3158,67,-18,6244,-1.92,6391,6096,6355,6162),(3159,67,-17,6047,-3.15,6160,5934,6151,6024),(3160,67,-16,5872,-2.89,5992,5752,5953,5976),(3161,67,-15,6077,3.48,6206,5947,5965,6194),(3162,67,-14,6339,4.31,6498,6179,6194,6455),(3163,67,-13,6628,4.56,6816,6439,6444,6800),(3164,67,-12,6794,2.51,6961,6627,6759,6778),(3165,67,-11,6777,-0.26,6874,6679,6760,6694),(3166,67,-10,6739,-0.55,6843,6635,6680,6778),(3167,67,-9,6596,-2.13,6755,6436,6732,6568),(3168,67,-8,6484,-1.7,6552,6415,6516,6513),(3169,67,-7,6262,-3.42,6494,6029,6471,6154),(3170,67,-6,6195,-1.06,6273,6117,6191,6154),(3171,67,-5,6216,0.33,6337,6094,6167,6338),(3172,67,-4,6294,1.26,6402,6186,6337,6218),(3173,67,-3,6136,-2.52,6218,6053,6218,6146),(3174,67,-2,6035,-1.64,6169,5901,6076,6012),(3175,67,-1,5906,-2.15,6062,5749,6005,5865),(3176,67,1,5906,0,5983,5828,5874,5934),(3177,67,2,5761,-2.45,5966,5556,5915,5742),(3178,67,3,5678,-1.44,5804,5552,5741,5645),(3179,67,4,5800,2.14,5956,5643,5647,5814),(3180,67,5,5862,1.08,5952,5772,5813,5930),(3181,67,6,5986,2.12,6144,5828,5914,6099),(3182,67,7,6147,2.69,6278,6016,6049,6118),(3183,67,8,6121,-0.43,6192,6049,6158,6192),(3184,67,9,6073,-0.78,6163,5983,6163,6003),(3185,67,10,5914,-2.62,5988,5840,5914,5938),(3186,67,11,5912,-0.04,5987,5836,5937,5874),(3187,67,12,5862,-0.84,6020,5704,5947,5714),(3188,67,13,5794,-1.17,5952,5635,5727,5902),(3189,67,14,5696,-1.69,5932,5459,5891,5475),(3190,67,15,5569,-2.22,5668,5470,5479,5668),(3191,67,16,5560,-0.17,5667,5452,5603,5631),(3192,67,17,5703,2.58,5817,5589,5630,5788),(3193,67,18,5713,0.17,5846,5579,5814,5833),(3194,67,19,5835,2.14,5915,5755,5864,5916),(3195,67,20,5807,-0.48,5920,5694,5915,5833),(3196,67,21,5783,-0.42,5865,5700,5833,5814),(3197,67,22,5997,3.7,6203,5790,5832,6200),(3198,67,23,6251,4.24,6388,6113,6126,6242),(3199,67,24,6251,0,6384,6117,6232,6385),(3200,67,25,6404,2.45,6483,6324,6375,6476),(3201,67,26,6554,2.35,6687,6421,6430,6619),(3202,67,27,6693,2.12,6824,6562,6594,6706),(3203,67,28,6609,-1.26,6792,6425,6705,6793),(3204,67,29,6747,2.09,6858,6635,6798,6761),(3205,67,30,6941,2.88,7149,6732,6750,7036),(3206,67,31,6979,0.55,7064,6893,7035,7005),(3207,67,32,6809,-2.44,6995,6622,6995,6655),(3208,67,33,6671,-2.02,6751,6591,6660,6706),(3209,67,34,6740,1.03,6834,6645,6704,6770),(3210,67,35,6944,3.03,7216,6672,6770,7138),(3211,67,36,7234,4.18,7371,7097,7137,7120),(3212,67,37,7118,-1.6,7256,6980,7115,7138),(3213,67,38,7052,-0.93,7196,6907,7154,6940),(3214,67,39,6817,-3.33,6984,6649,6939,6706),(3215,67,40,6775,-0.61,6908,6642,6719,6853),(3216,67,41,6717,-0.86,6852,6581,6852,6614),(3217,67,42,6799,1.22,7017,6580,6617,6981),(3218,67,43,7151,5.18,7358,6944,6980,7262),(3219,67,44,7322,2.39,7508,7136,7260,7386),(3220,67,45,7376,0.74,7491,7261,7386,7300),(3221,67,46,7417,0.56,7601,7233,7238,7243),(3222,67,47,7180,-3.2,7280,7080,7195,7171),(3223,67,48,7329,2.07,7486,7171,7190,7238),(3224,67,49,7128,-2.74,7252,7004,7252,7143),(3225,67,50,7290,2.27,7433,7147,7147,7252),(3226,68,-25,7011,0,7153,6868,7149,6958),(3227,68,-24,7048,0.53,7182,6913,6948,7069),(3228,68,-23,6953,-1.35,7040,6865,7030,6893),(3229,68,-22,6641,-4.48,6874,6408,6874,6550),(3230,68,-21,6718,1.16,6821,6615,6615,6782),(3231,68,-20,6865,2.19,6996,6734,6812,6937),(3232,68,-19,6847,-0.27,6956,6737,6870,6906),(3233,68,-18,6826,-0.3,6918,6734,6829,6836),(3234,68,-17,6902,1.11,7000,6803,6852,6950),(3235,68,-16,6778,-1.8,6896,6659,6896,6744),(3236,68,-15,6770,-0.11,6913,6627,6747,6893),(3237,68,-14,6868,1.44,6927,6808,6910,6867),(3238,68,-13,6907,0.57,6988,6825,6865,6989),(3239,68,-12,6953,0.67,7045,6860,6992,6893),(3240,68,-11,6915,-0.54,6974,6856,6891,6862),(3241,68,-10,6818,-1.41,6880,6755,6857,6779),(3242,68,-9,6624,-2.84,6730,6518,6730,6658),(3243,68,-8,6587,-0.56,6662,6512,6606,6527),(3244,68,-7,6286,-4.58,6498,6073,6484,6224),(3245,68,-6,6226,-0.95,6331,6121,6260,6285),(3246,68,-5,6349,1.98,6447,6251,6298,6434),(3247,68,-4,6468,1.87,6521,6414,6475,6434),(3248,68,-3,6300,-2.59,6400,6200,6400,6252),(3249,68,-2,5922,-6,6186,5658,6153,5780),(3250,68,-1,5596,-5.51,5775,5416,5775,5598),(3251,68,1,5545,-0.91,5659,5430,5644,5468),(3252,68,2,5479,-1.18,5580,5378,5486,5482),(3253,68,3,5250,-4.19,5475,5024,5475,5146),(3254,68,4,5394,2.75,5597,5191,5191,5561),(3255,68,5,5630,4.38,5742,5518,5541,5729),(3256,68,6,5666,0.64,5785,5547,5710,5762),(3257,68,7,5772,1.87,5877,5667,5722,5836),(3258,68,8,5791,0.32,5886,5695,5886,5729),(3259,68,9,5591,-3.45,5695,5486,5692,5617),(3260,68,10,5478,-2.01,5559,5397,5485,5412),(3261,68,11,5374,-1.91,5476,5271,5411,5300),(3262,68,12,5358,-0.3,5458,5257,5365,5309),(3263,68,13,5246,-2.09,5397,5094,5323,5118),(3264,68,14,4880,-6.98,5047,4712,5047,4731),(3265,68,15,4792,-1.79,4855,4729,4762,4848),(3266,68,16,4747,-0.95,4865,4628,4776,4838),(3267,68,17,4803,1.18,4973,4632,4780,4642),(3268,68,18,4760,-0.9,4902,4617,4743,4879),(3269,68,19,4855,2.01,4943,4767,4938,4899),(3270,68,20,5151,6.09,5412,4889,4889,5394),(3271,68,21,5346,3.79,5425,5266,5397,5281),(3272,68,22,5381,0.66,5551,5211,5290,5486),(3273,68,23,5526,2.69,5672,5379,5468,5570),(3274,68,24,5482,-0.8,5580,5383,5570,5501),(3275,68,25,5463,-0.35,5524,5401,5495,5421),(3276,68,26,5478,0.28,5555,5401,5411,5514),(3277,68,27,5469,-0.16,5593,5345,5514,5346),(3278,68,28,5365,-1.91,5621,5108,5392,5598),(3279,68,29,5752,7.21,5891,5612,5649,5892),(3280,68,30,5976,3.89,6073,5878,5892,6004),(3281,68,31,6073,1.63,6129,6017,6078,6084),(3282,68,32,6043,-0.49,6180,5906,6035,6084),(3283,68,33,6041,-0.03,6167,5915,6083,6065),(3284,68,34,6050,0.15,6138,5962,6064,6060),(3285,68,35,6034,-0.26,6143,5925,6045,6014),(3286,68,36,6007,-0.46,6088,5925,5981,5935),(3287,68,37,5848,-2.65,5994,5701,5976,5767),(3288,68,38,5670,-3.04,5854,5485,5766,5570),(3289,68,39,5591,-1.39,5663,5518,5602,5547),(3290,68,40,5559,-0.57,5655,5462,5547,5627),(3291,68,41,5733,3.13,5952,5513,5644,5640),(3292,68,42,5794,1.06,5985,5602,5620,5925),(3293,68,43,5931,2.37,5988,5874,5924,5907),(3294,68,44,5731,-3.38,5924,5537,5924,5697),(3295,68,45,5649,-1.43,5721,5576,5702,5639),(3296,68,46,5753,1.84,5856,5649,5649,5818),(3297,68,47,5788,0.62,5841,5735,5817,5828),(3298,68,48,5912,2.13,6006,5817,5827,5861),(3299,68,49,5934,0.37,6006,5861,5904,6002),(3300,68,50,6033,1.67,6078,5987,6035,6050),(3301,69,-25,6489,0,6561,6417,6454,6486),(3302,69,-24,6676,2.87,6851,6500,6500,6794),(3303,69,-23,6675,-0.01,6820,6530,6775,6644),(3304,69,-22,6463,-3.18,6656,6270,6646,6507),(3305,69,-21,6595,2.03,6692,6497,6533,6683),(3306,69,-20,6834,3.63,7021,6647,6714,7012),(3307,69,-19,7015,2.65,7175,6855,6958,7071),(3308,69,-18,6833,-2.6,7031,6634,6959,6713),(3309,69,-17,6625,-3.04,6733,6516,6693,6589),(3310,69,-16,6374,-3.79,6506,6241,6492,6507),(3311,69,-15,6646,4.28,6834,6458,6488,6722),(3312,69,-14,6808,2.44,6964,6652,6711,6912),(3313,69,-13,6939,1.92,7035,6842,6898,6974),(3314,69,-12,6843,-1.38,6997,6689,6986,6734),(3315,69,-11,6821,-0.32,6893,6749,6763,6794),(3316,69,-10,6859,0.55,6988,6729,6765,6990),(3317,69,-9,6840,-0.27,7032,6648,6928,6767),(3318,69,-8,6746,-1.38,6846,6645,6718,6794),(3319,69,-7,6633,-1.68,6805,6460,6780,6713),(3320,69,-6,6611,-0.33,6783,6438,6718,6655),(3321,69,-5,6718,1.62,6859,6576,6648,6848),(3322,69,-4,6829,1.65,6971,6686,6869,6740),(3323,69,-3,6614,-3.14,6723,6505,6723,6538),(3324,69,-2,6238,-5.68,6429,6047,6411,6103),(3325,69,-1,5892,-5.55,6132,5652,6114,5829),(3326,69,1,5669,-3.79,5840,5497,5836,5543),(3327,69,2,5433,-4.16,5553,5312,5539,5453),(3328,69,3,5249,-3.38,5460,5038,5437,5111),(3329,69,4,5361,2.13,5527,5195,5217,5438),(3330,69,5,5434,1.35,5518,5349,5438,5480),(3331,69,6,5511,1.43,5638,5384,5482,5600),(3332,69,7,5688,3.21,5822,5554,5591,5739),(3333,69,8,5613,-1.32,5792,5434,5769,5548),(3334,69,9,5483,-2.32,5576,5389,5486,5516),(3335,69,10,5340,-2.6,5471,5209,5419,5237),(3336,69,11,5215,-2.34,5311,5119,5227,5192),(3337,69,12,5339,2.37,5418,5259,5271,5349),(3338,69,13,5328,-0.21,5410,5245,5365,5336),(3339,69,14,5054,-5.14,5289,4818,5276,4833),(3340,69,15,5001,-1.05,5118,4883,4896,5017),(3341,69,16,4963,-0.76,5087,4838,4951,5067),(3342,69,17,5092,2.6,5220,4963,4972,5045),(3343,69,18,5031,-1.2,5139,4922,5092,5129),(3344,69,19,5160,2.56,5244,5075,5172,5215),(3345,69,20,5403,4.71,5622,5183,5233,5561),(3346,69,21,5583,3.34,5642,5524,5577,5543),(3347,69,22,5619,0.64,5706,5531,5547,5668),(3348,69,23,5730,1.98,5944,5516,5622,5839),(3349,69,24,5814,1.47,5939,5689,5828,5901),(3350,69,25,5836,0.37,6002,5669,5882,5757),(3351,69,26,5793,-0.74,5854,5731,5737,5731),(3352,69,27,5709,-1.44,5795,5623,5716,5623),(3353,69,28,5890,3.17,6352,5428,5622,6283),(3354,69,29,6337,7.58,6437,6236,6324,6426),(3355,69,30,6595,4.08,6752,6438,6478,6538),(3356,69,31,6653,0.87,6737,6568,6595,6695),(3357,69,32,6490,-2.45,6698,6281,6689,6390),(3358,69,33,6351,-2.14,6510,6191,6371,6309),(3359,69,34,6101,-3.94,6378,5823,6282,5959),(3360,69,35,5994,-1.75,6069,5918,5952,5955),(3361,69,36,5942,-0.86,6047,5837,5908,5852),(3362,69,37,5765,-2.98,5899,5631,5880,5659),(3363,69,38,5601,-2.84,5723,5479,5617,5543),(3364,69,39,5593,-0.15,5701,5484,5538,5498),(3365,69,40,5521,-1.28,5631,5411,5499,5582),(3366,69,41,5546,0.44,5625,5466,5586,5548),(3367,69,42,5572,0.48,5683,5461,5540,5672),(3368,69,43,5654,1.47,5718,5590,5710,5704),(3369,69,44,5618,-0.64,5719,5517,5701,5613),(3370,69,45,5626,0.14,5678,5574,5617,5618),(3371,69,46,5685,1.04,5757,5612,5688,5641),(3372,69,47,5688,0.05,5753,5622,5656,5746),(3373,69,48,5721,0.58,5810,5631,5731,5670),(3374,69,49,5712,-0.16,5787,5636,5669,5722),(3375,69,50,5795,1.45,5839,5750,5759,5818),(3376,70,-25,5567,0,5649,5485,5570,5605),(3377,70,-24,5545,-0.4,5629,5460,5603,5476),(3378,70,-23,5339,-3.71,5494,5184,5494,5220),(3379,70,-22,4856,-9.05,5165,4547,5165,4741),(3380,70,-21,4846,-0.21,4894,4798,4817,4894),(3381,70,-20,4865,0.39,4957,4773,4891,4805),(3382,70,-19,4745,-2.47,4914,4576,4733,4914),(3383,70,-18,4969,4.72,5120,4818,4833,5082),(3384,70,-17,5303,6.71,5455,5150,5155,5408),(3385,70,-16,5313,0.2,5416,5210,5381,5319),(3386,70,-15,5182,-2.47,5288,5076,5288,5235),(3387,70,-14,5337,2.99,5455,5219,5257,5422),(3388,70,-13,5384,0.88,5455,5313,5420,5324),(3389,70,-12,5369,-0.29,5455,5282,5312,5393),(3390,70,-11,5453,1.57,5633,5273,5352,5620),(3391,70,-10,5629,3.23,5688,5570,5613,5615),(3392,70,-9,5440,-3.36,5563,5317,5513,5507),(3393,70,-8,5491,0.93,5550,5431,5451,5492),(3394,70,-7,5320,-3.11,5476,5164,5476,5328),(3395,70,-6,5329,0.17,5465,5193,5371,5457),(3396,70,-5,5426,1.82,5495,5357,5480,5462),(3397,70,-4,5571,2.67,5646,5496,5496,5632),(3398,70,-3,5592,0.37,5656,5527,5621,5592),(3399,70,-2,5335,-4.6,5501,5168,5491,5323),(3400,70,-1,5201,-2.51,5372,5029,5357,5159),(3401,70,1,5270,1.34,5416,5124,5257,5179),(3402,70,2,5026,-4.64,5188,4863,5188,5049),(3403,70,3,4928,-1.94,5053,4803,5048,4849),(3404,70,4,4951,0.47,5053,4849,4874,5009),(3405,70,5,5156,4.13,5317,4994,4994,5318),(3406,70,6,5419,5.1,5520,5317,5322,5457),(3407,70,7,5619,3.7,5801,5437,5452,5737),(3408,70,8,5719,1.78,5781,5657,5781,5672),(3409,70,9,5781,1.08,5979,5582,5582,5926),(3410,70,10,5739,-0.73,5930,5547,5752,5572),(3411,70,11,5549,-3.31,5646,5451,5547,5482),(3412,70,12,5476,-1.32,5570,5381,5565,5393),(3413,70,13,5352,-2.26,5471,5232,5401,5278),(3414,70,14,4953,-7.45,5198,4708,5193,4774),(3415,70,15,4971,0.36,5143,4799,4854,5099),(3416,70,16,4933,-0.76,5043,4823,4998,4949),(3417,70,17,4964,0.62,5078,4849,4849,4919),(3418,70,18,5044,1.61,5198,4889,4989,5159),(3419,70,19,5307,5.22,5525,5089,5198,5472),(3420,70,20,5591,5.35,5751,5431,5490,5747),(3421,70,21,5732,2.51,5806,5657,5756,5747),(3422,70,22,5684,-0.83,5771,5597,5726,5767),(3423,70,23,5684,0,5786,5582,5756,5587),(3424,70,24,5441,-4.28,5605,5277,5585,5318),(3425,70,25,5377,-1.19,5481,5272,5317,5308),(3426,70,26,5228,-2.77,5331,5124,5282,5129),(3427,70,27,5111,-2.23,5203,5019,5133,5064),(3428,70,28,4986,-2.45,5153,4819,5078,4954),(3429,70,29,5155,3.39,5336,4974,4984,5318),(3430,70,30,5220,1.26,5336,5104,5336,5184),(3431,70,31,5325,2,5456,5193,5193,5403),(3432,70,32,5439,2.14,5576,5301,5366,5562),(3433,70,33,5531,1.7,5596,5466,5510,5582),(3434,70,34,5634,1.86,5716,5552,5552,5667),(3435,70,35,5664,0.53,5771,5557,5656,5717),(3436,70,36,5746,1.45,5865,5627,5647,5866),(3437,70,37,5977,4.02,6089,5865,5960,5876),(3438,70,38,5871,-1.78,6019,5722,5846,5832),(3439,70,39,5928,0.98,6144,5712,5767,6006),(3440,70,40,6049,2.04,6178,5920,6049,6155),(3441,70,41,6252,3.36,6354,6150,6220,6290),(3442,70,42,6536,4.54,6747,6325,6325,6729),(3443,70,43,6865,5.03,7007,6723,6748,6764),(3444,70,44,6686,-2.61,6877,6495,6762,6670),(3445,70,45,6570,-1.74,6704,6435,6669,6495),(3446,70,46,6397,-2.63,6519,6275,6499,6290),(3447,70,47,6322,-1.17,6409,6235,6295,6390),(3448,70,48,6572,3.95,6754,6390,6425,6600),(3449,70,49,6674,1.55,6788,6560,6614,6784),(3450,70,50,6996,4.82,7173,6819,6819,7169),(3451,71,-25,3381,0,3451,3311,3326,3439),(3452,71,-24,3376,-0.15,3452,3300,3433,3312),(3453,71,-23,3214,-4.8,3306,3122,3301,3133),(3454,71,-22,2981,-7.25,3151,2811,3131,2982),(3455,71,-21,3055,2.47,3103,3006,3025,3104),(3456,71,-20,3071,0.52,3135,3006,3102,3061),(3457,71,-19,3011,-1.95,3102,2919,2995,3094),(3458,71,-18,3090,2.64,3141,3039,3054,3128),(3459,71,-17,3223,4.3,3329,3117,3122,3312),(3460,71,-16,3309,2.67,3404,3214,3277,3405),(3461,71,-15,3372,1.9,3452,3292,3412,3356),(3462,71,-14,3379,0.21,3437,3321,3379,3405),(3463,71,-13,3397,0.52,3447,3346,3404,3366),(3464,71,-12,3295,-2.99,3370,3220,3365,3307),(3465,71,-11,3244,-1.56,3293,3194,3288,3235),(3466,71,-10,3212,-0.99,3262,3161,3222,3196),(3467,71,-9,3189,-0.72,3284,3093,3146,3280),(3468,71,-8,3246,1.79,3290,3201,3235,3241),(3469,71,-7,3118,-3.94,3236,2999,3226,3088),(3470,71,-6,3046,-2.29,3117,2975,3107,3073),(3471,71,-5,3059,0.43,3108,3010,3078,3060),(3472,71,-4,3085,0.83,3116,3053,3092,3083),(3473,71,-3,3039,-1.48,3083,2995,3083,3069),(3474,71,-2,2877,-5.33,3010,2744,3010,2809),(3475,71,-1,2647,-7.99,2813,2481,2813,2574),(3476,71,1,2673,0.98,2759,2587,2602,2701),(3477,71,2,2630,-1.63,2725,2534,2710,2608),(3478,71,3,2527,-3.92,2617,2436,2612,2476),(3479,71,4,2561,1.37,2632,2490,2495,2599),(3480,71,5,2647,3.36,2711,2583,2588,2711),(3481,71,6,2739,3.48,2778,2700,2715,2770),(3482,71,7,2895,5.68,3035,2754,2764,3035),(3483,71,8,2987,3.2,3043,2931,3033,2942),(3484,71,9,2958,-0.97,3039,2877,2887,3010),(3485,71,10,2940,-0.63,3008,2871,2901,2887),(3486,71,11,2884,-1.89,2926,2842,2887,2873),(3487,71,12,2899,0.52,2946,2852,2907,2873),(3488,71,13,2851,-1.67,2916,2785,2882,2785),(3489,71,14,2622,-8.03,2763,2480,2763,2510),(3490,71,15,2576,-1.75,2632,2519,2549,2604),(3491,71,16,2542,-1.32,2588,2495,2552,2574),(3492,71,17,2593,2.01,2700,2485,2524,2579),(3493,71,18,2650,2.2,2710,2589,2621,2667),(3494,71,19,2749,3.76,2852,2646,2700,2834),(3495,71,20,2920,6.22,3013,2827,2851,3005),(3496,71,21,3022,3.49,3093,2951,3035,2956),(3497,71,22,2951,-2.37,2999,2902,2975,2966),(3498,71,23,2960,0.32,3033,2887,2965,2902),(3499,71,24,2818,-4.8,2911,2725,2891,2755),(3500,71,25,2680,-4.9,2729,2631,2729,2657),(3501,71,26,2635,-1.7,2685,2584,2656,2589),(3502,71,27,2612,-0.85,2660,2564,2564,2584),(3503,71,28,2610,-0.1,2729,2490,2584,2716),(3504,71,29,2749,5.35,2793,2705,2748,2780),(3505,71,30,2742,-0.25,2803,2681,2803,2775),(3506,71,31,2825,3.03,2906,2744,2778,2897),(3507,71,32,2926,3.58,2990,2862,2896,2947),(3508,71,33,2929,0.09,2970,2887,2916,2932),(3509,71,34,2948,0.65,3004,2891,2927,2976),(3510,71,35,2978,1.02,3044,2911,2960,2922),(3511,71,36,2923,-1.83,2969,2877,2916,2956),(3512,71,37,3012,3.04,3093,2931,2969,3050),(3513,71,38,2937,-2.49,3121,2753,2990,3065),(3514,71,39,3049,3.81,3108,2990,3044,3035),(3515,71,40,3110,2,3195,3025,3054,3172),(3516,71,41,3230,3.84,3279,3180,3206,3211),(3517,71,42,3318,2.72,3450,3185,3210,3432),(3518,71,43,3571,7.63,3690,3451,3451,3599),(3519,71,44,3486,-2.38,3589,3382,3564,3452),(3520,71,45,3445,-1.18,3491,3398,3447,3408),(3521,71,46,3393,-1.5,3467,3319,3418,3339),(3522,71,47,3348,-1.33,3407,3289,3314,3403),(3523,71,48,3487,4.14,3571,3402,3407,3433),(3524,71,49,3480,-0.2,3532,3427,3442,3532),(3525,71,50,3581,2.9,3630,3531,3536,3601),(3526,72,-25,3157,0,3230,3084,3108,3193),(3527,72,-24,3192,1.11,3249,3135,3210,3135),(3528,72,-23,3025,-5.25,3138,2911,3118,2937),(3529,72,-22,2779,-8.12,2930,2628,2920,2729),(3530,72,-21,2784,0.18,2821,2747,2757,2818),(3531,72,-20,2836,1.85,2894,2777,2831,2823),(3532,72,-19,2770,-2.33,2870,2669,2786,2872),(3533,72,-18,2936,5.99,3054,2817,2827,2996),(3534,72,-17,3139,6.93,3239,3039,3069,3217),(3535,72,-16,3155,0.49,3230,3079,3207,3232),(3536,72,-15,3174,0.62,3259,3089,3234,3120),(3537,72,-14,3146,-0.88,3197,3095,3124,3164),(3538,72,-13,3111,-1.11,3183,3039,3159,3055),(3539,72,-12,3040,-2.3,3103,2976,3044,3011),(3540,72,-11,3148,3.55,3295,3000,3024,3292),(3541,72,-10,3273,3.97,3320,3225,3284,3242),(3542,72,-9,3161,-3.42,3237,3084,3215,3184),(3543,72,-8,3150,-0.35,3199,3100,3154,3125),(3544,72,-7,3023,-4.03,3119,2926,3119,3035),(3545,72,-6,2980,-1.41,3074,2886,3035,3000),(3546,72,-5,2995,0.49,3044,2945,3009,3040),(3547,72,-4,3077,2.76,3114,3040,3054,3110),(3548,72,-3,3127,1.62,3159,3095,3124,3120),(3549,72,-2,2920,-6.62,3069,2771,3064,2901),(3550,72,-1,2877,-1.47,2984,2770,2929,2856),(3551,72,1,3010,4.61,3149,2870,2890,3055),(3552,72,2,2905,-3.47,3085,2725,3085,2821),(3553,72,3,2730,-6.02,2829,2631,2829,2697),(3554,72,4,2842,4.08,2983,2700,2700,2851),(3555,72,5,2900,2.04,2974,2825,2844,2970),(3556,72,6,3030,4.48,3094,2965,2975,3055),(3557,72,7,3168,4.57,3306,3030,3045,3268),(3558,72,8,3260,2.89,3311,3208,3276,3248),(3559,72,9,3352,2.82,3495,3208,3227,3447),(3560,72,10,3298,-1.61,3456,3139,3351,3164),(3561,72,11,3136,-4.9,3232,3040,3164,3055),(3562,72,12,3037,-3.16,3104,2970,3099,2980),(3563,72,13,2998,-1.3,3109,2886,2990,3020),(3564,72,14,2836,-5.4,2995,2676,2985,2712),(3565,72,15,2810,-0.92,2889,2730,2760,2851),(3566,72,16,2716,-3.35,2805,2626,2760,2687),(3567,72,17,2666,-1.84,2745,2586,2636,2612),(3568,72,18,2619,-1.74,2690,2548,2660,2667),(3569,72,19,2735,4.43,2829,2641,2675,2806),(3570,72,20,2875,5.1,2964,2785,2805,2955),(3571,72,21,2987,3.91,3049,2925,2969,2990),(3572,72,22,2997,0.33,3049,2945,2999,3040),(3573,72,23,2970,-0.9,3039,2901,3039,2901),(3574,72,24,2885,-2.86,2940,2830,2905,2861),(3575,72,25,2920,1.21,2995,2845,2855,2906),(3576,72,26,2865,-1.88,2910,2820,2894,2826),(3577,72,27,2857,-0.28,2924,2790,2824,2846),(3578,72,28,2775,-2.89,2874,2675,2844,2731),(3579,72,29,2847,2.61,2954,2740,2740,2945),(3580,72,30,2885,1.33,2960,2810,2945,2861),(3581,72,31,2907,0.76,2984,2830,2894,2950),(3582,72,32,2957,1.72,3019,2895,2955,3010),(3583,72,33,2940,-0.57,2990,2890,2974,2955),(3584,72,34,2965,0.83,3019,2910,2980,2980),(3585,72,35,2995,1.01,3044,2945,3009,3010),(3586,72,36,2970,-0.82,3024,2916,3024,2965),(3587,72,37,2935,-1.18,2979,2891,2964,2896),(3588,72,38,2843,-3.13,2901,2785,2881,2841),(3589,72,39,2847,0.14,2899,2795,2815,2816),(3590,72,40,2862,0.53,2964,2760,2839,2945),(3591,72,41,2995,4.63,3049,2940,2955,2950),(3592,72,42,3047,1.75,3193,2901,2985,3174),(3593,72,43,3242,6.4,3306,3178,3183,3273),(3594,72,44,3258,0.48,3351,3164,3277,3219),(3595,72,45,3174,-2.56,3233,3115,3233,3145),(3596,72,46,3189,0.46,3238,3139,3178,3159),(3597,72,47,3191,0.08,3243,3139,3149,3239),(3598,72,48,3345,4.83,3447,3243,3243,3344),(3599,72,49,3370,0.75,3417,3323,3343,3413),(3600,72,50,3532,4.81,3646,3418,3438,3637),(5401,25,-25,211,0,218,203,204,215),(5402,25,-24,217,2.85,226,207,214,225),(5403,25,-23,217,0,229,204,224,205),(5404,25,-22,195,-10.16,206,183,199,190),(5405,25,-21,200,2.57,209,190,190,206),(5406,25,-20,214,7.27,223,205,205,212),(5407,25,-19,214,-0.23,219,208,213,209),(5408,25,-18,196,-8.2,206,186,205,201),(5409,25,-17,193,-1.79,207,178,198,180),(5410,25,-16,176,-8.83,184,167,181,176),(5411,25,-15,183,3.99,193,172,175,192),(5412,25,-14,186,1.92,192,180,184,188),(5413,25,-13,191,2.42,197,184,188,190),(5414,25,-12,183,-4.2,192,173,190,175),(5415,25,-11,179,-1.92,185,173,173,181),(5416,25,-10,183,1.96,189,176,181,176),(5417,25,-9,161,-11.78,176,146,174,148),(5418,25,-8,150,-6.83,157,143,148,148),(5419,25,-7,133,-11.33,146,120,146,127),(5420,25,-6,125,-6.39,132,117,127,120),(5421,25,-5,125,0,132,117,121,132),(5422,25,-4,134,7.23,140,127,131,139),(5423,25,-3,134,0.37,142,126,139,127),(5424,25,-2,126,-6.34,138,113,123,136),(5425,25,-1,136,7.97,141,130,139,141),(5426,25,1,139,2.58,147,131,140,139),(5427,25,2,137,-1.8,142,131,136,139),(5428,25,3,142,3.66,149,134,137,147),(5429,25,4,155,9.54,163,147,153,158),(5430,25,5,157,1.29,162,152,156,159),(5431,25,6,167,6.05,171,162,165,165),(5432,25,7,167,0.3,171,163,166,169),(5433,25,8,168,0.3,173,162,169,162),(5434,25,9,164,-2.09,171,157,159,164),(5435,25,10,160,-2.74,169,150,162,151),(5436,25,11,155,-3.13,159,150,152,157),(5437,25,12,151,-2.59,160,141,158,144),(5438,25,13,139,-7.64,149,129,142,131),(5439,25,14,127,-8.99,133,120,129,121),(5440,25,15,127,0.4,133,121,122,129),(5441,25,16,130,2.36,136,124,131,133),(5442,25,17,137,5.38,141,133,136,141),(5443,25,18,141,2.92,150,132,142,143),(5444,25,19,150,6.03,160,139,141,160),(5445,25,20,170,13.38,179,160,161,177),(5446,25,21,173,2.06,178,168,176,173),(5447,25,22,175,0.87,178,171,172,178),(5448,25,23,177,1.43,183,171,176,182),(5449,25,24,181,2.26,188,174,182,179),(5450,25,25,186,2.49,191,180,180,184),(5451,25,26,190,2.43,196,184,184,189),(5452,25,27,189,-0.53,192,186,189,190),(5453,25,28,203,7.14,213,192,192,213),(5454,25,29,210,3.46,216,203,212,214),(5455,25,30,209,-0.48,213,204,212,206),(5456,25,31,209,0,214,203,208,211),(5457,25,32,212,1.44,218,205,209,206),(5458,25,33,209,-1.18,215,203,205,212),(5459,25,34,214,2.39,221,207,213,211),(5460,25,35,204,-4.91,210,197,208,198),(5461,25,36,208,1.97,216,199,199,215),(5462,25,37,206,-0.96,214,197,214,203),(5463,25,38,203,-1.46,213,192,200,201),(5464,25,39,200,-1.23,207,193,201,197),(5465,25,40,206,3,214,198,198,212),(5466,25,41,213,3.4,218,208,212,211),(5467,25,42,206,-3.29,214,198,211,201),(5468,25,43,205,-0.49,210,200,202,205),(5469,25,44,206,0.49,211,201,204,206),(5470,25,45,201,-2.67,208,193,206,198),(5471,25,46,200,-0.25,204,196,199,200),(5472,25,47,203,1.5,208,198,200,205),(5473,25,48,202,-0.74,207,196,205,203),(5474,25,49,208,2.98,215,200,204,213),(5475,25,50,210,1.2,220,200,213,217),(5476,26,-25,162,0,167,156,167,156),(5477,26,-24,150,-7.43,153,146,150,148),(5478,26,-23,146,-2.68,149,142,148,142),(5479,26,-22,144,-1.37,148,139,140,145),(5480,26,-21,146,1.74,149,143,146,145),(5481,26,-20,143,-2.05,147,139,145,140),(5482,26,-19,143,-0.35,146,139,140,142),(5483,26,-18,136,-4.91,141,130,141,138),(5484,26,-17,134,-1.11,138,130,137,131),(5485,26,-16,126,-6.34,131,120,131,122),(5486,26,-15,124,-1.59,131,116,121,131),(5487,26,-14,134,8.1,139,128,129,133),(5488,26,-13,136,1.5,139,132,133,133),(5489,26,-12,131,-3.69,135,126,133,128),(5490,26,-11,129,-1.15,134,124,125,133),(5491,26,-10,134,3.49,139,128,132,129),(5492,26,-9,124,-7.12,128,120,127,124),(5493,26,-8,118,-4.84,126,110,124,114),(5494,26,-7,110,-7.2,114,105,112,113),(5495,26,-6,111,1.37,117,105,112,108),(5496,26,-5,110,-1.35,116,103,107,115),(5497,26,-4,119,8.22,123,114,117,120),(5498,26,-3,119,0,123,114,121,114),(5499,26,-2,110,-7.59,114,105,110,107),(5500,26,-1,108,-1.37,112,104,108,112),(5501,26,1,107,-1.39,114,99,112,101),(5502,26,2,104,-2.35,108,100,100,107),(5503,26,3,104,0,107,101,106,104),(5504,26,4,107,2.88,111,103,106,109),(5505,26,5,110,2.34,115,104,109,114),(5506,26,6,113,3.2,115,111,114,113),(5507,26,7,112,-0.88,116,108,114,116),(5508,26,8,116,3.12,118,113,115,113),(5509,26,9,111,-4.33,113,108,111,108),(5510,26,10,107,-3.62,110,103,106,105),(5511,26,11,107,0.47,111,103,105,110),(5512,26,12,108,0.93,113,103,111,104),(5513,26,13,101,-6.48,107,95,103,97),(5514,26,14,91,-10.4,99,82,96,83),(5515,26,15,87,-3.87,92,82,83,87),(5516,26,16,88,0.57,90,85,87,87),(5517,26,17,89,1.71,92,86,89,88),(5518,26,18,90,1.12,94,86,87,93),(5519,26,19,93,3.33,98,88,93,95),(5520,26,20,99,6.45,107,91,96,106),(5521,26,21,106,6.57,109,102,105,105),(5522,26,22,105,-0.47,107,103,104,105),(5523,26,23,108,2.86,112,104,105,112),(5524,26,24,109,0.46,111,106,111,109),(5525,26,25,111,1.84,116,105,110,105),(5526,26,26,110,-0.45,119,101,104,116),(5527,26,27,116,5.45,118,114,116,117),(5528,26,28,121,4.31,125,117,118,124),(5529,26,29,127,4.55,129,124,125,128),(5530,26,30,126,-0.4,129,123,128,126),(5531,26,31,124,-1.59,128,120,126,127),(5532,26,32,129,3.63,131,126,126,127),(5533,26,33,123,-4.28,126,120,125,122),(5534,26,34,125,1.22,127,122,122,124),(5535,26,35,121,-3.21,124,117,123,118),(5536,26,36,119,-1.24,121,117,119,120),(5537,26,37,119,-0.42,121,116,121,117),(5538,26,38,118,-0.42,121,115,115,120),(5539,26,39,123,3.81,126,119,120,120),(5540,26,40,119,-2.86,122,116,121,122),(5541,26,41,120,0.84,123,117,122,120),(5542,26,42,123,2.5,127,119,119,125),(5543,26,43,125,1.63,127,123,126,125),(5544,26,44,125,0,127,123,125,126),(5545,26,45,125,0,128,122,126,126),(5546,26,46,123,-1.6,127,119,127,120),(5547,26,47,116,-5.69,119,113,119,114),(5548,26,48,110,-5.6,112,107,112,107),(5549,26,49,105,-4.11,108,102,108,107),(5550,26,50,107,1.43,108,105,107,105),(5551,27,-25,263,0,271,254,259,257),(5552,27,-24,251,-4.57,259,242,252,245),(5553,27,-23,237,-5.39,243,231,238,232),(5554,27,-22,226,-4.64,232,220,227,226),(5555,27,-21,232,2.65,239,225,225,230),(5556,27,-20,225,-3.02,234,216,225,218),(5557,27,-19,221,-1.78,226,216,217,220),(5558,27,-18,213,-3.85,221,204,217,213),(5559,27,-17,207,-2.59,218,196,212,198),(5560,27,-16,189,-8.94,199,178,195,190),(5561,27,-15,201,6.63,210,192,194,209),(5562,27,-14,210,4.23,214,205,210,213),(5563,27,-13,219,4.53,225,213,215,221),(5564,27,-12,224,2.28,232,216,229,219),(5565,27,-11,222,-0.89,226,218,219,219),(5566,27,-10,218,-2.03,225,210,219,210),(5567,27,-9,210,-3.68,215,204,209,209),(5568,27,-8,205,-2.39,215,194,209,197),(5569,27,-7,190,-7.33,196,183,192,193),(5570,27,-6,187,-1.32,193,181,192,189),(5571,27,-5,194,3.48,201,186,188,201),(5572,27,-4,193,-0.52,198,187,195,189),(5573,27,-3,187,-2.86,194,180,192,181),(5574,27,-2,174,-7.22,180,167,174,176),(5575,27,-1,187,7.49,192,181,183,191),(5576,27,1,184,-1.34,189,179,188,187),(5577,27,2,189,2.72,194,184,185,193),(5578,27,3,190,0.53,195,185,192,193),(5579,27,4,199,4.74,204,194,198,200),(5580,27,5,203,1.76,211,194,203,211),(5581,27,6,214,5.43,217,210,213,211),(5582,27,7,213,-0.23,216,210,213,215),(5583,27,8,210,-1.41,215,205,214,207),(5584,27,9,202,-3.81,207,197,202,197),(5585,27,10,195,-3.47,200,190,198,191),(5586,27,11,192,-1.54,197,187,188,195),(5587,27,12,199,3.39,202,195,200,196),(5588,27,13,191,-4.03,198,183,194,186),(5589,27,14,187,-1.84,191,183,187,185),(5590,27,15,189,1.07,196,182,183,185),(5591,27,16,181,-4.23,186,176,184,180),(5592,27,17,189,4.14,193,184,186,188),(5593,27,18,194,2.92,199,189,189,198),(5594,27,19,196,0.77,203,188,196,199),(5595,27,20,208,6.39,218,198,200,216),(5596,27,21,213,2.4,216,210,215,216),(5597,27,22,216,1.17,218,213,214,218),(5598,27,23,222,2.78,228,215,218,226),(5599,27,24,223,0.45,227,218,226,220),(5600,27,25,224,0.67,230,218,222,218),(5601,27,26,214,-4.69,218,209,218,211),(5602,27,27,213,-0.23,216,210,211,214),(5603,27,28,219,2.58,224,213,216,224),(5604,27,29,233,6.41,237,228,230,235),(5605,27,30,239,2.8,242,236,237,242),(5606,27,31,249,3.97,256,241,241,253),(5607,27,32,258,3.82,270,246,253,260),(5608,27,33,263,1.94,270,256,260,259),(5609,27,34,264,0.38,268,260,261,266),(5610,27,35,261,-1.33,264,257,263,259),(5611,27,36,266,1.92,273,258,260,271),(5612,27,37,267,0.38,274,259,273,261),(5613,27,38,259,-3,265,252,258,259),(5614,27,39,266,2.71,271,260,262,265),(5615,27,40,268,0.94,272,264,268,270),(5616,27,41,272,1.31,275,268,270,271),(5617,27,42,278,2.39,286,270,270,285),(5618,27,43,277,-0.54,281,272,280,278),(5619,27,44,277,0.18,280,274,278,278),(5620,27,45,285,2.89,297,273,279,296),(5621,27,46,294,2.98,297,290,297,296),(5622,27,47,296,0.68,299,292,295,298),(5623,27,48,293,-1.02,302,283,298,290),(5624,27,49,292,-0.34,300,283,292,298),(5625,27,50,297,1.72,299,294,298,297),(5626,28,-25,156,0,161,150,157,150),(5627,28,-24,155,-0.32,167,143,147,167),(5628,28,-23,150,-3.55,165,134,165,135),(5629,28,-22,132,-11.71,141,123,131,132),(5630,28,-21,136,3.03,141,131,132,135),(5631,28,-20,138,1.47,145,131,135,132),(5632,28,-19,136,-1.45,143,129,132,133),(5633,28,-18,129,-5.15,136,122,129,135),(5634,28,-17,131,1.16,137,124,133,125),(5635,28,-16,124,-4.98,130,118,127,123),(5636,28,-15,127,2.42,135,119,123,135),(5637,28,-14,135,5.91,138,131,134,137),(5638,28,-13,134,-0.74,142,125,135,127),(5639,28,-12,123,-7.87,129,117,127,119),(5640,28,-11,116,-5.69,119,113,118,113),(5641,28,-10,117,0.86,122,112,112,112),(5642,28,-9,112,-4.7,116,107,111,110),(5643,28,-8,114,1.79,119,108,111,112),(5644,28,-7,107,-5.73,112,102,107,111),(5645,28,-6,109,1.87,117,101,109,106),(5646,28,-5,112,2.75,119,105,107,119),(5647,28,-4,115,2.68,118,112,117,114),(5648,28,-3,109,-5.22,117,101,117,101),(5649,28,-2,93,-14.68,99,87,98,89),(5650,28,-1,95,1.61,98,91,91,97),(5651,28,1,91,-3.7,98,84,97,86),(5652,28,2,87,-4.95,91,82,83,91),(5653,28,3,90,4.05,94,86,89,94),(5654,28,4,98,8.33,103,92,95,101),(5655,28,5,102,4.62,106,98,100,105),(5656,28,6,107,4.9,111,103,104,109),(5657,28,7,104,-2.8,111,97,109,110),(5658,28,8,107,2.88,111,103,109,104),(5659,28,9,102,-5.14,105,98,102,98),(5660,28,10,94,-7.88,98,89,97,91),(5661,28,11,93,-0.53,97,89,91,96),(5662,28,12,92,-1.61,97,86,96,88),(5663,28,13,87,-5.46,91,82,87,84),(5664,28,14,84,-3.47,86,81,84,81),(5665,28,15,87,3.59,91,82,83,82),(5666,28,16,77,-11.56,82,71,82,74),(5667,28,17,78,1.96,82,74,77,82),(5668,28,18,86,9.62,90,81,82,89),(5669,28,19,89,3.51,93,84,88,91),(5670,28,20,101,14.12,110,92,92,110),(5671,28,21,106,4.95,112,100,108,104),(5672,28,22,105,-1.42,108,101,103,105),(5673,28,23,106,1.44,110,102,104,106),(5674,28,24,106,0,109,103,106,107),(5675,28,25,110,3.3,116,103,106,104),(5676,28,26,101,-8.22,106,95,104,97),(5677,28,27,95,-5.47,97,93,96,97),(5678,28,28,100,5.26,104,96,99,104),(5679,28,29,108,7.5,111,104,105,109),(5680,28,30,109,1.4,112,106,109,109),(5681,28,31,112,2.29,115,108,108,112),(5682,28,32,116,3.59,124,107,110,119),(5683,28,33,117,0.87,121,112,118,114),(5684,28,34,116,-0.43,119,113,115,115),(5685,28,35,112,-3.88,114,109,113,111),(5686,28,36,115,3.14,119,111,113,118),(5687,28,37,117,1.74,121,113,119,114),(5688,28,38,118,0.43,124,111,113,122),(5689,28,39,122,3.4,125,118,123,119),(5690,28,40,119,-2.06,123,115,120,122),(5691,28,41,117,-2.1,122,111,121,114),(5692,28,42,114,-2.15,117,111,112,112),(5693,28,43,113,-1.32,116,109,109,113),(5694,28,44,111,-1.33,113,109,113,113),(5695,28,45,114,2.25,116,111,113,116),(5696,28,46,115,0.88,117,112,116,116),(5697,28,47,124,8.3,132,116,116,126),(5698,28,48,128,3.23,136,120,127,136),(5699,28,49,135,5.08,138,131,138,134),(5700,28,50,134,-0.74,137,130,134,136),(5701,29,-25,29,0,30,27,29,27),(5702,29,-24,27,-7.02,28,25,26,26),(5703,29,-23,25,-7.55,26,23,26,23),(5704,29,-22,22,-10.2,24,20,22,22),(5705,29,-21,24,9.09,25,23,23,24),(5706,29,-20,25,2.08,26,23,24,23),(5707,29,-19,25,0,26,23,23,23),(5708,29,-18,22,-10.2,24,20,23,24),(5709,29,-17,23,4.55,24,22,23,22),(5710,29,-16,22,-6.52,23,20,22,22),(5711,29,-15,24,9.3,26,21,21,26),(5712,29,-14,27,12.77,28,25,26,27),(5713,29,-13,27,1.89,28,26,27,26),(5714,29,-12,25,-7.41,27,23,26,23),(5715,29,-11,22,-14,22,21,22,21),(5716,29,-10,21,-4.65,22,19,21,19),(5717,29,-9,19,-7.32,20,18,19,18),(5718,29,-8,19,-2.63,20,17,18,18),(5719,29,-7,17,-10.81,18,15,18,17),(5720,29,-6,17,0,18,15,17,16),(5721,29,-5,17,0,18,15,16,18),(5722,29,-4,19,12.12,19,18,18,18),(5723,29,-3,18,-5.41,19,16,19,16),(5724,29,-2,16,-11.43,16,15,16,15),(5725,29,-1,16,3.23,17,15,16,17),(5726,29,1,16,-3.12,17,14,17,14),(5727,29,2,15,-3.23,16,14,14,15),(5728,29,3,15,-3.33,15,14,15,15),(5729,29,4,17,17.24,18,16,16,17),(5730,29,5,17,0,18,16,17,18),(5731,29,6,18,5.88,19,17,18,18),(5732,29,7,17,-5.56,18,16,17,18),(5733,29,8,18,5.88,19,17,18,17),(5734,29,9,17,-8.33,17,16,17,16),(5735,29,10,15,-12.12,16,13,16,13),(5736,29,11,14,-6.9,14,13,13,14),(5737,29,12,13,-3.7,14,12,14,13),(5738,29,13,13,0,14,12,13,12),(5739,29,14,12,-11.54,12,11,12,12),(5740,29,15,13,8.7,13,12,12,12),(5741,29,16,11,-12,12,10,12,11),(5742,29,17,12,4.55,12,11,11,12),(5743,29,18,13,8.7,13,12,12,13),(5744,29,19,13,4,14,12,13,14),(5745,29,20,15,11.54,16,13,14,16),(5746,29,21,16,6.9,16,15,16,15),(5747,29,22,16,0,16,15,15,16),(5748,29,23,16,3.23,17,15,16,16),(5749,29,24,16,0,17,15,16,17),(5750,29,25,17,6.25,18,16,17,16),(5751,29,26,15,-11.76,16,14,16,15),(5752,29,27,14,-6.67,15,13,15,14),(5753,29,28,15,3.57,15,14,14,14),(5754,29,29,16,6.9,16,15,15,16),(5755,29,30,17,6.45,17,16,16,17),(5756,29,31,19,12.12,20,17,18,20),(5757,29,32,20,5.41,21,18,19,21),(5758,29,33,22,10.26,23,20,20,21),(5759,29,34,22,0,23,20,21,21),(5760,29,35,22,0,23,20,21,23),(5761,29,36,23,4.65,23,22,23,23),(5762,29,37,23,2.22,24,22,23,22),(5763,29,38,24,4.35,26,22,22,25),(5764,29,39,26,8.33,27,25,25,26),(5765,29,40,26,0,27,25,26,27),(5766,29,41,27,3.85,28,26,27,27),(5767,29,42,27,-1.85,27,26,26,26),(5768,29,43,27,1.89,28,26,26,27),(5769,29,44,27,-1.85,27,26,27,27),(5770,29,45,28,5.66,29,27,27,28),(5771,29,46,29,1.79,29,28,28,28),(5772,29,47,30,3.51,31,28,28,31),(5773,29,48,34,15.25,39,29,30,38),(5774,29,49,39,14.71,41,37,40,39),(5775,29,50,38,-2.56,39,37,38,38),(5776,30,-25,54,0,56,51,51,53),(5777,30,-24,55,1.87,56,53,53,55),(5778,30,-23,53,-2.75,55,51,55,52),(5779,30,-22,49,-7.55,52,46,51,47),(5780,30,-21,48,-2.04,49,47,47,48),(5781,30,-20,48,0,49,47,48,47),(5782,30,-19,46,-4.17,48,44,47,45),(5783,30,-18,45,-2.17,47,43,44,47),(5784,30,-17,47,4.44,48,46,47,48),(5785,30,-16,47,-1.06,48,45,48,45),(5786,30,-15,46,-2.15,47,44,45,47),(5787,30,-14,49,7.69,51,47,47,51),(5788,30,-13,50,1.02,52,47,51,48),(5789,30,-12,48,-4.04,49,46,48,47),(5790,30,-11,46,-3.16,47,45,46,45),(5791,30,-10,47,1.09,48,45,45,46),(5792,30,-9,45,-3.23,47,43,46,43),(5793,30,-8,45,-1.11,46,43,43,44),(5794,30,-7,43,-3.37,44,42,43,43),(5795,30,-6,42,-2.33,44,40,43,41),(5796,30,-5,43,1.19,44,41,41,44),(5797,30,-4,44,2.35,44,43,44,43),(5798,30,-3,42,-4.6,44,39,43,39),(5799,30,-2,38,-9.64,39,36,38,36),(5800,30,-1,37,-1.33,38,36,37,38),(5801,30,1,37,0,39,35,38,36),(5802,30,2,37,-1.35,38,35,35,37),(5803,30,3,37,1.37,38,36,37,38),(5804,30,4,39,5.41,40,38,39,39),(5805,30,5,38,-3.85,40,35,39,36),(5806,30,6,36,-4,37,35,36,35),(5807,30,7,35,-2.78,36,34,35,36),(5808,30,8,36,1.43,36,35,36,35),(5809,30,9,34,-4.23,35,33,35,33),(5810,30,10,32,-5.88,33,31,33,31),(5811,30,11,30,-6.25,31,29,31,31),(5812,30,12,30,-1.67,31,28,31,29),(5813,30,13,28,-5.08,29,27,29,27),(5814,30,14,26,-7.14,27,25,27,25),(5815,30,15,26,0,27,25,26,25),(5816,30,16,25,-3.85,26,24,25,25),(5817,30,17,26,4,27,25,26,26),(5818,30,18,28,5.77,29,26,26,29),(5819,30,19,28,1.82,29,27,29,28),(5820,30,20,29,1.79,30,27,28,30),(5821,30,21,30,5.26,31,29,30,29),(5822,30,22,29,-3.33,30,28,29,29),(5823,30,23,29,0,30,28,29,29),(5824,30,24,29,-1.72,29,28,29,28),(5825,30,25,28,-1.75,30,26,28,26),(5826,30,26,26,-8.93,26,25,26,26),(5827,30,27,26,0,26,25,25,26),(5828,30,28,27,5.88,28,26,27,28),(5829,30,29,29,7.41,30,28,28,30),(5830,30,30,29,0,30,28,30,29),(5831,30,31,28,-3.45,30,26,29,28),(5832,30,32,29,3.57,31,27,27,30),(5833,30,33,28,-3.45,29,27,29,27),(5834,30,34,28,-1.79,28,27,27,27),(5835,30,35,26,-7.27,27,24,27,25),(5836,30,36,25,-1.96,26,24,25,26),(5837,30,37,26,4,27,25,26,27),(5838,30,38,29,9.62,31,26,26,29),(5839,30,39,28,-1.75,29,27,29,29),(5840,30,40,30,7.14,32,28,29,32),(5841,30,41,33,8.33,33,32,32,32),(5842,30,42,32,-1.54,33,31,32,31),(5843,30,43,31,-3.12,32,30,31,30),(5844,30,44,30,-3.23,32,28,30,31),(5845,30,45,30,0,31,29,31,30),(5846,30,46,29,-3.33,30,28,30,28),(5847,30,47,29,0,30,28,28,29),(5848,30,48,28,-3.45,30,26,29,29),(5849,30,49,31,8.93,32,29,29,31),(5850,30,50,30,-1.64,31,29,31,31),(5851,31,-25,324,0,338,310,335,314),(5852,31,-24,313,-3.4,323,303,309,310),(5853,31,-23,304,-2.88,313,295,304,296),(5854,31,-22,292,-3.95,308,276,292,308),(5855,31,-21,307,5.14,315,299,308,305),(5856,31,-20,303,-1.47,311,294,306,295),(5857,31,-19,293,-3.14,300,286,293,287),(5858,31,-18,284,-3.07,297,271,285,297),(5859,31,-17,295,3.87,303,287,294,289),(5860,31,-16,280,-5.25,289,270,288,280),(5861,31,-15,288,3.04,301,275,280,300),(5862,31,-14,300,3.99,305,294,298,303),(5863,31,-13,310,3.34,315,304,304,309),(5864,31,-12,306,-1.29,315,296,310,296),(5865,31,-11,286,-6.55,292,279,291,279),(5866,31,-10,283,-0.88,293,273,278,274),(5867,31,-9,280,-1.06,290,270,273,277),(5868,31,-8,281,0.18,290,271,277,274),(5869,31,-7,262,-6.77,273,250,270,261),(5870,31,-6,257,-1.72,268,246,259,252),(5871,31,-5,263,2.33,273,253,255,273),(5872,31,-4,269,2.28,277,261,272,270),(5873,31,-3,263,-2.23,274,252,272,252),(5874,31,-2,248,-5.7,255,241,245,247),(5875,31,-1,258,4.03,267,249,250,267),(5876,31,1,260,0.78,268,252,268,259),(5877,31,2,262,0.58,269,254,256,267),(5878,31,3,256,-2.29,266,245,265,256),(5879,31,4,259,1.37,265,253,259,260),(5880,31,5,266,2.51,282,249,261,280),(5881,31,6,278,4.52,283,272,277,282),(5882,31,7,284,2.34,291,277,284,291),(5883,31,8,290,1.94,294,285,291,286),(5884,31,9,275,-5.18,282,267,282,268),(5885,31,10,261,-5.1,267,254,265,256),(5886,31,11,258,-0.96,265,251,256,264),(5887,31,12,255,-1.36,267,242,265,244),(5888,31,13,241,-5.3,247,235,242,237),(5889,31,14,237,-1.66,242,232,237,232),(5890,31,15,242,1.9,250,233,235,234),(5891,31,16,228,-5.59,237,219,233,228),(5892,31,17,239,4.61,243,234,235,242),(5893,31,18,238,-0.21,251,225,243,235),(5894,31,19,224,-5.88,235,213,233,221),(5895,31,20,234,4.46,247,221,221,247),(5896,31,21,242,3.42,247,237,241,241),(5897,31,22,244,0.83,248,240,241,247),(5898,31,23,247,1.23,256,238,246,255),(5899,31,24,248,0.2,253,242,252,245),(5900,31,25,253,2.22,263,243,247,244),(5901,31,26,239,-5.53,245,233,244,238),(5902,31,27,238,-0.63,241,234,238,239),(5903,31,28,232,-2.32,245,219,243,224),(5904,31,29,233,0.22,239,226,226,239),(5905,31,30,236,1.51,242,230,237,240),(5906,31,31,240,1.48,249,230,241,248),(5907,31,32,253,5.64,264,242,244,258),(5908,31,33,265,4.74,276,254,257,263),(5909,31,34,265,0,274,256,267,258),(5910,31,35,252,-4.91,256,248,254,249),(5911,31,36,250,-0.79,255,245,252,255),(5912,31,37,254,1.4,260,247,256,248),(5913,31,38,264,4.14,283,245,247,279),(5914,31,39,275,4.17,281,269,276,280),(5915,31,40,281,2,289,272,280,288),(5916,31,41,287,2.32,292,282,286,291),(5917,31,42,285,-0.7,289,281,289,286),(5918,31,43,287,0.7,291,283,289,285),(5919,31,44,292,1.57,308,275,282,307),(5920,31,45,307,5.32,311,303,306,310),(5921,31,46,310,0.81,313,306,310,308),(5922,31,47,313,1.13,319,307,309,318),(5923,31,48,323,3.04,333,312,318,332),(5924,31,49,331,2.48,337,324,335,335),(5925,31,50,330,-0.15,338,322,335,326),(5926,32,-25,177,0,182,171,177,172),(5927,32,-24,173,-2.27,177,168,169,173),(5928,32,-23,167,-3.19,172,162,171,162),(5929,32,-22,162,-2.99,170,154,160,170),(5930,32,-21,173,6.48,176,169,170,172),(5931,32,-20,172,-0.29,176,168,172,168),(5932,32,-19,170,-1.45,173,166,167,167),(5933,32,-18,159,-6.19,166,152,164,164),(5934,32,-17,165,3.46,168,161,163,163),(5935,32,-16,160,-3.04,165,154,163,154),(5936,32,-15,157,-1.57,164,150,151,163),(5937,32,-14,169,7.64,175,163,163,174),(5938,32,-13,175,3.55,179,171,172,174),(5939,32,-12,174,-0.86,178,169,174,170),(5940,32,-11,168,-3.17,171,165,168,165),(5941,32,-10,166,-1.19,171,161,163,161),(5942,32,-9,161,-3.31,166,155,161,157),(5943,32,-8,160,-0.62,166,153,156,157),(5944,32,-7,147,-7.84,156,138,154,147),(5945,32,-6,141,-4.42,149,132,145,137),(5946,32,-5,143,1.78,149,137,137,149),(5947,32,-4,148,3.15,151,144,149,145),(5948,32,-3,143,-3.05,149,137,147,137),(5949,32,-2,133,-6.99,137,129,132,131),(5950,32,-1,137,3.01,141,133,133,141),(5951,32,1,138,0.73,143,133,142,138),(5952,32,2,142,2.54,147,136,137,147),(5953,32,3,146,3.18,150,142,145,150),(5954,32,4,151,3.42,156,146,150,154),(5955,32,5,157,3.64,163,150,154,162),(5956,32,6,163,4.15,167,159,161,165),(5957,32,7,168,2.76,172,163,166,172),(5958,32,8,174,3.58,176,171,171,171),(5959,32,9,167,-3.75,171,163,169,163),(5960,32,10,158,-5.39,162,154,161,155),(5961,32,11,155,-2.22,157,152,156,157),(5962,32,12,156,0.97,164,148,159,150),(5963,32,13,153,-1.92,158,148,149,150),(5964,32,14,146,-4.58,154,138,149,138),(5965,32,15,142,-2.74,147,137,138,140),(5966,32,16,139,-2.11,144,134,140,138),(5967,32,17,144,3.24,147,140,141,147),(5968,32,18,151,4.88,157,144,147,155),(5969,32,19,145,-3.99,155,134,153,138),(5970,32,20,142,-1.73,150,134,137,149),(5971,32,21,150,5.28,153,146,148,151),(5972,32,22,149,-0.67,151,146,150,148),(5973,32,23,145,-2.69,149,140,145,147),(5974,32,24,145,0.35,150,140,147,142),(5975,32,25,141,-2.76,149,133,142,134),(5976,32,26,133,-6.03,136,129,135,131),(5977,32,27,128,-3.4,131,125,131,129),(5978,32,28,127,-0.78,130,124,130,129),(5979,32,29,131,3.15,134,128,130,134),(5980,32,30,136,3.44,138,133,134,137),(5981,32,31,142,4.8,147,137,138,145),(5982,32,32,149,4.93,157,141,144,154),(5983,32,33,152,2.01,155,149,152,151),(5984,32,34,153,0.66,156,150,150,152),(5985,32,35,148,-3.27,151,145,150,146),(5986,32,36,147,-0.68,151,143,147,151),(5987,32,37,152,3.06,156,147,153,148),(5988,32,38,152,0,156,147,147,155),(5989,32,39,158,4.29,162,154,155,160),(5990,32,40,160,1.27,165,155,159,164),(5991,32,41,164,2.19,166,161,164,164),(5992,32,42,163,-0.61,166,159,161,165),(5993,32,43,166,2.15,168,164,165,165),(5994,32,44,166,-0.3,169,162,165,169),(5995,32,45,169,2.11,174,164,169,173),(5996,32,46,173,2.07,174,171,172,172),(5997,32,47,173,0.29,176,170,173,175),(5998,32,48,173,-0.29,175,170,173,175),(5999,32,49,179,3.48,181,176,176,180),(6000,32,50,181,1.12,184,177,182,180),(6001,33,-25,333,0,343,322,338,331),(6002,33,-24,326,-2.11,336,315,325,331),(6003,33,-23,315,-3.23,327,303,323,303),(6004,33,-22,299,-5.08,309,289,297,301),(6005,33,-21,279,-6.69,328,230,300,237),(6006,33,-20,227,-18.64,238,216,237,219),(6007,33,-19,213,-6.17,221,205,219,206),(6008,33,-18,201,-5.87,211,190,202,210),(6009,33,-17,206,2.49,213,198,207,200),(6010,33,-16,193,-6.08,200,186,200,187),(6011,33,-15,201,3.89,216,185,187,216),(6012,33,-14,216,7.73,225,207,214,221),(6013,33,-13,225,4.17,231,219,222,224),(6014,33,-12,227,0.89,236,218,225,222),(6015,33,-11,216,-4.85,222,210,218,210),(6016,33,-10,201,-7.18,218,183,210,184),(6017,33,-9,191,-4.99,212,169,182,200),(6018,33,-8,212,11.29,224,200,201,203),(6019,33,-7,193,-8.96,202,184,199,198),(6020,33,-6,196,1.55,205,187,197,193),(6021,33,-5,186,-5.1,196,176,195,195),(6022,33,-4,193,3.49,200,185,194,190),(6023,33,-3,189,-2.08,202,175,193,175),(6024,33,-2,166,-12.2,172,159,170,163),(6025,33,-1,162,-2.11,170,154,165,170),(6026,33,1,163,0.62,171,155,171,160),(6027,33,2,165,0.92,172,157,158,170),(6028,33,3,162,-1.52,167,157,167,164),(6029,33,4,174,7.41,183,165,166,169),(6030,33,5,162,-6.9,170,154,169,159),(6031,33,6,164,0.93,172,155,157,167),(6032,33,7,175,6.73,183,166,168,180),(6033,33,8,174,-0.29,181,167,178,167),(6034,33,9,165,-5.46,170,159,165,161),(6035,33,10,161,-2.13,167,155,160,160),(6036,33,11,163,0.93,169,156,160,169),(6037,33,12,158,-3.08,171,144,167,146),(6038,33,13,144,-8.89,149,138,145,140),(6039,33,14,138,-3.83,142,134,140,135),(6040,33,15,137,-0.72,142,132,137,133),(6041,33,16,129,-5.84,136,122,133,126),(6042,33,17,131,1.55,137,125,130,130),(6043,33,18,117,-10.69,138,96,127,99),(6044,33,19,94,-20.09,99,88,98,90),(6045,33,20,104,10.7,114,93,94,113),(6046,33,21,114,9.66,118,109,110,112),(6047,33,22,110,-3.08,112,108,111,111),(6048,33,23,116,5.45,124,108,110,123),(6049,33,24,118,1.72,124,112,121,115),(6050,33,25,119,0.42,124,113,115,119),(6051,33,26,116,-2.11,120,112,116,118),(6052,33,27,118,1.72,121,115,117,120),(6053,33,28,126,6.78,130,122,122,130),(6054,33,29,132,4.76,137,127,131,136),(6055,33,30,136,2.65,139,132,136,139),(6056,33,31,146,7.38,153,138,139,151),(6057,33,32,172,17.87,197,146,149,186),(6058,33,33,183,6.71,193,173,186,174),(6059,33,34,175,-4.37,181,169,178,172),(6060,33,35,173,-1.43,178,167,174,170),(6061,33,36,178,2.9,186,169,171,185),(6062,33,37,184,3.66,190,178,188,179),(6063,33,38,190,2.99,205,174,177,195),(6064,33,39,200,5.54,207,193,198,206),(6065,33,40,205,2.25,212,197,204,211),(6066,33,41,212,3.67,216,208,208,216),(6067,33,42,216,1.89,222,210,214,221),(6068,33,43,215,-0.69,220,209,219,212),(6069,33,44,224,4.43,241,207,213,240),(6070,33,45,237,5.58,244,229,238,232),(6071,33,46,234,-1.06,238,230,231,233),(6072,33,47,242,3.21,248,235,236,245),(6073,33,48,253,4.76,262,244,245,262),(6074,33,49,267,5.34,275,258,265,272),(6075,33,50,267,0.19,276,258,270,264),(6076,34,-25,574,0,609,538,605,541),(6077,34,-24,528,-8.02,544,511,538,525),(6078,34,-23,453,-14.22,526,379,520,397),(6079,34,-22,373,-17.68,394,351,383,384),(6080,34,-21,427,14.63,458,396,401,410),(6081,34,-20,400,-6.44,412,387,410,391),(6082,34,-19,397,-0.63,409,385,387,391),(6083,34,-18,373,-6.05,392,354,388,390),(6084,34,-17,377,1.07,397,357,387,361),(6085,34,-16,354,-6.23,367,340,360,340),(6086,34,-15,355,0.42,381,329,338,380),(6087,34,-14,376,5.92,386,366,378,373),(6088,34,-13,381,1.33,396,366,375,373),(6089,34,-12,375,-1.71,396,353,373,355),(6090,34,-11,349,-6.81,359,339,350,341),(6091,34,-10,281,-19.63,351,210,340,215),(6092,34,-9,201,-28.52,216,185,213,190),(6093,34,-8,190,-5.49,204,175,191,180),(6094,34,-7,175,-7.92,187,162,177,187),(6095,34,-6,185,6.02,195,175,193,186),(6096,34,-5,186,0.54,195,177,186,195),(6097,34,-4,198,6.18,205,190,196,198),(6098,34,-3,194,-2.03,207,180,202,182),(6099,34,-2,174,-10.34,183,164,177,175),(6100,34,-1,180,3.75,191,169,177,190),(6101,34,1,181,0.56,192,170,191,179),(6102,34,2,181,0,190,172,176,186),(6103,34,3,179,-1.1,189,169,184,189),(6104,34,4,209,16.48,229,188,192,220),(6105,34,5,221,5.76,230,211,221,224),(6106,34,6,226,2.49,232,220,223,226),(6107,34,7,238,5.09,251,224,227,249),(6108,34,8,243,2.32,251,235,248,241),(6109,34,9,230,-5.56,236,223,232,223),(6110,34,10,226,-1.74,233,218,221,226),(6111,34,11,224,-0.67,234,214,225,233),(6112,34,12,229,2.01,242,215,233,240),(6113,34,13,236,3.06,250,221,245,226),(6114,34,14,233,-1.06,246,220,225,235),(6115,34,15,235,0.64,245,224,237,224),(6116,34,16,225,-4.26,238,211,225,230),(6117,34,17,262,16.7,290,234,234,289),(6118,34,18,293,11.64,305,280,290,295),(6119,34,19,277,-5.3,299,255,295,260),(6120,34,20,271,-2.17,290,252,261,290),(6121,34,21,300,10.52,312,287,290,287),(6122,34,22,285,-5.01,292,277,291,285),(6123,34,23,298,4.75,321,275,284,320),(6124,34,24,316,5.87,329,302,316,320),(6125,34,25,309,-2.06,332,286,320,290),(6126,34,26,290,-6.15,300,280,289,294),(6127,34,27,284,-2.07,295,273,293,294),(6128,34,28,302,6.34,316,288,298,315),(6129,34,29,324,7.12,336,311,316,332),(6130,34,30,329,1.55,344,313,331,342),(6131,34,31,355,7.91,369,340,341,360),(6132,34,32,364,2.54,379,348,358,365),(6133,34,33,360,-0.96,373,347,363,347),(6134,34,34,353,-2.08,363,342,349,347),(6135,34,35,329,-6.67,344,314,342,317),(6136,34,36,320,-2.74,330,310,323,315),(6137,34,37,306,-4.38,323,289,317,292),(6138,34,38,301,-1.8,316,285,287,303),(6139,34,39,312,3.83,331,293,299,328),(6140,34,40,333,6.73,345,321,327,345),(6141,34,41,341,2.25,349,332,341,339),(6142,34,42,339,-0.59,347,330,335,338),(6143,34,43,327,-3.4,338,316,338,327),(6144,34,44,326,-0.46,334,317,330,329),(6145,34,45,323,-0.77,331,315,329,322),(6146,34,46,335,3.72,348,322,322,339),(6147,34,47,352,5.07,375,329,340,365),(6148,34,48,369,4.69,383,354,365,378),(6149,34,49,396,7.46,407,385,397,400),(6150,34,50,411,3.66,425,396,400,420),(6151,35,-25,157,0,160,153,155,157),(6152,35,-24,153,-2.24,158,148,157,151),(6153,35,-23,145,-5.56,153,136,151,137),(6154,35,-22,134,-7.61,138,129,134,138),(6155,35,-21,141,5.62,144,138,138,142),(6156,35,-20,149,5.32,157,140,143,149),(6157,35,-19,153,2.69,156,149,149,151),(6158,35,-18,145,-4.92,150,140,150,149),(6159,35,-17,144,-0.69,149,139,147,140),(6160,35,-16,135,-6.6,140,129,140,131),(6161,35,-15,134,-0.37,140,128,130,140),(6162,35,-14,139,3.73,142,136,138,139),(6163,35,-13,140,0.36,144,135,138,137),(6164,35,-12,135,-3.58,139,130,136,131),(6165,35,-11,132,-2.23,133,130,130,130),(6166,35,-10,126,-4.56,133,118,130,118),(6167,35,-9,116,-7.97,120,111,117,111),(6168,35,-8,112,-3.03,116,108,111,110),(6169,35,-7,105,-6.7,110,99,108,107),(6170,35,-6,104,-0.48,108,100,107,102),(6171,35,-5,105,0.48,109,100,103,109),(6172,35,-4,110,4.78,112,107,110,108),(6173,35,-3,105,-4.57,110,99,109,99),(6174,35,-2,95,-9.09,97,93,97,94),(6175,35,-1,95,0,98,92,94,97),(6176,35,1,96,1.05,100,92,98,96),(6177,35,2,95,-1.04,98,92,94,95),(6178,35,3,93,-2.63,95,90,95,95),(6179,35,4,100,7.57,104,95,96,102),(6180,35,5,103,3.02,106,99,102,106),(6181,35,6,106,3.41,109,103,104,106),(6182,35,7,115,8.49,123,107,108,121),(6183,35,8,123,6.52,126,119,121,120),(6184,35,9,116,-5.71,118,113,117,114),(6185,35,10,112,-3.03,114,110,112,111),(6186,35,11,112,-0.45,115,108,111,115),(6187,35,12,112,0,117,106,116,108),(6188,35,13,104,-7.17,109,98,107,99),(6189,35,14,97,-6.28,100,94,98,94),(6190,35,15,98,0.52,101,94,95,97),(6191,35,16,94,-3.59,98,90,97,94),(6192,35,17,99,5.32,102,96,96,102),(6193,35,18,104,4.55,107,100,102,105),(6194,35,19,103,-0.48,108,98,105,99),(6195,35,20,94,-9.22,101,86,100,95),(6196,35,21,94,0,97,90,95,91),(6197,35,22,97,3.74,100,94,100,98),(6198,35,23,96,-1.03,99,93,98,99),(6199,35,24,95,-1.04,99,91,98,93),(6200,35,25,93,-2.63,97,88,93,90),(6201,35,26,87,-6.49,89,84,89,88),(6202,35,27,86,-0.58,88,84,87,86),(6203,35,28,91,5.23,94,87,88,93),(6204,35,29,97,6.63,100,93,94,99),(6205,35,30,100,3.63,103,97,100,103),(6206,35,31,106,6,110,102,103,109),(6207,35,32,110,3.3,113,106,108,110),(6208,35,33,113,2.74,118,107,110,108),(6209,35,34,106,-5.78,109,103,108,105),(6210,35,35,101,-5.19,103,98,103,100),(6211,35,36,99,-1.49,101,97,100,101),(6212,35,37,97,-2.02,102,92,101,93),(6213,35,38,92,-5.15,94,90,91,93),(6214,35,39,95,3.26,97,93,93,94),(6215,35,40,97,2.11,100,94,94,100),(6216,35,41,99,2.06,100,98,100,99),(6217,35,42,100,0.51,102,97,99,99),(6218,35,43,99,-0.5,101,97,99,99),(6219,35,44,99,0,102,96,100,102),(6220,35,45,99,0,102,96,102,100),(6221,35,46,97,-2.02,103,91,101,91),(6222,35,47,92,-5.15,94,90,91,91),(6223,35,48,90,-2.72,92,87,91,88),(6224,35,49,89,-0.56,91,87,88,90),(6225,35,50,91,2.25,93,89,91,91),(6226,36,-25,166,0,171,161,165,166),(6227,36,-24,163,-1.81,167,159,167,162),(6228,36,-23,158,-3.37,161,154,160,156),(6229,36,-22,157,-0.32,164,150,154,159),(6230,36,-21,161,2.23,164,157,158,162),(6231,36,-20,170,5.61,177,162,163,169),(6232,36,-19,177,4.13,184,169,170,174),(6233,36,-18,169,-4.53,175,162,174,174),(6234,36,-17,164,-2.67,172,156,170,159),(6235,36,-16,156,-5.18,165,146,159,161),(6236,36,-15,167,7.07,173,160,162,171),(6237,36,-14,170,2.1,173,167,169,171),(6238,36,-13,174,2.35,179,169,172,173),(6239,36,-12,169,-2.87,176,162,173,163),(6240,36,-11,171,1.18,181,161,161,180),(6241,36,-10,187,9.06,195,178,179,179),(6242,36,-9,181,-3.22,186,175,178,177),(6243,36,-8,176,-2.49,183,169,178,172),(6244,36,-7,166,-5.97,172,159,170,166),(6245,36,-6,159,-3.93,167,151,165,155),(6246,36,-5,163,2.52,177,149,156,172),(6247,36,-4,171,4.91,175,167,171,174),(6248,36,-3,169,-1.17,179,159,177,159),(6249,36,-2,150,-11.54,157,142,154,145),(6250,36,-1,139,-7.02,147,131,147,139),(6251,36,1,140,0.36,146,133,139,139),(6252,36,2,136,-2.51,139,133,135,137),(6253,36,3,140,2.57,144,135,137,143),(6254,36,4,149,6.45,154,143,145,150),(6255,36,5,155,4.04,159,150,152,158),(6256,36,6,159,2.59,162,155,158,157),(6257,36,7,160,0.95,164,156,157,164),(6258,36,8,163,1.88,166,160,162,161),(6259,36,9,160,-2.15,163,156,158,156),(6260,36,10,153,-4.08,157,149,154,154),(6261,36,11,156,1.96,162,150,155,162),(6262,36,12,160,2.24,166,153,163,154),(6263,36,13,147,-8.15,158,135,152,137),(6264,36,14,140,-4.44,144,136,137,140),(6265,36,15,143,2.14,148,138,142,141),(6266,36,16,142,-0.7,147,137,142,143),(6267,36,17,150,5.28,154,145,146,153),(6268,36,18,156,4.35,160,152,154,159),(6269,36,19,153,-1.92,163,143,158,148),(6270,36,20,155,0.98,164,145,149,163),(6271,36,21,161,3.88,164,157,162,161),(6272,36,22,161,0.31,163,159,161,162),(6273,36,23,163,0.93,167,158,161,165),(6274,36,24,161,-1.23,164,157,164,161),(6275,36,25,161,0,169,152,161,153),(6276,36,26,150,-6.85,154,145,154,148),(6277,36,27,147,-1.67,149,145,149,148),(6278,36,28,150,2.04,153,147,149,153),(6279,36,29,157,4.33,162,151,151,161),(6280,36,30,163,3.83,167,158,161,166),(6281,36,31,171,4.92,176,165,166,174),(6282,36,32,174,1.76,177,170,172,174),(6283,36,33,174,0,177,170,172,171),(6284,36,34,176,1.44,181,171,172,172),(6285,36,35,171,-3.12,172,169,170,170),(6286,36,36,170,-0.29,173,167,171,173),(6287,36,37,170,0,176,164,173,164),(6288,36,38,160,-6.18,164,155,162,158),(6289,36,39,161,0.63,168,153,159,156),(6290,36,40,161,0,166,155,158,166),(6291,36,41,164,1.87,166,161,165,163),(6292,36,42,165,0.61,168,161,162,168),(6293,36,43,171,3.95,174,168,168,174),(6294,36,44,169,-1.46,175,162,174,169),(6295,36,45,176,4.15,183,168,168,176),(6296,36,46,176,0.28,180,172,177,174),(6297,36,47,177,0.28,181,172,174,178),(6298,36,48,173,-2.27,178,167,178,171),(6299,36,49,171,-0.87,177,165,172,177),(6300,36,50,179,4.39,182,175,176,179),(6301,37,-25,57,0,58,56,58,57),(6302,37,-24,57,0,58,56,56,58),(6303,37,-23,59,3.51,60,58,59,59),(6304,37,-22,58,-2.54,60,55,57,59),(6305,37,-21,57,-0.87,59,55,58,55),(6306,37,-20,58,1.75,60,56,56,58),(6307,37,-19,59,0.86,61,56,57,59),(6308,37,-18,59,0.85,61,57,61,60),(6309,37,-17,60,0.85,62,57,60,57),(6310,37,-16,59,-1.68,61,56,57,60),(6311,37,-15,62,5.13,63,60,61,63),(6312,37,-14,65,4.88,66,63,63,65),(6313,37,-13,66,1.55,67,64,65,66),(6314,37,-12,69,4.58,71,66,66,71),(6315,37,-11,70,1.46,71,68,70,69),(6316,37,-10,67,-3.6,69,65,69,65),(6317,37,-9,66,-2.24,67,64,64,66),(6318,37,-8,65,-0.76,67,63,65,64),(6319,37,-7,62,-4.62,64,60,63,63),(6320,37,-6,65,4.03,66,63,63,66),(6321,37,-5,67,3.1,67,66,66,67),(6322,37,-4,66,-1.5,66,65,65,65),(6323,37,-3,63,-3.82,65,61,64,61),(6324,37,-2,60,-5.56,61,58,60,61),(6325,37,-1,64,7.56,66,62,62,66),(6326,37,1,66,2.34,67,64,66,65),(6327,37,2,66,0,67,64,64,66),(6328,37,3,66,0,67,64,66,67),(6329,37,4,66,0,68,63,67,65),(6330,37,5,66,0.76,67,65,66,66),(6331,37,6,65,-1.52,66,64,66,66),(6332,37,7,66,0.77,67,64,65,66),(6333,37,8,67,1.53,67,66,67,67),(6334,37,9,67,0.75,68,66,67,66),(6335,37,10,63,-5.97,66,60,66,60),(6336,37,11,60,-5.56,61,58,60,60),(6337,37,12,60,0,62,57,61,58),(6338,37,13,56,-5.88,58,54,57,54),(6339,37,14,54,-4.46,55,52,53,54),(6340,37,15,56,3.74,57,54,55,55),(6341,37,16,55,-1.8,56,53,54,54),(6342,37,17,55,0,56,53,56,54),(6343,37,18,57,3.67,58,55,55,58),(6344,37,19,60,5.31,61,58,58,60),(6345,37,20,63,5.04,65,60,61,62),(6346,37,21,64,2.4,65,63,63,65),(6347,37,22,66,2.34,66,65,65,66),(6348,37,23,67,1.53,68,65,66,68),(6349,37,24,69,3.01,70,67,68,69),(6350,37,25,69,0,70,67,69,67),(6351,37,26,68,-1.46,68,67,67,67),(6352,37,27,68,0,68,67,68,67),(6353,37,28,70,2.96,71,68,68,70),(6354,37,29,70,0.72,72,68,71,71),(6355,37,30,70,-0.71,71,68,71,69),(6356,37,31,67,-3.6,69,65,68,65),(6357,37,32,64,-4.48,66,62,66,63),(6358,37,33,66,3.12,69,63,63,68),(6359,37,34,69,3.79,70,67,68,68),(6360,37,35,68,-0.73,70,66,70,66),(6361,37,36,66,-3.68,67,64,66,65),(6362,37,37,64,-2.29,65,63,64,64),(6363,37,38,65,0.78,66,63,64,65),(6364,37,39,67,3.1,68,65,65,67),(6365,37,40,69,3.01,69,68,68,69),(6366,37,41,71,2.92,72,69,69,72),(6367,37,42,73,2.84,74,71,72,73),(6368,37,43,74,2.07,75,73,73,75),(6369,37,44,74,0,76,72,75,73),(6370,37,45,74,-0.68,75,72,73,75),(6371,37,46,75,1.36,75,74,75,74),(6372,37,47,74,-0.67,75,73,75,74),(6373,37,48,73,-1.35,75,71,74,72),(6374,37,49,72,-1.37,73,71,72,72),(6375,37,50,73,1.39,74,72,72,74),(6376,38,-25,52,0,54,50,54,50),(6377,38,-24,49,-6.73,50,47,50,48),(6378,38,-23,48,-1.03,49,47,47,47),(6379,38,-22,47,-3.12,48,45,46,48),(6380,38,-21,51,9.68,53,49,49,49),(6381,38,-20,51,0,53,49,50,49),(6382,38,-19,50,-2.94,51,48,48,50),(6383,38,-18,49,-1.01,51,47,49,51),(6384,38,-17,52,5.1,53,50,51,52),(6385,38,-16,51,-0.97,52,50,51,50),(6386,38,-15,53,2.94,55,50,51,55),(6387,38,-14,54,1.9,55,52,55,53),(6388,38,-13,55,1.87,56,53,53,56),(6389,38,-12,59,7.34,61,56,56,60),(6390,38,-11,59,0,60,57,60,59),(6391,38,-10,57,-2.56,59,55,58,55),(6392,38,-9,56,-2.63,58,53,55,57),(6393,38,-8,56,0.9,57,55,56,55),(6394,38,-7,53,-6.25,54,51,54,53),(6395,38,-6,53,0,54,51,51,53),(6396,38,-5,53,0.95,54,52,53,53),(6397,38,-4,55,3.77,56,54,55,56),(6398,38,-3,57,2.73,58,55,56,55),(6399,38,-2,53,-6.19,54,52,54,52),(6400,38,-1,55,2.83,56,53,54,56),(6401,38,1,55,0.92,56,54,56,55),(6402,38,2,54,-1.82,55,53,54,54),(6403,38,3,55,1.85,57,53,54,57),(6404,38,4,57,2.73,57,56,57,57),(6405,38,5,57,0.88,58,56,57,58),(6406,38,6,54,-6.14,58,49,58,51),(6407,38,7,53,-0.93,55,51,51,53),(6408,38,8,52,-1.89,53,51,53,52),(6409,38,9,54,2.88,55,52,54,54),(6410,38,10,52,-2.8,54,50,54,51),(6411,38,11,53,0.96,54,51,51,54),(6412,38,12,53,0,55,50,54,50),(6413,38,13,49,-6.67,50,48,50,48),(6414,38,14,49,-1.02,50,47,47,49),(6415,38,15,52,6.19,53,50,50,52),(6416,38,16,51,-0.97,52,50,52,51),(6417,38,17,52,0.98,53,50,52,52),(6418,38,18,53,2.91,54,52,52,54),(6419,38,19,55,3.77,58,52,54,56),(6420,38,20,56,1.82,58,54,56,55),(6421,38,21,56,0,57,55,57,56),(6422,38,22,58,2.68,59,56,56,59),(6423,38,23,61,6.09,63,59,60,63),(6424,38,24,64,4.1,65,62,63,64),(6425,38,25,66,3.15,67,64,64,66),(6426,38,26,66,0,67,64,65,67),(6427,38,27,67,1.53,67,66,66,67),(6428,38,28,68,2.26,69,67,68,69),(6429,38,29,67,-1.47,69,65,69,68),(6430,38,30,70,3.73,70,69,69,70),(6431,38,31,70,0.72,72,68,70,69),(6432,38,32,68,-3.57,70,65,70,68),(6433,38,33,69,2.22,70,68,68,69),(6434,38,34,70,1.45,71,69,70,70),(6435,38,35,71,0.71,71,70,71,70),(6436,38,36,71,0.71,72,70,71,72),(6437,38,37,71,0,72,70,72,70),(6438,38,38,69,-2.82,71,67,70,69),(6439,38,39,73,5.8,76,70,71,76),(6440,38,40,78,6.16,79,76,76,79),(6441,38,41,79,1.94,80,78,79,79),(6442,38,42,81,2.53,84,78,79,84),(6443,38,43,84,3.09,86,81,85,86),(6444,38,44,83,-0.6,85,81,85,83),(6445,38,45,82,-1.81,84,79,83,81),(6446,38,46,84,3.07,86,82,84,85),(6447,38,47,84,0,85,83,85,85),(6448,38,48,83,-1.79,85,80,85,81),(6449,38,49,79,-4.85,80,77,80,78),(6450,38,50,80,1.27,81,78,79,79),(6451,39,-25,50,0,50,49,50,50),(6452,39,-24,51,3.03,52,50,50,51),(6453,39,-23,52,0.98,52,51,52,51),(6454,39,-22,51,-0.97,53,49,50,52),(6455,39,-21,51,0,52,50,51,52),(6456,39,-20,53,2.94,53,52,52,52),(6457,39,-19,52,-0.95,53,51,52,52),(6458,39,-18,51,-1.92,53,49,51,53),(6459,39,-17,50,-2.94,52,47,52,48),(6460,39,-16,50,1.01,52,48,48,50),(6461,39,-15,51,1,52,49,49,52),(6462,39,-14,51,0.99,52,50,51,51),(6463,39,-13,51,0,52,50,51,52),(6464,39,-12,54,5.88,57,51,51,56),(6465,39,-11,57,4.63,58,55,57,55),(6466,39,-10,55,-2.65,56,54,55,54),(6467,39,-9,53,-3.64,54,52,54,52),(6468,39,-8,52,-1.89,53,51,52,51),(6469,39,-7,51,-1.92,52,50,50,52),(6470,39,-6,53,2.94,54,51,52,54),(6471,39,-5,55,4.76,56,54,54,55),(6472,39,-4,53,-4.55,53,52,53,53),(6473,39,-3,52,-0.95,54,50,53,50),(6474,39,-2,49,-5.77,50,48,50,49),(6475,39,-1,51,4.08,53,49,49,53),(6476,39,1,51,0,53,49,52,51),(6477,39,2,50,-2.94,50,49,50,50),(6478,39,3,49,-1.01,50,48,50,50),(6479,39,4,50,2.04,51,49,50,49),(6480,39,5,50,0,51,49,50,49),(6481,39,6,49,-3,49,48,49,49),(6482,39,7,45,-7.22,49,41,49,44),(6483,39,8,42,-6.67,44,40,43,41),(6484,39,9,40,-4.76,41,39,41,40),(6485,39,10,41,1.25,41,40,41,40),(6486,39,11,40,-2.47,40,39,39,40),(6487,39,12,40,1.27,41,39,41,40),(6488,39,13,39,-2.5,40,38,40,38),(6489,39,14,37,-5.13,38,36,37,38),(6490,39,15,39,5.41,40,38,38,38),(6491,39,16,39,0,40,38,38,39),(6492,39,17,40,1.28,40,39,40,40),(6493,39,18,42,5.06,43,40,40,43),(6494,39,19,43,2.41,43,42,43,43),(6495,39,20,43,1.18,44,42,43,42),(6496,39,21,44,1.16,44,43,43,44),(6497,39,22,45,2.3,45,44,44,45),(6498,39,23,45,1.12,46,44,45,45),(6499,39,24,47,3.33,49,44,44,46),(6500,39,25,47,1.08,48,46,46,46),(6501,39,26,47,0,48,46,46,48),(6502,39,27,48,1.06,48,47,48,48),(6503,39,28,48,1.05,49,47,48,48),(6504,39,29,49,1.04,49,48,48,49),(6505,39,30,49,0,49,48,49,49),(6506,39,31,49,0,49,48,48,48),(6507,39,32,47,-3.09,49,45,48,46),(6508,39,33,47,-1.06,48,45,45,47),(6509,39,34,47,0,47,46,47,47),(6510,39,35,48,2.15,48,47,47,47),(6511,39,36,47,-1.05,48,46,48,47),(6512,39,37,47,0,48,46,47,47),(6513,39,38,47,0,48,46,47,47),(6514,39,39,50,5.32,52,47,47,52),(6515,39,40,53,7.07,54,52,53,54),(6516,39,41,55,3.77,56,54,54,55),(6517,39,42,55,0,56,54,55,56),(6518,39,43,56,0.91,56,55,56,56),(6519,39,44,55,-0.9,57,53,56,53),(6520,39,45,54,-1.82,55,53,53,55),(6521,39,46,54,0,55,53,55,54),(6522,39,47,54,0,55,53,54,55),(6523,39,48,53,-1.85,54,52,54,52),(6524,39,49,51,-4.72,51,50,51,51),(6525,39,50,51,0,51,50,50,51),(6526,40,-25,60,0,61,58,58,60),(6527,40,-24,60,0.84,61,59,60,61),(6528,40,-23,61,0.83,61,60,61,60),(6529,40,-22,59,-2.48,60,58,59,60),(6530,40,-21,61,2.54,61,60,60,60),(6531,40,-20,61,0.83,62,60,61,60),(6532,40,-19,61,-0.82,62,59,60,62),(6533,40,-18,61,0,62,59,62,62),(6534,40,-17,62,2.48,63,61,61,62),(6535,40,-16,60,-4.03,62,57,62,57),(6536,40,-15,59,-1.68,60,57,57,60),(6537,40,-14,61,3.42,61,60,60,61),(6538,40,-13,62,1.65,62,61,61,62),(6539,40,-12,63,1.63,64,61,62,63),(6540,40,-11,64,2.4,65,63,63,65),(6541,40,-10,66,2.34,67,64,64,65),(6542,40,-9,66,0,67,64,67,64),(6543,40,-8,64,-3.05,65,62,65,64),(6544,40,-7,64,0.79,65,63,64,65),(6545,40,-6,63,-2.34,66,59,65,60),(6546,40,-5,63,0.8,65,61,61,64),(6547,40,-4,63,0,64,62,64,62),(6548,40,-3,62,-2.38,63,60,63,61),(6549,40,-2,60,-2.44,62,58,60,59),(6550,40,-1,61,1.67,63,59,59,63),(6551,40,1,63,3.28,64,62,62,64),(6552,40,2,63,0,64,62,64,63),(6553,40,3,62,-1.59,63,61,62,62),(6554,40,4,61,-1.61,62,60,62,61),(6555,40,5,63,2.46,64,61,61,64),(6556,40,6,64,1.6,65,62,64,63),(6557,40,7,63,-1.57,63,62,63,63),(6558,40,8,64,2.4,65,63,63,65),(6559,40,9,63,-1.56,64,62,64,63),(6560,40,10,62,-2.38,63,60,62,61),(6561,40,11,61,-0.81,62,60,61,62),(6562,40,12,61,-0.82,62,59,62,59),(6563,40,13,59,-2.48,60,58,59,58),(6564,40,14,57,-4.24,58,55,58,56),(6565,40,15,56,-1.77,57,54,56,54),(6566,40,16,55,-0.9,56,54,54,54),(6567,40,17,55,0,56,54,55,55),(6568,40,18,58,5.45,60,56,56,60),(6569,40,19,59,1.72,60,58,60,59),(6570,40,20,60,0.85,61,58,59,61),(6571,40,21,61,1.68,61,60,61,61),(6572,40,22,62,1.65,62,61,61,62),(6573,40,23,63,1.63,64,61,62,64),(6574,40,24,63,0.8,63,63,63,63),(6575,40,25,63,0,64,62,63,62),(6576,40,26,63,0,64,62,62,63),(6577,40,27,64,0.79,64,63,63,63),(6578,40,28,63,-1.57,63,62,63,63),(6579,40,29,62,-1.6,63,60,63,61),(6580,40,30,61,-1.63,62,59,61,60),(6581,40,31,60,-0.83,61,59,60,60),(6582,40,32,60,0,61,59,60,59),(6583,40,33,59,-1.67,60,58,59,59),(6584,40,34,59,0,60,58,59,60),(6585,40,35,60,0.85,60,59,59,59),(6586,40,36,59,-0.84,60,58,60,59),(6587,40,37,59,0,60,58,59,59),(6588,40,38,60,0.85,60,59,59,60),(6589,40,39,60,0.84,61,59,60,60),(6590,40,40,61,1.67,62,60,61,62),(6591,40,41,62,1.64,63,61,62,62),(6592,40,42,63,0.81,63,62,62,63),(6593,40,43,64,1.6,64,63,63,64),(6594,40,44,64,0,64,63,64,64),(6595,40,45,64,0,64,63,64,64),(6596,40,46,63,-0.79,64,62,63,64),(6597,40,47,63,0,64,62,64,62),(6598,40,48,61,-3.17,62,60,62,60),(6599,40,49,60,-1.64,61,59,60,61),(6600,40,50,60,0,61,59,61,60),(6601,41,-25,268,0,271,265,269,267),(6602,41,-24,262,-2.43,266,257,266,257),(6603,41,-23,255,-2.49,258,252,256,254),(6604,41,-22,251,-1.76,256,245,252,256),(6605,41,-21,258,2.99,262,254,255,260),(6606,41,-20,258,0,262,254,261,255),(6607,41,-19,253,-1.94,256,250,255,250),(6608,41,-18,247,-2.57,254,239,250,249),(6609,41,-17,238,-3.45,245,231,244,235),(6610,41,-16,226,-5.25,234,217,234,226),(6611,41,-15,231,2.44,239,223,226,238),(6612,41,-14,238,2.81,241,234,239,241),(6613,41,-13,245,3.16,251,239,241,249),(6614,41,-12,249,1.43,255,242,246,251),(6615,41,-11,251,0.8,253,248,251,250),(6616,41,-10,254,1.4,259,249,249,250),(6617,41,-9,252,-0.98,256,247,249,249),(6618,41,-8,248,-1.39,254,242,250,250),(6619,41,-7,246,-1.01,250,241,247,245),(6620,41,-6,238,-3.26,247,228,244,233),(6621,41,-5,242,1.89,251,233,235,251),(6622,41,-4,250,3.31,254,246,250,248),(6623,41,-3,243,-2.8,249,237,249,237),(6624,41,-2,237,-2.47,242,232,232,234),(6625,41,-1,241,1.69,248,234,236,247),(6626,41,1,248,2.7,253,242,247,252),(6627,41,2,252,1.62,254,249,251,253),(6628,41,3,252,0.2,256,248,252,255),(6629,41,4,254,0.79,256,252,255,253),(6630,41,5,256,0.79,264,248,254,263),(6631,41,6,261,1.95,265,257,262,259),(6632,41,7,259,-0.77,263,255,260,262),(6633,41,8,264,1.93,267,261,262,266),(6634,41,9,261,-1.33,265,256,264,256),(6635,41,10,255,-2.3,258,251,255,254),(6636,41,11,257,0.98,261,253,254,259),(6637,41,12,256,-0.39,261,251,260,254),(6638,41,13,251,-2.15,257,244,254,245),(6639,41,14,238,-4.99,246,230,245,230),(6640,41,15,236,-0.84,241,231,233,233),(6641,41,16,241,2.12,249,233,233,243),(6642,41,17,249,3.32,255,243,245,254),(6643,41,18,264,5.82,274,253,255,274),(6644,41,19,272,3.23,276,268,273,274),(6645,41,20,275,1.1,281,269,275,271),(6646,41,21,271,-1.64,275,266,270,273),(6647,41,22,274,1.11,275,272,274,275),(6648,41,23,272,-0.73,275,268,274,273),(6649,41,24,272,0,274,269,271,272),(6650,41,25,272,0.18,279,265,272,266),(6651,41,26,266,-2.21,269,263,266,267),(6652,41,27,265,-0.56,268,261,268,263),(6653,41,28,264,-0.19,269,259,263,269),(6654,41,29,267,1.14,269,265,269,268),(6655,41,30,269,0.56,275,262,270,268),(6656,41,31,268,-0.19,275,261,268,272),(6657,41,32,267,-0.56,272,261,271,264),(6658,41,33,264,-0.94,268,260,264,262),(6659,41,34,267,0.95,270,263,263,269),(6660,41,35,266,-0.19,270,262,269,263),(6661,41,36,265,-0.38,269,261,265,269),(6662,41,37,267,0.57,273,260,269,262),(6663,41,38,265,-0.56,270,260,260,267),(6664,41,39,269,1.51,271,267,267,271),(6665,41,40,275,2.23,280,270,272,279),(6666,41,41,282,2.36,284,279,280,282),(6667,41,42,285,1.24,289,281,283,288),(6668,41,43,290,1.75,292,288,289,292),(6669,41,44,293,0.86,296,289,292,295),(6670,41,45,296,1.03,298,293,295,296),(6671,41,46,296,0,298,293,297,296),(6672,41,47,294,-0.68,296,291,295,295),(6673,41,48,290,-1.19,296,284,295,286),(6674,41,49,287,-1.21,290,283,283,289),(6675,41,50,285,-0.52,290,280,290,286),(6676,42,-25,36,0,37,35,35,37),(6677,42,-24,37,2.78,38,36,37,38),(6678,42,-23,37,0,38,36,37,37),(6679,42,-22,36,-2.7,37,35,36,36),(6680,42,-21,35,-2.78,36,34,35,34),(6681,42,-20,35,-1.43,35,34,34,34),(6682,42,-19,37,5.8,39,34,34,38),(6683,42,-18,39,6.85,40,38,38,39),(6684,42,-17,39,0,40,38,38,39),(6685,42,-16,39,-1.28,40,37,39,37),(6686,42,-15,38,-2.6,38,37,37,37),(6687,42,-14,38,1.33,39,37,37,39),(6688,42,-13,39,1.32,39,38,39,39),(6689,42,-12,40,2.6,41,38,39,40),(6690,42,-11,41,3.8,42,40,41,42),(6691,42,-10,43,3.66,44,41,42,43),(6692,42,-9,42,-1.18,43,41,43,42),(6693,42,-8,42,0,43,41,42,43),(6694,42,-7,43,2.38,44,42,43,44),(6695,42,-6,41,-5.81,44,37,44,38),(6696,42,-5,38,-7.41,40,35,38,37),(6697,42,-4,36,-4,38,34,37,36),(6698,42,-3,37,2.78,38,36,36,37),(6699,42,-2,36,-4.05,37,34,37,35),(6700,42,-1,37,2.82,38,35,35,38),(6701,42,1,38,4.11,39,37,38,38),(6702,42,2,38,-1.32,38,37,38,38),(6703,42,3,38,1.33,39,37,38,38),(6704,42,4,38,0,39,37,38,38),(6705,42,5,37,-3.95,38,35,38,36),(6706,42,6,37,0,37,36,37,37),(6707,42,7,38,4.11,39,37,37,38),(6708,42,8,38,-1.32,38,37,38,38),(6709,42,9,39,2.67,39,38,38,38),(6710,42,10,38,-2.6,38,37,37,37),(6711,42,11,36,-4,37,35,37,36),(6712,42,12,35,-2.78,36,34,36,34),(6713,42,13,34,-2.86,35,33,34,33),(6714,42,14,33,-2.94,34,32,33,33),(6715,42,15,33,0,34,32,33,33),(6716,42,16,35,4.55,36,33,34,35),(6717,42,17,35,1.45,36,34,35,35),(6718,42,18,37,5.71,39,35,35,38),(6719,42,19,38,2.7,39,37,38,38),(6720,42,20,37,-2.63,38,36,38,36),(6721,42,21,37,0,38,36,37,38),(6722,42,22,39,4.05,39,38,38,38),(6723,42,23,39,1.3,40,38,39,39),(6724,42,24,40,1.28,40,39,39,39),(6725,42,25,40,0,40,39,40,39),(6726,42,26,40,0,40,39,40,40),(6727,42,27,41,2.53,41,40,40,40),(6728,42,28,41,1.23,42,40,40,42),(6729,42,29,42,2.44,42,42,42,42),(6730,42,30,41,-3.57,42,39,42,39),(6731,42,31,40,-2.47,40,39,40,39),(6732,42,32,40,0,40,39,39,39),(6733,42,33,39,-2.53,39,38,39,39),(6734,42,34,40,2.6,40,39,39,40),(6735,42,35,40,0,40,39,40,39),(6736,42,36,39,-1.27,40,38,39,39),(6737,42,37,38,-2.56,39,37,38,37),(6738,42,38,38,-1.32,38,37,37,37),(6739,42,39,38,0,38,37,37,38),(6740,42,40,39,2.67,39,38,38,38),(6741,42,41,39,0,39,38,38,39),(6742,42,42,39,0,39,38,39,39),(6743,42,43,39,0,39,38,39,39),(6744,42,44,39,1.3,39,39,39,39),(6745,42,45,40,2.56,41,39,39,41),(6746,42,46,41,1.25,41,40,41,40),(6747,42,47,39,-3.7,40,38,40,39),(6748,42,48,38,-2.56,39,37,39,38),(6749,42,49,38,-1.32,38,37,38,38),(6750,42,50,37,-1.33,38,36,38,36),(6751,43,-25,65,0,69,61,61,68),(6752,43,-24,70,6.92,72,67,68,71),(6753,43,-23,73,4.32,74,71,72,72),(6754,43,-22,73,0,76,69,70,75),(6755,43,-21,78,7.59,82,74,74,81),(6756,43,-20,80,2.56,83,77,81,80),(6757,43,-19,78,-3.12,79,76,79,77),(6758,43,-18,77,-1.29,79,74,79,77),(6759,43,-17,80,4.58,84,76,76,84),(6760,43,-16,86,7.5,91,81,84,84),(6761,43,-15,80,-7.56,83,76,83,78),(6762,43,-14,82,3.14,85,79,80,85),(6763,43,-13,82,-0.61,84,79,83,83),(6764,43,-12,85,3.68,87,82,83,86),(6765,43,-11,86,1.18,88,83,85,87),(6766,43,-10,87,1.75,89,85,88,85),(6767,43,-9,84,-4.02,88,79,82,85),(6768,43,-8,88,5.39,92,84,85,91),(6769,43,-7,86,-2.27,89,83,89,88),(6770,43,-6,91,5.23,93,88,88,91),(6771,43,-5,95,4.42,97,92,92,97),(6772,43,-4,97,2.65,99,95,98,99),(6773,43,-3,102,4.64,105,98,99,100),(6774,43,-2,92,-9.85,98,85,97,86),(6775,43,-1,88,-4.37,92,83,88,86),(6776,43,1,89,1.14,93,84,87,87),(6777,43,2,84,-5.08,87,81,86,86),(6778,43,3,83,-1.19,86,80,85,84),(6779,43,4,87,4.82,89,85,86,87),(6780,43,5,92,5.75,97,87,88,96),(6781,43,6,91,-1.63,95,86,94,88),(6782,43,7,91,0.55,94,88,88,94),(6783,43,8,92,1.1,95,89,90,94),(6784,43,9,95,3.26,99,91,93,97),(6785,43,10,97,1.58,101,92,98,95),(6786,43,11,95,-2.07,97,92,96,96),(6787,43,12,96,1.06,99,92,97,93),(6788,43,13,89,-7.33,93,84,91,85),(6789,43,14,86,-2.82,89,83,84,87),(6790,43,15,96,11.63,103,89,90,101),(6791,43,16,99,3.12,102,96,101,99),(6792,43,17,103,3.54,106,99,101,105),(6793,43,18,108,5.37,111,105,105,110),(6794,43,19,111,2.31,113,108,109,112),(6795,43,20,111,0,114,107,112,113),(6796,43,21,112,0.9,114,109,112,112),(6797,43,22,111,-0.9,114,107,109,113),(6798,43,23,111,0,112,109,110,109),(6799,43,24,107,-3.62,111,102,110,103),(6800,43,25,106,-0.94,108,103,103,104),(6801,43,26,106,0.47,108,104,105,108),(6802,43,27,109,2.36,110,107,109,110),(6803,43,28,108,-0.92,111,104,109,110),(6804,43,29,110,2.33,113,107,111,113),(6805,43,30,112,1.36,114,109,113,113),(6806,43,31,111,-0.9,117,104,113,115),(6807,43,32,113,2.26,117,109,115,111),(6808,43,33,115,1.33,119,110,112,119),(6809,43,34,114,-0.44,118,110,117,111),(6810,43,35,110,-3.51,112,108,110,110),(6811,43,36,111,0.91,113,109,110,112),(6812,43,37,110,-0.9,113,107,111,107),(6813,43,38,104,-5.91,109,98,105,99),(6814,43,39,103,-0.48,107,99,99,103),(6815,43,40,107,3.4,110,103,104,109),(6816,43,41,115,7.98,117,113,113,115),(6817,43,42,115,0,116,114,114,116),(6818,43,43,115,0,117,113,115,116),(6819,43,44,117,1.3,119,114,115,118),(6820,43,45,111,-4.72,117,105,115,108),(6821,43,46,107,-3.6,110,104,110,105),(6822,43,47,105,-2.34,107,102,105,106),(6823,43,48,106,1.44,108,104,105,104),(6824,43,49,104,-2.36,106,101,103,105),(6825,43,50,106,2.42,109,103,107,107),(6826,44,-25,121,0,125,117,117,125),(6827,44,-24,126,4.13,129,123,125,128),(6828,44,-23,128,1.59,130,126,129,126),(6829,44,-22,130,1.17,137,122,124,130),(6830,44,-21,133,2.7,137,129,130,135),(6831,44,-20,137,2.63,139,134,135,138),(6832,44,-19,135,-1.1,138,132,137,133),(6833,44,-18,135,0,140,130,137,140),(6834,44,-17,149,10,159,138,139,158),(6835,44,-16,165,10.77,174,155,159,170),(6836,44,-15,162,-1.82,168,155,166,161),(6837,44,-14,166,2.48,169,162,163,169),(6838,44,-13,163,-1.51,166,160,165,164),(6839,44,-12,167,2.45,171,163,165,169),(6840,44,-11,168,0.6,172,164,168,171),(6841,44,-10,167,-0.6,174,160,173,160),(6842,44,-9,157,-5.99,163,151,155,156),(6843,44,-8,163,3.5,170,155,156,170),(6844,44,-7,163,0,168,157,167,167),(6845,44,-6,169,3.69,175,162,169,167),(6846,44,-5,174,2.97,178,169,169,178),(6847,44,-4,177,1.73,180,173,179,177),(6848,44,-3,178,0.57,182,173,177,175),(6849,44,-2,159,-10.7,172,145,171,148),(6850,44,-1,148,-6.62,156,140,152,144),(6851,44,1,147,-0.68,152,142,145,146),(6852,44,2,141,-4.42,145,136,143,142),(6853,44,3,137,-2.49,142,132,141,137),(6854,44,4,143,4.38,147,139,140,144),(6855,44,5,154,7.69,164,144,145,163),(6856,44,6,155,0.65,161,149,161,153),(6857,44,7,157,0.97,161,152,153,159),(6858,44,8,156,-0.32,159,153,155,157),(6859,44,9,160,2.56,166,154,156,163),(6860,44,10,160,-0.31,166,153,163,157),(6861,44,11,156,-2.19,160,152,159,159),(6862,44,12,160,2.24,164,155,162,156),(6863,44,13,151,-5.64,158,143,152,144),(6864,44,14,143,-4.98,146,140,143,143),(6865,44,15,156,8.74,163,148,148,160),(6866,44,16,160,2.57,165,154,161,160),(6867,44,17,166,3.76,173,158,163,173),(6868,44,18,177,6.65,182,171,172,179),(6869,44,19,181,2.55,185,177,178,183),(6870,44,20,182,0.55,187,177,182,186),(6871,44,21,184,1.1,189,179,186,182),(6872,44,22,181,-1.9,186,175,179,183),(6873,44,23,181,0,184,177,180,181),(6874,44,24,175,-3.32,182,167,182,168),(6875,44,25,171,-2.29,174,167,168,168),(6876,44,26,173,1.17,177,168,170,177),(6877,44,27,178,2.9,180,175,178,179),(6878,44,28,175,-1.69,179,170,178,176),(6879,44,29,176,0.57,178,173,178,177),(6880,44,30,179,1.99,182,176,178,180),(6881,44,31,182,1.4,187,176,181,179),(6882,44,32,172,-5.23,178,166,178,169),(6883,44,33,171,-0.87,174,167,169,171),(6884,44,34,167,-2.05,173,161,171,162),(6885,44,35,161,-3.89,163,158,162,162),(6886,44,36,163,1.25,165,160,163,164),(6887,44,37,162,-0.31,166,158,164,159),(6888,44,38,157,-3.4,164,149,156,152),(6889,44,39,156,-0.64,160,151,151,156),(6890,44,40,159,2.25,163,155,157,163),(6891,44,41,169,6.29,171,167,169,167),(6892,44,42,170,0.3,172,167,168,172),(6893,44,43,170,0.29,172,168,172,169),(6894,44,44,168,-1.18,172,164,169,168),(6895,44,45,162,-3.87,168,155,167,160),(6896,44,46,158,-2.48,162,153,161,156),(6897,44,47,155,-1.9,158,151,157,155),(6898,44,48,155,0.32,158,152,153,154),(6899,44,49,153,-1.61,156,149,151,156),(6900,44,50,157,2.62,160,153,158,158),(6901,45,-25,58,0,59,56,57,59),(6902,45,-24,59,1.74,60,57,58,60),(6903,45,-23,59,0,61,56,60,56),(6904,45,-22,58,-1.71,61,54,55,60),(6905,45,-21,60,4.35,62,58,59,60),(6906,45,-20,61,0.83,62,59,60,61),(6907,45,-19,61,0.83,62,60,61,60),(6908,45,-18,59,-3.28,61,57,60,59),(6909,45,-17,58,-2.54,59,56,58,58),(6910,45,-16,60,3.48,62,57,58,60),(6911,45,-15,60,0.84,63,57,61,62),(6912,45,-14,63,5,64,62,63,64),(6913,45,-13,63,0,64,62,64,64),(6914,45,-12,62,-1.59,64,60,64,61),(6915,45,-11,64,2.42,66,61,61,65),(6916,45,-10,68,7.09,71,65,65,68),(6917,45,-9,67,-2.21,68,65,67,66),(6918,45,-8,68,1.5,70,65,67,67),(6919,45,-7,67,-1.48,68,65,66,67),(6920,45,-6,68,2.26,70,66,67,68),(6921,45,-5,67,-1.47,69,65,67,69),(6922,45,-4,68,0.75,69,66,68,67),(6923,45,-3,64,-5.19,67,61,67,61),(6924,45,-2,57,-11.72,60,53,60,54),(6925,45,-1,53,-6.19,56,50,56,53),(6926,45,1,52,-2.83,54,49,52,51),(6927,45,2,51,-1.94,52,49,50,51),(6928,45,3,50,-1.98,51,48,50,49),(6929,45,4,51,2.02,52,49,50,50),(6930,45,5,52,1.98,53,50,51,53),(6931,45,6,51,-0.97,52,50,52,51),(6932,45,7,53,3.92,55,51,51,55),(6933,45,8,55,3.77,56,54,55,55),(6934,45,9,55,-0.91,56,53,54,54),(6935,45,10,51,-6.42,54,48,53,49),(6936,45,11,49,-4.9,50,47,49,50),(6937,45,12,48,-1.03,51,45,51,46),(6938,45,13,45,-7.29,46,43,45,43),(6939,45,14,44,-1.12,45,43,43,43),(6940,45,15,45,2.27,46,44,44,44),(6941,45,16,44,-2.22,46,42,44,45),(6942,45,17,46,3.41,47,44,45,46),(6943,45,18,47,3.3,48,46,46,47),(6944,45,19,47,0,49,45,47,49),(6945,45,20,50,6.38,53,47,48,53),(6946,45,21,51,1,52,49,52,50),(6947,45,22,50,-1.98,51,48,49,51),(6948,45,23,50,1.01,51,49,50,51),(6949,45,24,51,1,51,50,51,50),(6950,45,25,50,-0.99,52,48,50,49),(6951,45,26,49,-2,50,48,49,50),(6952,45,27,50,2.04,51,49,50,50),(6953,45,28,53,5,55,50,50,55),(6954,45,29,56,6.67,58,54,55,58),(6955,45,30,57,0.89,58,55,58,57),(6956,45,31,57,0.88,59,55,57,58),(6957,45,32,59,2.63,60,57,58,60),(6958,45,33,59,0.85,60,58,60,59),(6959,45,34,59,-0.85,60,57,59,58),(6960,45,35,57,-3.42,57,56,57,57),(6961,45,36,57,0.88,58,56,57,58),(6962,45,37,56,-2.63,58,53,58,53),(6963,45,38,51,-8.11,53,49,52,50),(6964,45,39,51,0,52,50,50,51),(6965,45,40,53,2.94,54,51,52,54),(6966,45,41,55,3.81,56,53,55,54),(6967,45,42,56,1.83,57,54,55,56),(6968,45,43,56,0,57,54,56,54),(6969,45,44,54,-3.6,55,52,55,54),(6970,45,45,53,-0.93,54,52,54,54),(6971,45,46,53,-0.94,54,51,54,52),(6972,45,47,51,-2.86,52,50,52,51),(6973,45,48,51,-0.98,52,49,52,50),(6974,45,49,50,-1.98,51,48,49,51),(6975,45,50,53,6.06,54,51,51,51),(6976,46,-25,164,0,168,159,159,167),(6977,46,-24,163,-0.61,169,156,169,157),(6978,46,-23,150,-8,155,144,155,145),(6979,46,-22,145,-3.34,150,139,142,146),(6980,46,-21,149,2.77,153,144,145,152),(6981,46,-20,155,4.04,159,150,153,153),(6982,46,-19,153,-0.97,156,150,152,152),(6983,46,-18,146,-4.58,153,139,150,147),(6984,46,-17,139,-5.14,145,132,143,134),(6985,46,-16,131,-5.42,135,127,132,128),(6986,46,-15,135,2.67,140,129,129,140),(6987,46,-14,141,4.46,143,138,140,141),(6988,46,-13,138,-1.78,143,133,140,135),(6989,46,-12,132,-4.35,136,128,134,133),(6990,46,-11,130,-1.89,134,125,133,126),(6991,46,-10,129,-0.39,133,125,125,126),(6992,46,-9,123,-5.04,127,118,126,119),(6993,46,-8,123,0,127,118,119,123),(6994,46,-7,119,-2.86,123,115,122,119),(6995,46,-6,119,-0.42,122,115,118,117),(6996,46,-5,126,5.91,131,120,120,131),(6997,46,-4,131,3.98,133,128,130,130),(6998,46,-3,126,-3.83,132,119,131,119),(6999,46,-2,114,-9.16,117,111,116,113),(7000,46,-1,114,0,117,111,115,117),(7001,46,1,115,0.44,119,110,118,114),(7002,46,2,112,-2.18,115,109,110,114),(7003,46,3,111,-1.34,115,106,113,112),(7004,46,4,114,2.71,116,111,114,114),(7005,46,5,115,0.88,116,113,115,115),(7006,46,6,114,-0.87,116,111,114,115),(7007,46,7,118,3.96,122,114,116,122),(7008,46,8,121,2.54,124,118,121,118),(7009,46,9,117,-3.72,119,114,116,114),(7010,46,10,114,-2.15,117,111,114,113),(7011,46,11,116,1.75,120,112,114,119),(7012,46,12,118,1.29,121,114,120,117),(7013,46,13,113,-4.26,118,107,116,109),(7014,46,14,107,-5.33,109,104,108,104),(7015,46,15,108,1.41,112,104,105,105),(7016,46,16,108,0,115,101,106,111),(7017,46,17,118,9.26,122,114,115,122),(7018,46,18,123,4.24,126,120,122,126),(7019,46,19,128,3.66,130,125,125,130),(7020,46,20,133,3.92,136,129,131,135),(7021,46,21,133,0.38,135,131,134,133),(7022,46,22,135,1.13,137,132,133,136),(7023,46,23,136,0.74,138,133,136,135),(7024,46,24,132,-2.58,135,129,134,132),(7025,46,25,133,0.38,137,128,132,129),(7026,46,26,130,-1.89,132,128,129,131),(7027,46,27,132,1.54,134,130,131,134),(7028,46,28,136,2.65,138,133,135,137),(7029,46,29,139,2.21,143,134,138,143),(7030,46,30,137,-1.08,141,133,141,135),(7031,46,31,138,0.36,141,134,135,140),(7032,46,32,140,1.82,142,138,139,141),(7033,46,33,141,0.71,144,138,140,141),(7034,46,34,142,0.35,143,140,141,142),(7035,46,35,139,-1.77,141,137,140,140),(7036,46,36,141,1.44,143,139,142,143),(7037,46,37,136,-3.9,144,127,143,133),(7038,46,38,130,-4.06,135,125,131,125),(7039,46,39,127,-2.31,131,123,126,124),(7040,46,40,128,0.79,130,126,126,130),(7041,46,41,129,0.39,131,126,129,127),(7042,46,42,133,3.11,139,126,126,138),(7043,46,43,139,4.91,141,137,139,140),(7044,46,44,138,-1.08,141,134,140,138),(7045,46,45,137,-0.36,143,131,142,136),(7046,46,46,136,-1.09,138,133,137,134),(7047,46,47,137,0.74,140,133,134,139),(7048,46,48,138,0.73,141,134,141,136),(7049,46,49,138,0,141,134,136,140),(7050,46,50,140,1.45,141,138,140,141),(7051,47,-25,399,0,412,386,389,397),(7052,47,-24,390,-2.38,404,375,401,380),(7053,47,-23,351,-10.01,361,340,360,343),(7054,47,-22,338,-3.57,350,326,337,347),(7055,47,-21,357,5.47,370,343,344,367),(7056,47,-20,369,3.37,377,360,365,363),(7057,47,-19,354,-3.93,365,343,363,346),(7058,47,-18,338,-4.52,350,326,342,350),(7059,47,-17,334,-1.33,343,324,340,329),(7060,47,-16,328,-1.8,337,318,326,327),(7061,47,-15,334,1.98,346,322,329,345),(7062,47,-14,340,1.8,346,334,345,337),(7063,47,-13,336,-1.32,344,327,338,330),(7064,47,-12,320,-4.77,331,308,330,321),(7065,47,-11,324,1.25,333,314,320,321),(7066,47,-10,333,2.94,347,319,320,319),(7067,47,-9,313,-6.01,322,304,316,305),(7068,47,-8,313,0,324,302,305,312),(7069,47,-7,304,-2.88,315,293,308,306),(7070,47,-6,307,0.82,314,299,305,306),(7071,47,-5,317,3.43,328,306,312,328),(7072,47,-4,322,1.58,329,315,324,318),(7073,47,-3,306,-5.12,325,286,323,287),(7074,47,-2,286,-6.38,294,278,279,279),(7075,47,-1,291,1.57,303,278,287,302),(7076,47,1,300,3.1,308,291,303,299),(7077,47,2,294,-1.84,300,288,293,296),(7078,47,3,288,-2.04,299,277,293,293),(7079,47,4,314,8.85,329,298,305,323),(7080,47,5,326,3.99,335,317,325,333),(7081,47,6,332,1.69,336,327,331,334),(7082,47,7,345,4.07,356,334,337,353),(7083,47,8,353,2.17,358,347,351,349),(7084,47,9,342,-2.98,348,336,342,336),(7085,47,10,332,-2.92,340,324,333,331),(7086,47,11,332,0,341,323,332,340),(7087,47,12,332,-0.15,344,319,341,326),(7088,47,13,313,-5.58,329,297,320,301),(7089,47,14,295,-5.75,302,288,299,293),(7090,47,15,303,2.71,315,291,297,301),(7091,47,16,299,-1.32,311,287,303,299),(7092,47,17,315,5.18,325,304,304,325),(7093,47,18,334,6.04,342,325,328,341),(7094,47,19,349,4.65,358,340,341,357),(7095,47,20,373,6.73,387,358,360,385),(7096,47,21,382,2.55,389,375,384,379),(7097,47,22,382,0,389,375,378,388),(7098,47,23,382,-0.13,388,375,385,380),(7099,47,24,367,-3.8,378,356,378,359),(7100,47,25,361,-1.77,378,343,358,346),(7101,47,26,345,-4.44,350,339,346,345),(7102,47,27,343,-0.44,347,339,346,343),(7103,47,28,345,0.58,350,340,345,348),(7104,47,29,362,4.78,374,349,351,374),(7105,47,30,352,-2.63,366,338,364,341),(7106,47,31,346,-1.85,355,336,341,353),(7107,47,32,363,5.07,374,352,353,369),(7108,47,33,372,2.34,379,364,369,371),(7109,47,34,372,0,377,366,369,368),(7110,47,35,363,-2.42,367,358,366,363),(7111,47,36,355,-2.07,370,340,368,357),(7112,47,37,342,-3.66,358,326,358,327),(7113,47,38,314,-8.33,326,301,319,303),(7114,47,39,314,0,322,305,306,312),(7115,47,40,322,2.55,327,316,318,327),(7116,47,41,324,0.62,328,319,326,322),(7117,47,42,330,2.01,339,321,322,336),(7118,47,43,334,1.21,342,326,336,341),(7119,47,44,340,1.65,345,334,341,343),(7120,47,45,333,-2.06,347,318,344,327),(7121,47,46,324,-2.71,330,317,329,319),(7122,47,47,325,0.31,331,318,320,326),(7123,47,48,325,0.15,332,318,326,332),(7124,47,49,323,-0.62,332,314,332,323),(7125,47,50,329,1.7,337,320,322,336),(7126,48,-25,47,0,49,44,45,49),(7127,48,-24,49,4.3,50,47,49,47),(7128,48,-23,46,-5.15,48,44,47,44),(7129,48,-22,44,-4.35,46,42,43,45),(7130,48,-21,47,5.68,48,45,45,48),(7131,48,-20,49,4.3,50,47,48,47),(7132,48,-19,47,-4.12,48,45,48,45),(7133,48,-18,44,-5.38,46,42,45,45),(7134,48,-17,42,-4.55,44,40,43,40),(7135,48,-16,40,-5.95,41,38,39,40),(7136,48,-15,42,5.06,43,40,40,42),(7137,48,-14,43,3.61,44,42,43,43),(7138,48,-13,42,-2.33,44,40,43,40),(7139,48,-12,40,-5.95,41,38,40,39),(7140,48,-11,39,-2.53,40,37,39,37),(7141,48,-10,39,0,40,37,37,37),(7142,48,-9,36,-6.49,37,35,36,35),(7143,48,-8,37,1.39,38,35,36,37),(7144,48,-7,36,-2.74,37,34,36,35),(7145,48,-6,34,-4.23,36,32,35,33),(7146,48,-5,36,4.41,37,34,34,37),(7147,48,-4,37,2.82,37,36,36,36),(7148,48,-3,35,-4.11,37,33,36,33),(7149,48,-2,31,-11.43,32,30,32,31),(7150,48,-1,32,3.23,33,31,32,32),(7151,48,1,32,-1.56,33,30,32,31),(7152,48,2,31,-1.59,32,30,30,31),(7153,48,3,31,-1.61,32,29,31,32),(7154,48,4,33,6.56,33,32,33,33),(7155,48,5,33,0,33,32,33,33),(7156,48,6,34,3.08,34,33,33,33),(7157,48,7,35,2.99,36,33,34,36),(7158,48,8,36,2.9,36,35,35,35),(7159,48,9,35,-2.82,35,34,34,34),(7160,48,10,33,-4.35,34,32,33,33),(7161,48,11,34,1.52,35,32,33,34),(7162,48,12,34,1.49,35,33,35,34),(7163,48,13,33,-4.41,34,31,33,31),(7164,48,14,31,-6.15,31,30,31,30),(7165,48,15,31,1.64,32,30,30,30),(7166,48,16,31,-1.61,32,29,30,31),(7167,48,17,34,9.84,35,32,33,34),(7168,48,18,35,4.48,36,34,35,36),(7169,48,19,36,2.86,37,35,36,36),(7170,48,20,37,2.78,38,36,37,38),(7171,48,21,37,0,38,36,38,37),(7172,48,22,37,0,37,37,37,37),(7173,48,23,36,-2.7,37,35,37,36),(7174,48,24,34,-6.94,35,32,35,32),(7175,48,25,32,-4.48,33,31,32,31),(7176,48,26,32,-1.56,32,31,31,32),(7177,48,27,33,3.17,33,32,32,33),(7178,48,28,34,3.08,34,33,33,34),(7179,48,29,34,1.49,35,33,34,35),(7180,48,30,33,-2.94,34,32,34,33),(7181,48,31,34,3.03,35,33,33,35),(7182,48,32,36,4.41,36,35,35,36),(7183,48,33,36,1.41,37,35,36,35),(7184,48,34,35,-4.17,35,34,35,35),(7185,48,35,34,-1.45,35,33,34,34),(7186,48,36,34,-1.47,34,33,34,34),(7187,48,37,31,-7.46,34,28,34,30),(7188,48,38,29,-8.06,30,27,28,27),(7189,48,39,27,-5.26,28,26,28,27),(7190,48,40,28,3.7,29,27,27,28),(7191,48,41,28,-1.79,28,27,28,27),(7192,48,42,28,1.82,29,27,27,29),(7193,48,43,30,5.36,30,29,29,29),(7194,48,44,29,-3.39,29,28,29,29),(7195,48,45,28,-3.51,29,26,29,27),(7196,48,46,27,-1.82,28,26,28,27),(7197,48,47,28,1.85,28,27,27,28),(7198,48,48,28,1.82,29,27,28,28),(7199,48,49,28,-1.79,28,27,28,28),(7200,48,50,29,3.64,29,28,28,29);
/*!40000 ALTER TABLE `chart` ENABLE KEYS */;
UNLOCK TABLES;

--
-- Table structure for table `creation_unit`
--

DROP TABLE IF EXISTS `creation_unit`;
/*!40101 SET @saved_cs_client     = @@character_set_client */;
/*!50503 SET character_set_client = utf8mb4 */;
CREATE TABLE `creation_unit` (
  `creation_unit_id` bigint NOT NULL AUTO_INCREMENT,
  `elem_name` varchar(255) NOT NULL,
  `elem_percentage` double NOT NULL,
  `stock_id` bigint NOT NULL,
  PRIMARY KEY (`creation_unit_id`),
  KEY `FKb7fvy8vij9iqqbvespv7ouffq` (`stock_id`),
  CONSTRAINT `FKb7fvy8vij9iqqbvespv7ouffq` FOREIGN KEY (`stock_id`) REFERENCES `stock` (`stock_id`)
) ENGINE=InnoDB AUTO_INCREMENT=758 DEFAULT CHARSET=utf8mb4 COLLATE=utf8mb4_0900_ai_ci;
/*!40101 SET character_set_client = @saved_cs_client */;

--
-- Dumping data for table `creation_unit`
--

LOCK TABLES `creation_unit` WRITE;
/*!40000 ALTER TABLE `creation_unit` DISABLE KEYS */;
INSERT INTO `creation_unit` VALUES (1,'나비 솔루션',7.15,49),(2,'푸들 전지',5.97,49),(3,'코알라 솔루션',5.26,49),(4,'방 울뱀 플랜트',4.78,49),(5,'늑대 플랜트',4.7,49),(6,'푸딩 전지',4.4,49),(7,'해양 솔루션',4.21,49),(8,'두더지 전자',4.2,49),(9,'바다사자 에너지',4.18,49),(10,'수리 솔루션',4.13,49),(11,'멧돼지 화학',3.88,49),(12,'뱀 에너지',3.86,49),(13,'고양 이 에너지',3.84,49),(14,'뻐꾸기 솔루션',3.32,49),(15,'말랑 플랜트',3.22,49),(16,'두꺼비 에너지',3.19,49),(17,'두꺼비 전 자',2.85,49),(18,'악어 솔루션',2.6,49),(19,'해파리 플랜트',2.51,49),(20,'영양 에너지',2.37,49),(21,'말 에너지',2.35,49),(22,'곰 전자',2.24,49),(23,'황새 화학',2.21,49),(24,'말미잘 솔루션',2.19,49),(25,'오리 전지',1.94,49),(26,'메추리 화학',1.68,49),(27,'병아리 전자',1.64,49),(28,'토끼 플랜트',1.63,49),(29,'소 솔루션',1.45,49),(30,'야옹 화학',1.31,49),(31,'말미잘 에너지',0.28,49),(32,'미어캣 플랜트',0.44,49),(33,'흑곰 플랜트',21.8,50),(34,'퓨마 플랜트',11.91,50),(35,'새콤 솔루션',5.97,50),(36,'소 전자',5.18,50),(37,'사슴 플랜트',5.09,50),(38,'방울뱀 전자',4.76,50),(39,'영양 에너지',4.53,50),(40,'토끼 에너지',4.34,50),(41,'고양 솔루션',3.55,50),(42,'하늘소 전자',3.06,50),(43,'깡총 플랜트',2.09,50),(44,'물고기 솔 루션',2.08,50),(45,'메뚝 전지',1.8,50),(46,'뱁새 전지',1.74,50),(47,'황새 솔루션',1.68,50),(48,'영양 플랜트',1.56,50),(49,'영양 솔루션',1.48,50),(50,'와플 전자',1.39,50),(51,'수탉 솔루션',1.27,50),(52,'불독 전지',1.24,50),(53,'흑곰 전자',1.11,50),(54,'새콤 솔루션',1.1,50),(55,'코끼리 플랜트',1.07,50),(56,'다람쥐 에너지',0.85,50),(57,'라이언 화학',0.83,50),(58,'늑대 화학',0.74,50),(59,'펭귄 에너지',0.69,50),(60,'쥐 플랜트',0.68,50),(61,'깡총 화학',0.65,50),(62,'이리 전자',0.63,50),(63,'멧토끼 전지',0.61,50),(64,'매미 에너지',0.54,50),(65,'흑곰 솔루션',0.53,50),(66,'다람쥐 플랜트',0.51,50),(67,'맥 전자',0.48,50),(68,'사자 전자',0.48,50),(69,'뿌뿌 화학',0.47,50),(70,'말랑 플랜트',0.43,50),(71,'퓨마 화학',0.38,50),(72,'여우 화학',0.36,50),(73,'이구아나 전지',0.33,50),(74,'토끼 에너지',19.07,51),(75,'새콤 솔루션',12.52,51),(76,'쿼카 전지',9.84,51),(77,'호랑이 솔루션',6.27,51),(78,'깡총 전지',5.36,51),(79,'캥거루 에너지',5.01,51),(80,'두루미 전지',4.77,51),(81,'맥 전지',4.52,51),(82,'쥐라기 화학',3.74,51),(83,'유니콘 화학',3.47,51),(84,'메뚝 전자',3.21,51),(85,'악어 전 자',2.23,51),(86,'캔디 솔루션',2.2,51),(87,'오리 솔루션',2.14,51),(88,'말랑 전지',1.88,51),(89,'어흥 전자',1.76,51),(90,'펭귄 전지',1.49,51),(91,'물고기 솔루션',1.33,51),(92,'개미 전자',1.31,51),(93,'방어 전자',1.15,51),(94,'오리 솔루션',1.12,51),(95,'라이언 전지',0.89,51),(96,'뿌뿌 전자',0.88,51),(97,'쿼카 에너지',0.78,51),(98,'붉은여우 전자',0.78,51),(99,'너구리 솔루션',0.74,51),(100,'깡총 전지',0.67,51),(101,'크랩 솔루션',0.51,51),(102,'개 에너지',0.38,51),(103,'개 부동산',0,52),(104,'고슴도치 건설',0,52),(105,'인어 건설',0,52),(106,'곰 건설',0,52),(107,'개미 부동산',0,52),(108,'캥거루 부동산',0,52),(109,'크랩 건설',0,52),(110,'비둘기 부동산',0,52),(111,'호랑 건설',0,52),(112,'다람쥐 부동산',0,52),(113,'물개 건설',0,52),(114,'아기곰 부동산',0,52),(115,'하늘소 건설',0,52),(116,'기러기 건설',0,52),(117,'쥐라기 부동산',0,52),(118,'이리 건설',0,52),(119,'퓨마 건설',0,52),(120,'나비 건설',0,52),(121,'늑대 건설',0,52),(122,'고슴도치 건설',0,52),(123,'붉은여우 건설',0,52),(124,'메추리 부동산',0,52),(125,'뿌뿌 부동산',0,52),(126,'맥 건설',0,52),(127,'하마 건설',0,52),(128,'하마 부동산',0,52),(129,'코끼리 부동산',0,52),(130,'수달 건설',0,52),(131,'귀뚤 건설',0,52),(132,'해양 건설',0,52),(133,'방어 건설',0,52),(134,'인어 부동산',0,52),(135,'매미 부동산',0,52),(136,'흑곰 건설',0,52),(137,'양 건설',0,52),(138,'고슴도치 부동산',0,52),(139,'여치 부동산',0,52),(140,'냥냥 부동산',0,52),(141,'멍멍이 부동산',0,52),(142,'와플 부동산',0,52),(143,'캥거루 부동산',0,52),(144,'펭귄 부동산',0,52),(145,'호랑 부동산',0,52),(146,'개 부동산',0,52),(147,'개미  건설',0,52),(148,'퓨마 부동산',0,52),(149,'크랩 부동산',0,52),(150,'맥 건설',0,52),(151,'나비 건설',0,52),(152,'멧토끼  건설',0,52),(153,'고양이 부동산',0,52),(154,'악어 건설',0,52),(155,'물고기 부동산',0,52),(156,'비둘기 건설',0,52),(157,'코끼리 부동산',0,52),(158,'개 건설',0,52),(159,'올빼미 부동산',0,52),(160,'멧돼지 건설',0,52),(161,'곰 건설',0,52),(162,'고양 부동산',0,52),(163,'쥐라기 부동산',0,52),(164,'펭귄 부동산',0,52),(165,'소 부동산',0,52),(166,'너구리 건설',0,52),(167,'캔디 건설',0,52),(168,'호랑이 부동산',0,52),(169,'물뱀 부동산',0,52),(170,'멍멍이 부동산',0,52),(171,'곰 부동산',0,53),(172,'붉은여우 건설',0,53),(173,'병아리 부동산',0,53),(174,'와플 부동산',0,53),(175,'여우 부동산',0,53),(176,'메추 리 건설',0,53),(177,'여치 부동산',0,53),(178,'수달 부동산',0,53),(179,'뻐꾸기 부동산',0,53),(180,'뱀 부동산',0,53),(181,'두더지 부동산',0,53),(182,'황새 부동산',0,53),(183,'어흥 부동산',0,53),(184,'곰 부동산',0,53),(185,'멧돼지 건설',0,53),(186,'악어 부동산',0,53),(187,'포실 부동산',0,53),(188,'물개 부동산',0,53),(189,'냥냥 부동산',0,53),(190,'고래 건설',0,53),(191,'물뱀 건설',0,53),(192,'개미 부동산',0,53),(193,'기러기 부동산',0,53),(194,'뱀 건설',0,53),(195,'사슴 부동산',0,53),(196,'포실 건설',0,53),(197,'호랑 건설',0,53),(198,'두더지 건설',0,53),(199,'붉은여우 건설',0,53),(200,'쥐 건설',0,53),(201,'멧돼지 부동산',0,53),(202,'수탉 부동산',0,53),(203,'라이언 건설',0,53),(204,'유니콘 부동산',0,53),(205,'양 건설',0,53),(206,'토끼 부동산',0,53),(207,'물개 건설',0,53),(208,'냥냥 건설',0,53),(209,'붉은여우 부동산',0,53),(210,'펭귄  부동산',0,53),(211,'두꺼비 부동산',0,53),(212,'코알라 건설',0,53),(213,'이구아나 부동산',0,53),(214,'늑대 건설',0,53),(215,'푸들 건설',0,53),(216,'개구리 부동산',0,53),(217,'뿌뿌 건설',0,53),(218,'수리 부동산',0,53),(219,'멧돼지 부동산',0,53),(220,'하늘소 부동산',0,53),(221,'오리 건설',0,53),(222,'포실 건설',0,53),(223,'수달 건설',0,53),(224,'오리 건설',0,53),(225,'상어 건설',0,53),(226,'쥐라기 건설',0,53),(227,'비둘기 부동산',0,53),(228,'여치 부동산',0,53),(229,'물고기 부동 산',0,53),(230,'해양 부동산',0,53),(231,'캔디 부동산',0,53),(232,'크랩 건설',0,53),(233,'바다사자 건설',0,54),(234,'이구아나 건설',0,54),(235,'말미잘 건설',0,54),(236,'방울뱀 건설',0,54),(237,'와플 부동산',0,54),(238,'나비 건설',0,54),(239,'개 건설',0,54),(240,'두루미 건설',0,54),(241,'여우 부동산',0,54),(242,'하마 건설',0,54),(243,'캥거루 건설',0,54),(244,'푸들 부동산',0,54),(245,'독수리 부동산',0,54),(246,'토끼 부동산',0,54),(247,'토끼 부동산',0,54),(248,'고양 건설',0,54),(249,'닭 네트워크',0,55),(250,'크랩 IT',0,55),(251,'포실 테크',0,55),(252,'하늘소 IT',0,55),(253,'치타 웹',0,55),(254,'매미 네트워크',0,55),(255,'퓨마 웹',0,55),(256,'늑대 웹',0,55),(257,'나비 클라우스',0,55),(258,'새콤 웹',0,55),(259,'푸들 클라우스',0,55),(260,'퓨마 IT',0,55),(261,'방울뱀 테크',0,55),(262,'앵무새 테크',0,55),(263,'펭귄 테크',0,55),(264,'코끼리 웹',0,55),(265,'물개 IT',0,55),(266,'퓨마 IT',0,55),(267,'비둘기 테크',0,55),(268,'방어 클라우스',0,55),(269,'곰 네트워크',0,55),(270,'멧돼지 테크',0,55),(271,'독수리 네트워크',0,55),(272,'귀뚤 클라우스',0,55),(273,'불독 웹',0,55),(274,'방어 웹',0,55),(275,'수탉 클라우스',0,55),(276,'멧토끼 클라우스',0,55),(277,'멧토끼 테크',0,55),(278,'오소리 웹',0,55),(279,'양 네트워크',0,55),(280,'해파리 웹',0,55),(281,'뿌뿌 클라우스',0,55),(282,'미어캣 네트워크',0,55),(283,'치타 테크',0,55),(284,'뻐꾸기 IT',0,55),(285,'퓨마 클라우스',22.31,56),(286,'고양 테크',16.89,56),(287,'너구리 웹',15.62,56),(288,'상어 네트워크',9.22,56),(289,'곰 IT',6.2,56),(290,'물고기 웹',6.06,56),(291,'메추리 클라우스',6,56),(292,'깡총 웹',4.66,56),(293,'펭귄 웹',3.89,56),(294,'토끼 테크',2.54,56),(295,'해양 웹',2.48,56),(296,'크랩 클라우스',2.34,56),(297,'악어 IT',1.27,56),(298,'야옹 네트워크',0.53,56),(299,'두루미 IT',22.41,57),(300,'하마 네트워크',16.97,57),(301,'푸들 네트워크',15.69,57),(302,'새콤 클라우스',9.27,57),(303,'방어 클라우스',6.23,57),(304,'고래 테크',6.09,57),(305,'쿼카 IT',6.02,57),(306,'양 테크',4.67,57),(307,'말 테크',3.91,57),(308,'코끼리 테크',2.55,57),(309,'사슴 네트워크',2.48,57),(310,'고양 IT',2.36,57),(311,'캔디 네트워크',1.28,57),(312,'수탉 클라우스',0.07,57),(313,'샤샤 케미칼',21.32,58),(314,'기린 케미칼',18.15,58),(315,'두더지 전자',9.47,58),(316,'앵무새 테크놀로지',3.9,58),(317,'뻐꾸기 에너지',3.01,58),(318,'말 케미칼',2.96,58),(319,'병아리 테크놀로지',2.59,58),(320,'상어 테크놀로지',2.54,58),(321,'뱀 테크놀로지',2.19,58),(322,'귀뚤 전자',1.92,58),(323,'여치 전자',1.46,58),(324,'불개미 전자',1.24,58),(325,'고래 테크놀로지',1.14,58),(326,'수리 에너지',1.13,58),(327,'포실 케미칼',1.12,58),(328,'쥐 전자',1.11,58),(329,'치타 케미칼',1.07,58),(330,'냥냥 에너지',1.07,58),(331,'해양 에너지',0.92,58),(332,'악어 전자',0.87,58),(333,'고양 테크놀로지',0.86,58),(334,'고양 전자',0.85,58),(335,'병아리 전자',0.82,58),(336,'악어 전자',0.81,58),(337,'닭 케미칼',0.81,58),(338,'다람쥐 전자',0.74,58),(339,'물개 에너지',0.71,58),(340,'샤샤 에너지',0.71,58),(341,'물개 케미칼',0.7,58),(342,'거북이 케미칼',0.68,58),(343,'고슴도치 테크놀로지',0.68,58),(344,'멧돼지 케미칼',0.68,58),(345,'불개미 케미칼',0.64,58),(346,'원숭이 에너지',0.6,58),(347,'호랑이 에너지',0.58,58),(348,'양 케미칼',0.58,58),(349,'방울뱀 전자',0.56,58),(350,'미어캣 케미칼',0.54,58),(351,'곰 에너지',0.53,58),(352,'닭 에 너지',0.5,58),(353,'오소리 테크놀로지',0.5,58),(354,'이리 에너지',0.49,58),(355,'양 전자',0.48,58),(356,'수탉 케미칼',0.46,58),(357,'호랑이 테크놀로지',0.46,58),(358,'말 전자',0.44,58),(359,'오소리 전자',0.43,58),(360,'말미잘 케미칼',0.42,58),(361,'물뱀 테크놀로지',0.41,58),(362,'닭 테크놀로지',0.4,58),(363,'나비 케미칼',0.35,58),(364,'수리 에너지',0.33,58),(365,'이구아나 테크놀로지',0.33,58),(366,'물뱀 전자',0.25,58),(367,'방울뱀 전자',0.18,58),(368,'영양 케미칼',1.34,58),(369,'달달 테크놀로지',24.93,59),(370,'비둘기 전자',16.04,59),(371,'붉은여우 전자',7.53,59),(372,'뱀 테크놀로지',4.79,59),(373,'하늘소 전자',4.23,59),(374,'푸들 전자',4.02,59),(375,'바다사자 케미칼',3.5,59),(376,'수리 에너지',3.36,59),(377,' 수탉 테크놀로지',3.28,59),(378,'와플 케미칼',2.87,59),(379,'너구리 전자',2.71,59),(380,'달콤 테크놀로지',2.56,59),(381,'수달 케미칼',2.38,59),(382,'방어 전자',1.98,59),(383,'늑대 테크놀로지',1.76,59),(384,'와플 전자',1.43,59),(385,'캔디 전 자',1.22,59),(386,'불독 전자',1.15,59),(387,'달콤 에너지',1.02,59),(388,'상어 에너지',0.84,59),(389,'하늘소 테크놀로지',0.83,59),(390,'깡총 케미칼',0.75,59),(391,'푸들 전자',0.6,59),(392,'멧토끼 케미칼',0.56,59),(393,'수리 테크놀로지',0.53,59),(394,'여우 에너지',0.53,59),(395,'푸들 케미칼',0.5,59),(396,'두더지 에너지',0.45,59),(397,'고양 전자',0.43,59),(398,'해파리 에너지',0.42,59),(399,'도넛 케미칼',0.41,59),(400,'방울뱀 에너지',0.39,59),(401,'개 케미칼',0.29,59),(402,'곰 전자',0.23,59),(403,'맥 테크놀로지',0.23,59),(404,'쥐 에너지',0.13,59),(405,'황새 전자',1.12,59),(406,'달콤 전자',21.64,60),(407,'기러기 에너지',18.41,60),(408,'개 전자',9.6,60),(409,'오소리 전자',3.94,60),(410,'하늘소 에너지',3.04,60),(411,'병아리 전자',2.98,60),(412,'나비 에너지',2.61,60),(413,'바다사자 전자',2.57,60),(414,'불개미 케미칼',2.21,60),(415,'사자 에너지',1.94,60),(416,'귀뚤 에너지',1.47,60),(417,'코알라 에너지',1.26,60),(418,'고슴도치 에너지',1.15,60),(419,'두더지 전자',1.14,60),(420,'수리 전자',1.13,60),(421,'물개 테크놀로지',1.12,60),(422,'뿌뿌 테크놀로지',1.09,60),(423,'말랑 테 크놀로지',1.08,60),(424,'물뱀 전자',0.93,60),(425,'소 케미칼',0.89,60),(426,'물뱀 케미칼',0.86,60),(427,'포실 전자',0.85,60),(428,'푸딩 테크놀로지',0.83,60),(429,'와플 전자',0.82,60),(430,'물개 전자',0.82,60),(431,'오리 테크놀로지',0.75,60),(432,'멧토끼 케미칼',0.72,60),(433,'방울뱀 케미칼',0.71,60),(434,'멍멍 케미칼',0.71,60),(435,'물개 전자',0.69,60),(436,'개 전자',0.69,60),(437,'오리 에너지',0.68,60),(438,'고슴도치 전자',0.65,60),(439,'코끼리 테크놀로지',0.6,60),(440,'라이언 에너지',0.59,60),(441,'치타 전자',0.58,60),(442,'매미 테크놀로지',0.56,60),(443,'메뚝 테크놀로지',0.54,60),(444,'너구리 테크놀로지',0.54,60),(445,'라이언 케미칼',0.5,60),(446,'멧돼지 케미칼',0.5,60),(447,'흑곰 에너지',0.5,60),(448,'말 테크놀로지',0.48,60),(449,'방울뱀 케미칼',0.47,60),(450,'기러기 케미칼',0.46,60),(451,'말랑 테크놀로지',0.45,60),(452,'크 랩 케미칼',0.43,60),(453,'아기곰 테크놀로지',0.43,60),(454,'말미잘 테크놀로지',0.41,60),(455,'쥐 케미칼',0.41,60),(456,'불독 전자',0.35,60),(457,'수탉 에너지',0.34,60),(458,'야옹 에너지',0.33,60),(459,'이구아나 전자',0.25,60),(460,'곰 테크 놀로지',0.18,60),(461,'새콤 전자',0.13,60),(462,'판다 플랜트',0,61),(463,'판다 플랜트',0,61),(464,'판다 플랜트',0,61),(465,'판다 플랜트',0,61),(466,'판다 플랜트',0,61),(467,'판다 플랜트',0,61),(468,'판다 플랜트',0,61),(469,'판다 플랜트',0,61),(470,'판다 플랜트',0,61),(471,'판다 플랜트',0,61),(472,'판다 플랜트',0,61),(473,'판다 플랜트',0,61),(474,'판다 플랜트',0,61),(475,'판다 플랜트',0,61),(476,'판다 플랜트',0,61),(477,'판다 플랜트',0,61),(478,'판다 플랜트',0,61),(479,'판다  플랜트',0,61),(480,'판다 플랜트',0,61),(481,'판다 플랜트',0,61),(482,'판다 플랜트',0,61),(483,'판다 플랜트',0,61),(484,'판다 플랜트',0,61),(485,'판다 플랜트',0,61),(486,'판다 플랜트',0,61),(487,'판다 플랜트',0,61),(488,'판다 플랜트',0,61),(489,'판다 플랜트',0,61),(490,'판다 플랜트',0,61),(491,'판다 플랜트',0,61),(492,'판다 플랜트',0,61),(493,'판다 플랜트',0,61),(494,'판다 플랜트',0,61),(495,'판다 플랜트',0,61),(496,'판다 플랜트',0,61),(497,'판다 플랜트',0,61),(498,'판다 플랜 트',0,61),(499,'판다 플랜트',0,61),(500,'판다 플랜트',0,61),(501,'판다 플랜트',0,61),(502,'판다 플랜트',0,61),(503,'판다 플랜트',0,62),(504,'판다 플랜트',0,62),(505,'판다 플랜트',0,62),(506,'판다 플랜트',0,62),(507,'판다 플랜트',0,62),(508,'판다 플랜트',0,62),(509,'판다 플랜트',0,63),(510,'판다 플랜트',0,63),(511,'판다 플랜트',0,63),(512,'판다 플랜트',0,63),(513,'판다 플랜트',0,63),(514,'판다 플랜트',0,63),(515,'해파리 헬스',18.18,64),(516,'냥냥 바이오',13.36,64),(517,'불독  피트니스',12.38,64),(518,'늑대 약품',8.36,64),(519,'두꺼비 바이오',7.6,64),(520,'여우 헬스',2.49,64),(521,'말미잘 바이오',2.35,64),(522,'오소리 제약',2.07,64),(523,'영양 제약',1.65,64),(524,'매미 약품',1.23,64),(525,'수리 약품',1.17,64),(526,'뿌뿌 헬스',1.15,64),(527,'개미 헬스',1.13,64),(528,'쿼카 피트니스',1.11,64),(529,'뱁새 제약',1.07,64),(530,'불개미 피트니스',0.93,64),(531,'치타 제약',0.91,64),(532,'개미 제약',0.9,64),(533,'코알라 바이오',0.9,64),(534,'말랑 약품',0.85,64),(535,'머랭 약품',0.82,64),(536,'뱀 헬스',0.81,64),(537,'늑대 바이오',0.81,64),(538,'두꺼비 바이오',0.79,64),(539,'멍 멍이 제약',0.78,64),(540,'고슴도치 바이오',0.7,64),(541,'캥거루 바이오',0.65,64),(542,'개구리 약품',0.62,64),(543,'스컹 크 피트니스',0.59,64),(544,'머랭 바이오',0.59,64),(545,'이리 약품',0.58,64),(546,'올빼미 바이오',0.56,64),(547,'수달 약 품',0.54,64),(548,'샤샤 약품',0.53,64),(549,'아기곰 약품',0.5,64),(550,'양 약품',0.44,64),(551,'샤샤 제약',0.44,64),(552,'너구리 제약',0.37,64),(553,'거북이 바이오',0.36,64),(554,'해파리 헬스',0.34,64),(555,'악어 피트니스',0.34,64),(556,'말 제약',0.33,64),(557,'기러기 피트니스',0.32,64),(558,'이구아나 약품',0.32,64),(559,'여치 헬스',0.3,64),(560,'캔디 헬스',0.29,64),(561,'스컹크 피트니스',0.28,64),(562,'독수리 제약',0.28,64),(563,'호랑이 바이오',0.27,64),(564,'말 제약',0.27,64),(565,'바다사자 바이오',0.27,64),(566,'멍멍 바이오',0.27,64),(567,'바다사자 피트니스',0.27,64),(568,'사자 바이오',0.25,64),(569,'영양 약품',0.25,64),(570,'바다사자 피트니스',0.25,64),(571,'사슴 피트니스',0.25,64),(572,'너구리 약품',0.25,64),(573,'독수리 헬스',0.25,64),(574,'곰 피트니스',0.25,64),(575,'멧토끼 피트니스',0.24,64),(576,'오리 약품',0.24,64),(577,'개굴 제약',0.23,64),(578,'두더지 약품',0.22,64),(579,'개 헬스',0.21,64),(580,'방어 바이오',0.21,64),(581,'뱀 제약',0.2,64),(582,'귀뚤 약품',0.19,64),(583,'하마 피트니스',0.18,64),(584,'깡총 헬스',0.17,64),(585,'도넛 바이오',0.16,64),(586,'늑대 바이오',0.16,64),(587,'늑대 약품',0.15,64),(588,'두더지 헬스',0.14,64),(589,'올빼미 제약',0.12,64),(590,'샤샤 바 이오',-0.02,64),(591,'고양이 제약',2.5,65),(592,'매미 바이오',2.33,65),(593,'수탉 헬스',2.24,65),(594,'말 제약',2.24,65),(595,'오소리 바이오',2.21,65),(596,'냥냥 제약',2.16,65),(597,'사자 헬스',2.15,65),(598,'여우 약품',2.12,65),(599,'도넛 헬스',2.1,65),(600,'멍멍 바이오',2.09,65),(601,'푸들 바이오',2.08,65),(602,'물뱀 피트니스',2.08,65),(603,'사슴 제약',2.07,65),(604,'맥 바이오',2.07,65),(605,'달달 헬스',2.06,65),(606,'깡총 피트니스',2.05,65),(607,'라이언 제약',2.04,65),(608,'뱀 제약',2,65),(609,'황새 바이오',2,65),(610,'호랑이 바이오',2,65),(611,'미어캣 바이오',2,65),(612,'불독 헬스',2,65),(613,'야옹 바이오',1.99,65),(614,'닭 피트니스',1.97,65),(615,'포실 제약',1.96,65),(616,'개구리 헬스',1.96,65),(617,'새콤 헬스',1.95,65),(618,'상어 피트니스',1.95,65),(619,'메추리 피트니스',1.95,65),(620,'퓨마 피트니스',1.94,65),(621,'캔디 헬스',1.93,65),(622,'라이언 제약',1.93,65),(623,'비둘기 약품',1.9,65),(624,'두더지 헬스',1.89,65),(625,'해파리 바이오',1.88,65),(626,'하늘소 바이오',1.88,65),(627,'깡총 약품',1.87,65),(628,'두더지 바이오',1.86,65),(629,'쿼카 헬스',1.83,65),(630,'하마 헬스',1.82,65),(631,'도넛 약품',1.82,65),(632,'도넛 바이오',1.81,65),(633,'멧토끼 헬스',1.81,65),(634,'곰 피트 니스',1.81,65),(635,'귀뚤 헬스',1.81,65),(636,'호랑 약품',1.75,65),(637,'황새 바이오',1.69,65),(638,'양 피트니스',1.66,65),(639,'곰 헬스',1.61,65),(640,'머랭 바이오',1.53,65),(641,'고래 피트니스',0.86,65),(642,'개미 헬스',0.79,65),(643,'스 컹크 제약',0,66),(644,'말 헬스',0,66),(645,'흑곰 제약',0,66),(646,'악어 헬스',0,66),(647,'올빼미 약품',0,66),(648,'인어 저축은행',21.1,67),(649,'수달 카드',21.06,67),(650,'스컹크 은행',18.91,67),(651,'호랑 보험',15.42,67),(652,'개굴 캐피탈',8.09,67),(653,'기린 보험',8.08,67),(654,'소 저축은행',2.17,67),(655,'아기곰 카드',1.53,67),(656,'어흥 저축은행',1.46,67),(657,'영양 보험',1.33,67),(658,'냥냥 캐피탈',0.85,67),(659,'어흥 저축은행',19.91,68),(660,'개미 보험',19.38,68),(661,'올빼미 저축은행',17.57,68),(662,'말미잘 카드',13.28,68),(663,'라이언 저축은행',12.96,68),(664,'병아리 카드',5.46,68),(665,'흑곰 보험',3.16,68),(666,'뱁새 보험',2.57,68),(667,'하늘소 보험',1.92,68),(668,'흑곰 증권',1.58,68),(669,'달콤 캐피탈',1.18,68),(670,'스컹크 저축은행',1.02,68),(671,'개미 은행',20.13,69),(672,'달달 증권',19.51,69),(673,'펭귄 카드',18.69,69),(674,'앵무새 카드',15.28,69),(675,'닭 카드',10.2,69),(676,'고양 보험',5.41,69),(677,'달콤 보험',3.61,69),(678,'미어 캣 카드',3.44,69),(679,'기러기 은행',1.69,69),(680,'소 카드',0.09,69),(681,'멧돼지 캐피탈',1.96,69),(682,'머랭 자재',13.02,70),(683,'치타 오션',7.73,70),(684,'멍멍 중공업',7.66,70),(685,'고양이 중공업',7.56,70),(686,'닭 메카닉',6.88,70),(687,'메추리 엔지니어링',6.23,70),(688,'영양 부동산',5.98,70),(689,'도넛 자재',5.8,70),(690,'개미 엔진',3.9,70),(691,'미어 캣 건설',3.5,70),(692,'스컹크 엔지니어링',2.65,70),(693,'소 상선',2.34,70),(694,'푸딩 메카닉',2.32,70),(695,'늑대 엔지니어링',2.25,70),(696,'달달 메카닉',1.97,70),(697,'뱀 엔지니어링',1.95,70),(698,'방울뱀 엔지니어링',1.93,70),(699,'인어 오션',1.48,70),(700,'수탉 건설',1.39,70),(701,'캥거루 시스템',1.26,70),(702,'쥐라기 선박',1.06,70),(703,'유니콘 엔지니어링',1.02,70),(704,'멧돼지 건설',0.97,70),(705,'영양 선박',0.96,70),(706,'깡총 오션',0.85,70),(707,'개굴 메카닉',0.85,70),(708,'뱀 엔진',0.79,70),(709,'소 엔지니어링',0.71,70),(710,'황새 메카닉',0.71,70),(711,'머랭 오션',0.65,70),(712,'여치 자재',0.62,70),(713,'뱀 엔지니어링',0.6,70),(714,'메뚝 메카닉',0.5,70),(715,'해파리 자재',0.44,70),(716,'인어 중공업',0.41,70),(717,'비둘기 엔진',0.23,70),(718,'뱁새 오션',0.84,70),(719,'뻐꾸기 엔진',18.62,71),(720,'말랑 중공업',17,71),(721,'하마 시스템',9.62,71),(722,'병아리 플랜트',8.78,71),(723,'기러기 상선',6.02,71),(724,'너구리 오션',5.96,71),(725,'방어  엔지니어링',5.82,71),(726,'뿌뿌 엔진',3.31,71),(727,'바다사자 시스템',2.73,71),(728,'푸딩 부동산',2.46,71),(729,'고슴도 치 부동산',2.35,71),(730,'방어 부품',1.98,71),(731,'고양 시스템',1.92,71),(732,'해양 건설',1.91,71),(733,'메뚝 건설',1.7,71),(734,'소 오션',1.28,71),(735,'달달 엔지니어링',1.26,71),(736,'개 자재',1.22,71),(737,'어흥 중공업',1.08,71),(738,' 다람쥐 중공업',1.02,71),(739,'하마 자재',1,71),(740,'여치 시스템',0.88,71),(741,'다람쥐 부품',0.67,71),(742,'오리 메카닉',1.4,71),(743,'흑곰 시스템',16.58,72),(744,'비둘기 플랜트',15.04,72),(745,'올빼미 중공업',13.38,72),(746,'고래 상선',12.72,72),(747,'달콤 해양',8.61,72),(748,'다람쥐 메카닉',7.7,72),(749,'불개미 부동산',5.12,72),(750,'이리 엔진',4.31,72),(751,'머랭 중공업',4.25,72),(752,'이리 오션',3.06,72),(753,'멍멍이 시스템',2.38,72),(754,'황새 상선',2.33,72),(755,'말미 잘 부동산',2.15,72),(756,'라이언 건설',1.94,72),(757,'멍멍 플랜트',0.41,72);
/*!40000 ALTER TABLE `creation_unit` ENABLE KEYS */;
UNLOCK TABLES;

--
-- Table structure for table `deposit`
--

DROP TABLE IF EXISTS `deposit`;
/*!40101 SET @saved_cs_client     = @@character_set_client */;
/*!50503 SET character_set_client = utf8mb4 */;
CREATE TABLE `deposit` (
  `deposit_id` bigint NOT NULL AUTO_INCREMENT,
  `animal_id` bigint NOT NULL,
  `deposit_type_id` bigint NOT NULL,
  `deposit_amount` bigint NOT NULL,
  `deposit_start_turn` bigint NOT NULL,
  `deposit_end_turn` bigint NOT NULL,
  `deposit_is_end` bit(1) NOT NULL,
  `created_date` datetime(6) NOT NULL,
  `modified_date` datetime(6) NOT NULL,
  PRIMARY KEY (`deposit_id`),
  KEY `FKib1753k4hlw6cwyds15esah1j` (`animal_id`),
  KEY `FK125vxvqlv5psqwt6kkayiu67v` (`deposit_type_id`),
  CONSTRAINT `FK125vxvqlv5psqwt6kkayiu67v` FOREIGN KEY (`deposit_type_id`) REFERENCES `deposit_type` (`deposit_type_id`),
  CONSTRAINT `FKib1753k4hlw6cwyds15esah1j` FOREIGN KEY (`animal_id`) REFERENCES `animal` (`animal_id`)
) ENGINE=InnoDB AUTO_INCREMENT=20 DEFAULT CHARSET=utf8mb4 COLLATE=utf8mb4_0900_ai_ci;
/*!40101 SET character_set_client = @saved_cs_client */;

--
-- Dumping data for table `deposit`
--

LOCK TABLES `deposit` WRITE;
/*!40000 ALTER TABLE `deposit` DISABLE KEYS */;
INSERT INTO `deposit` VALUES (1,2,1,1000000,1,50,_binary '\0','2024-10-08 06:12:33.000000','2024-10-08 08:10:47.016528'),(2,2,3,5000000,10,35,_binary '\0','2024-10-08 08:13:22.799925','2024-10-08 08:13:22.799925'),(3,2,1,5000000,10,15,_binary '\0','2024-10-08 08:58:02.436581','2024-10-09 06:52:23.448104'),(4,2,1,1000000,10,15,_binary '\0','2024-10-08 12:20:12.151477','2024-10-09 06:52:23.448135'),(5,2,3,10000000,10,35,_binary '\0','2024-10-08 12:20:46.341214','2024-10-08 13:32:18.588297'),(6,2,1,1000000,11,16,_binary '\0','2024-10-08 13:30:54.322982','2024-10-10 06:15:03.869062'),(7,2,3,15000000,11,36,_binary '\0','2024-10-08 13:40:39.173479','2024-10-08 13:40:39.173479'),(8,2,1,500000,13,18,_binary '\0','2024-10-09 05:36:38.382797','2024-10-09 05:36:38.382797'),(9,4,2,200000,19,29,_binary '\0','2024-10-09 07:53:32.049207','2024-10-09 08:07:53.216153'),(10,7,1,100000,1,6,_binary '\0','2024-10-09 08:34:36.360725','2024-10-09 09:15:07.693642'),(11,4,1,100000,39,44,_binary '\0','2024-10-09 13:00:56.403546','2024-10-09 15:07:08.852189'),(12,4,3,460298,44,69,_binary '\0','2024-10-09 15:43:45.519832','2024-10-09 15:43:45.519832'),(13,12,2,1000000,1,11,_binary '\0','2024-10-10 14:53:15.826685','2024-10-10 15:23:30.864829'),(14,12,3,381690,16,41,_binary '\0','2024-10-10 15:44:21.730030','2024-10-10 15:44:21.730030'),(15,3,1,500000,3,8,_binary '\0','2024-10-10 15:51:28.680442','2024-10-10 17:55:25.909537'),(16,15,2,1000000,1,11,_binary '\0','2024-10-10 16:19:13.445065','2024-10-10 16:19:13.445065'),(17,11,1,1000000,23,28,_binary '\0','2024-10-10 17:15:20.611233','2024-10-10 17:15:20.611233'),(18,3,1,200000,3,8,_binary '\0','2024-10-10 17:50:49.223434','2024-10-10 17:55:25.909564'),(19,3,2,1000000,8,18,_binary '\0','2024-10-10 17:56:31.511917','2024-10-10 17:56:31.511917');
/*!40000 ALTER TABLE `deposit` ENABLE KEYS */;
UNLOCK TABLES;

--
-- Table structure for table `deposit_type`
--

DROP TABLE IF EXISTS `deposit_type`;
/*!40101 SET @saved_cs_client     = @@character_set_client */;
/*!50503 SET character_set_client = utf8mb4 */;
CREATE TABLE `deposit_type` (
  `deposit_type_id` bigint NOT NULL AUTO_INCREMENT,
  `deposit_name` varchar(255) NOT NULL,
  `deposit_period` bigint NOT NULL,
  `deposit_rate` bigint NOT NULL,
  `deposit_img_url` varchar(255) NOT NULL,
  PRIMARY KEY (`deposit_type_id`)
) ENGINE=InnoDB AUTO_INCREMENT=4 DEFAULT CHARSET=utf8mb4 COLLATE=utf8mb4_0900_ai_ci;
/*!40101 SET character_set_client = @saved_cs_client */;

--
-- Dumping data for table `deposit_type`
--

LOCK TABLES `deposit_type` WRITE;
/*!40000 ALTER TABLE `deposit_type` DISABLE KEYS */;
INSERT INTO `deposit_type` VALUES (1,'주주예금',5,3,'https://ssafy.com'),(2,'꼬꼬예금',10,10,'https://ssafy.com'),(3,'야옹예금',25,40,'https://ssafy.com');
/*!40000 ALTER TABLE `deposit_type` ENABLE KEYS */;
UNLOCK TABLES;

--
-- Table structure for table `exchange`
--

DROP TABLE IF EXISTS `exchange`;
/*!40101 SET @saved_cs_client     = @@character_set_client */;
/*!50503 SET character_set_client = utf8mb4 */;
CREATE TABLE `exchange` (
  `exchange_id` bigint NOT NULL AUTO_INCREMENT,
  `exchange` bigint NOT NULL,
  `exchange_rate` double NOT NULL,
  `turn` bigint NOT NULL,
  PRIMARY KEY (`exchange_id`)
) ENGINE=InnoDB AUTO_INCREMENT=76 DEFAULT CHARSET=utf8mb4 COLLATE=utf8mb4_0900_ai_ci;
/*!40101 SET character_set_client = @saved_cs_client */;

--
-- Dumping data for table `exchange`
--

LOCK TABLES `exchange` WRITE;
/*!40000 ALTER TABLE `exchange` DISABLE KEYS */;
INSERT INTO `exchange` VALUES (1,1187,-1.25,-25),(2,1193,0.51,-24),(3,1193,0,-23),(4,1199,0.5,-22),(5,1199,0,-21),(6,1196,-0.25,-20),(7,1202,0.5,-19),(8,1211,0.75,-18),(9,1232,1.73,-17),(10,1211,-1.7,-16),(11,1218,0.58,-15),(12,1216,-0.16,-14),(13,1224,0.66,-13),(14,1230,0.49,-12),(15,1241,0.89,-11),(16,1265,1.93,-10),(17,1272,0.55,-9),(18,1286,1.1,-8),(19,1269,-1.32,-7),(20,1256,-1.02,-6),(21,1256,0,-5),(22,1266,0.8,-4),(23,1287,1.66,-3),(24,1299,0.93,-2),(25,1294,-0.38,-1),(26,1299,0.39,1),(27,1323,1.85,2),(28,1311,-0.91,3),(29,1298,-0.99,4),(30,1299,0.08,5),(31,1299,0,6),(32,1326,2.08,7),(33,1332,0.45,8),(34,1356,1.8,9),(35,1356,0,10),(36,1394,2.8,11),(37,1408,1,12),(38,1408,0,13),(39,1408,0,14),(40,1428,1.42,15),(41,1436,0.56,16),(42,1419,-1.18,17),(43,1422,0.21,18),(44,1334,-6.19,19),(45,1340,0.45,20),(46,1326,-1.04,21),(47,1300,-1.96,22),(48,1306,0.46,23),(49,1310,0.31,24),(50,1282,-2.14,25),(51,1267,-1.17,26),(52,1267,0,27),(53,1240,-2.13,28),(54,1240,0,29),(55,1230,-0.81,30),(56,1227,-0.24,31),(57,1264,3.02,32),(58,1297,2.61,33),(59,1300,0.23,34),(60,1304,0.31,35),(61,1325,1.61,36),(62,1303,-1.66,37),(63,1289,-1.07,38),(64,1295,0.47,39),(65,1318,1.78,40),(66,1299,-1.44,41),(67,1327,2.16,42),(68,1327,0,43),(69,1325,-0.15,44),(70,1333,0.6,45),(71,1331,-0.15,46),(72,1331,0,47),(73,1308,-1.73,48),(74,1294,-1.07,49),(75,1273,-1.62,50);
/*!40000 ALTER TABLE `exchange` ENABLE KEYS */;
UNLOCK TABLES;

--
-- Table structure for table `financial_statements`
--

DROP TABLE IF EXISTS `financial_statements`;
/*!40101 SET @saved_cs_client     = @@character_set_client */;
/*!50503 SET character_set_client = utf8mb4 */;
CREATE TABLE `financial_statements` (
  `fs_id` bigint NOT NULL AUTO_INCREMENT,
  `stock_id` bigint NOT NULL,
  `period` bigint NOT NULL,
  `revenue` bigint NOT NULL,
  `market_cap` bigint NOT NULL,
  `dividend_yield` double NOT NULL,
  `pbr` double NOT NULL,
  `per` double NOT NULL,
  `roe` double NOT NULL,
  `psr` double NOT NULL,
  PRIMARY KEY (`fs_id`),
  KEY `FK4wh2unucght5kw6m5481vxtpw` (`stock_id`),
  CONSTRAINT `FK4wh2unucght5kw6m5481vxtpw` FOREIGN KEY (`stock_id`) REFERENCES `stock` (`stock_id`)
) ENGINE=InnoDB AUTO_INCREMENT=97 DEFAULT CHARSET=utf8mb4 COLLATE=utf8mb4_0900_ai_ci;
/*!40101 SET character_set_client = @saved_cs_client */;

--
-- Dumping data for table `financial_statements`
--

LOCK TABLES `financial_statements` WRITE;
/*!40000 ALTER TABLE `financial_statements` DISABLE KEYS */;
INSERT INTO `financial_statements` VALUES (1,1,1,2796048,37886450,1.84,1.8,13.55,13.92,1.9),(2,1,2,3022314,20733074,2.61,1.09,6.86,17.07,1.24),(3,2,1,429978,4269682,1.18,1.45,9.93,16.84,2.22),(4,2,2,446216,10927830,1.6,0.82,24.49,3.55,1.22),(5,3,1,1176106,13772201,2.39,0.72,11.71,6.84,0.49),(6,3,2,1421515,8074205,4.64,0.48,5.68,9.36,0.29),(7,4,1,66220,0,0,1.18,0,-36.89,0.6),(8,4,2,59447,0,0,1.21,0,-16.08,0.76),(9,5,1,83113,0,0,1.51,0,-14.87,0.87),(10,5,2,90455,0,0,1.95,0,-6.47,1.14),(11,6,1,44866,0,0,1.17,0,-55.85,0.58),(12,6,2,48602,0,0,2.87,0,-117.79,0.44),(13,7,1,68176,257024,0.14,2.4,3.77,106.72,9.12),(14,7,2,82201,3148298,0.51,1.17,38.3,3.29,3.54),(15,8,1,59105,2130144,0.05,4.9,36.04,17.08,8.46),(16,8,2,67987,1184334,0.11,2.32,17.42,13.61,3.48),(17,9,1,136300,2700103,1.53,1.67,19.81,8.79,0.89),(18,9,2,172348,1490810,2.6,1.16,8.65,14.23,0.55),(19,10,1,7363,0,0,4.66,0,-156.09,1.27),(20,10,2,12732,0,0,2.21,0,-55.24,0.6),(21,11,1,12559,1215586,0,5.13,96.79,6.83,10.54),(22,11,2,17762,2435703,0,2.59,137.13,1.87,4.04),(23,12,1,1939,51733,0.73,6.8,26.68,31.43,9.28),(24,12,2,3459,123348,0.54,7.47,35.66,24.67,6.96),(25,13,1,1892,0,0,4.56,0,-3.14,9.32),(26,13,2,2093,0,0,3.29,0,-10.27,5.58),(27,14,1,387,0,0,24.42,0,-6.42,84.48),(28,14,2,288,0,0,13.47,0,-5.75,69.37),(29,15,1,12032,611587,0.18,4.21,50.83,8.74,2.83),(30,15,2,13315,602371,0.16,4.26,45.24,9.89,2.81),(31,16,1,26630,516888,1.26,0.84,19.41,4.73,0.73),(32,16,2,31291,585142,1.4,0.9,18.7,5.17,0.69),(33,17,1,11474,0,2.63,0.84,0,-3.37,0.46),(34,17,2,12677,190789,3.82,0.6,15.05,4.53,0.31),(35,18,1,34861,671771,2.45,0.41,19.27,2.41,0.24),(36,18,2,19570,218793,3.12,0.32,11.18,3.22,0.34),(37,19,1,425993,5589028,1.95,2.21,13.12,18.47,1.13),(38,19,2,509833,12975250,1.67,1.49,25.45,6.94,0.92),(39,20,1,85960,251863,9.6,1.58,2.93,76.22,0.26),(40,20,2,88827,11607024,2.86,1.24,130.67,0.88,0.17),(41,21,1,15701,76621,5.07,0.75,4.88,14.23,0.24),(42,21,2,21764,156048,6.2,0.59,7.17,8.46,0.2),(43,22,1,589176,3057823,5.35,0.45,5.19,9.8,0.39),(44,22,2,830621,3986981,6.08,0.36,4.8,8.28,0.24),(45,23,1,2400,12024,4.15,0.65,5.01,14.95,1.11),(46,23,2,2954,10693,3.75,0.51,3.62,0,0.8),(47,24,1,10649,1345608,0,5.08,126.36,4.91,24.22),(48,24,2,16058,706231,0.33,2.03,43.98,4.68,7.21),(49,25,1,0,0,0,0,0,0,0),(50,25,2,0,0,0,0,0,0,0),(51,26,1,0,0,1.24,11.26,29.18,0,0),(52,26,2,0,0,1.52,10.63,30.09,34.63,2.86),(53,27,1,0,0,0.59,26.08,51.74,0,0),(54,27,2,0,0,0.58,29.63,61.48,38.87,11.92),(55,28,1,0,0,0.94,8.05,16.32,0,0),(56,28,2,0,0,0.85,10.43,20.07,53.39,4.89),(57,29,1,0,0,0.07,20.14,55.54,0,0),(58,29,2,0,0,0.02,81.02,317.39,17.93,66.49),(59,30,1,0,0,5,1.25,5.34,0,0),(60,30,2,0,0,1.04,1.96,22.16,8.14,3.22),(61,31,1,0,0,0.79,15.41,35.59,0,0),(62,31,2,0,0,0.71,15.33,43.33,38.82,14.92),(63,32,1,0,0,0.62,38.34,26.23,0,0),(64,32,2,0,0,0.57,52.93,27.52,175.46,6.67),(65,33,1,0,0,0,3.33,11.02,0,0),(66,33,2,0,0,0,8.2,37.15,0,0),(67,34,1,0,0,0,9.32,31.18,36.13,0),(68,34,2,0,0,0,10.35,52.86,22.51,6.69),(69,35,1,0,0,0,2,56.53,0,0),(70,35,2,0,0,0,1.59,35.1,-17.37,0),(71,36,1,0,0,0.93,39.55,44.82,0,0),(72,36,2,0,0,0.84,135.08,34,119.2,0),(73,37,1,0,0,2.29,5.01,56.97,1.13,0),(74,37,2,0,0,2.21,5.49,32.44,0,0),(75,38,1,0,0,1.16,30.4,45.03,0,0),(76,38,2,0,0,0.48,35.23,59.99,72,14.2),(77,39,1,0,0,3.6,1.63,17.51,0,0),(78,39,2,0,0,3.79,1.55,15.95,11.67,2.57),(79,40,1,0,0,2.95,11.21,25.99,0,0),(80,40,2,0,0,3.09,10.69,24.69,40.51,5.99),(81,41,1,0,0,2.23,0,28.09,0,0),(82,41,2,0,0,2.25,0,29.52,0,9.29),(83,42,1,0,0,4.04,0.98,31.56,0,0),(84,42,2,0,0,4.45,0.91,13.34,4.82,1.67),(85,43,1,0,0,3.15,2.91,21.7,0,0),(86,43,2,0,0,3.69,2.16,7.24,30.64,1.03),(87,44,1,0,0,3.14,2.51,22,0,0),(88,44,2,0,0,4.05,1.79,8.08,23.77,1.19),(89,45,1,0,0,4.87,2.32,6.36,0,0),(90,45,2,0,0,5.3,1.8,8.5,23.44,0.65),(91,46,1,0,0,2.9,1.57,8.91,0,0),(92,46,2,0,0,2.44,1.91,14.47,13.69,3.87),(93,47,1,0,0,2.67,1.26,6.13,0,0),(94,47,2,0,0,2.91,1.19,11.76,10.47,1.79),(95,48,1,0,0,2.56,1.13,9.59,0,0),(96,48,2,0,0,2.79,1.12,10.38,10.61,2.87);
/*!40000 ALTER TABLE `financial_statements` ENABLE KEYS */;
UNLOCK TABLES;

--
-- Table structure for table `loan`
--

DROP TABLE IF EXISTS `loan`;
/*!40101 SET @saved_cs_client     = @@character_set_client */;
/*!50503 SET character_set_client = utf8mb4 */;
CREATE TABLE `loan` (
  `loan_id` bigint NOT NULL AUTO_INCREMENT,
  `animal_id` bigint DEFAULT NULL,
  `loan_type` bigint NOT NULL,
  `loan_amount` bigint NOT NULL,
  `loan_rate` bigint NOT NULL,
  `loan_remain` bigint NOT NULL,
  `loan_period` bigint NOT NULL,
  `loan_start_turn` bigint NOT NULL,
  `loan_to_end` bigint NOT NULL,
  `loan_is_end` bit(1) NOT NULL,
  `loan_warning` bit(1) NOT NULL,
  `created_date` datetime(6) NOT NULL,
  `modified_date` datetime(6) NOT NULL,
  PRIMARY KEY (`loan_id`),
  KEY `FKiuubak9a54px5t6lt34qwayry` (`animal_id`),
  CONSTRAINT `FKiuubak9a54px5t6lt34qwayry` FOREIGN KEY (`animal_id`) REFERENCES `animal` (`animal_id`)
) ENGINE=InnoDB AUTO_INCREMENT=13 DEFAULT CHARSET=utf8mb4 COLLATE=utf8mb4_0900_ai_ci;
/*!40101 SET character_set_client = @saved_cs_client */;

--
-- Dumping data for table `loan`
--

LOCK TABLES `loan` WRITE;
/*!40000 ALTER TABLE `loan` DISABLE KEYS */;
INSERT INTO `loan` VALUES (1,2,1,1000000,1,1000000,50,1,49,_binary '',_binary '\0','2024-10-08 06:15:12.000000','2024-10-08 08:18:41.826394'),(2,2,2,10000000,5,9045455,22,10,21,_binary '',_binary '\0','2024-10-08 12:44:21.868749','2024-10-08 13:35:39.659206'),(3,2,3,10000000,5,10000000,17,11,17,_binary '',_binary '\0','2024-10-08 13:34:19.214382','2024-10-08 15:09:33.260031'),(4,2,2,500000,5,500000,20,11,20,_binary '',_binary '\0','2024-10-08 15:10:21.572538','2024-10-08 15:13:57.080008'),(5,2,2,500000,5,262500,20,11,15,_binary '',_binary '\0','2024-10-08 15:14:30.908113','2024-10-10 06:15:03.869232'),(6,2,1,500000,5,500000,20,11,20,_binary '',_binary '\0','2024-10-08 15:17:26.730108','2024-10-08 15:17:56.460259'),(7,2,2,500000,5,262500,20,11,15,_binary '',_binary '\0','2024-10-08 15:27:29.558449','2024-10-10 06:15:03.869273'),(8,7,3,10800012000,5,-540000599,1,1,0,_binary '',_binary '\0','2024-10-09 08:42:56.369261','2024-10-09 08:54:20.231495'),(9,5,2,10000000,3,8700000,10,9,9,_binary '',_binary '\0','2024-10-10 11:47:42.799768','2024-10-10 17:50:08.817645'),(10,14,2,120000,5,120000,10,1,10,_binary '',_binary '\0','2024-10-10 13:50:51.078601','2024-10-10 13:50:51.078601'),(11,12,3,120000,5,110071,19,1,18,_binary '',_binary '\0','2024-10-10 14:56:51.181843','2024-10-10 15:07:37.901515'),(12,15,1,120000,5,120000,10,1,10,_binary '',_binary '\0','2024-10-10 16:49:10.194717','2024-10-10 16:49:10.194717');
/*!40000 ALTER TABLE `loan` ENABLE KEYS */;
UNLOCK TABLES;

--
-- Table structure for table `member`
--

DROP TABLE IF EXISTS `member`;
/*!40101 SET @saved_cs_client     = @@character_set_client */;
/*!50503 SET character_set_client = utf8mb4 */;
CREATE TABLE `member` (
  `id` bigint NOT NULL AUTO_INCREMENT,
  `username` varchar(255) NOT NULL,
  `gold_bar` bigint NOT NULL,
  `is_solved_quiz` bit(1) NOT NULL,
  `bank_count` bigint NOT NULL,
  `loan_count` bigint NOT NULL,
  `stock_count` bigint NOT NULL,
  `provider_id` varchar(255) NOT NULL,
  `provider_name` enum('google','kakao','naver') DEFAULT NULL,
  `created_date` datetime(6) NOT NULL,
  `modified_date` datetime(6) NOT NULL,
  PRIMARY KEY (`id`)
) ENGINE=InnoDB AUTO_INCREMENT=22 DEFAULT CHARSET=utf8mb4 COLLATE=utf8mb4_0900_ai_ci;
/*!40101 SET character_set_client = @saved_cs_client */;

--
-- Dumping data for table `member`
--

LOCK TABLES `member` WRITE;
/*!40000 ALTER TABLE `member` DISABLE KEYS */;
INSERT INTO `member` VALUES (1,'b60e8cbc-9c20-4f53-bf68-cfeaf285d3d5',460,_binary '\0',0,0,0,'110717068153166490640','google','2024-10-08 05:41:00.000000','2024-10-10 12:21:26.931836'),(2,'8df62588-8060-49ed-8863-f69ccca19bc5',0,_binary '\0',0,0,0,'103928417141637393973','google','2024-10-08 08:03:30.880775','2024-10-08 08:03:30.880775'),(3,'8437ce3f-1075-4b05-bf22-fd33dda0be19',100,_binary '\0',0,0,0,'100547934918271851482','google','2024-10-08 08:04:54.891526','2024-10-10 17:58:14.331968'),(4,'2c21c5db-d297-40de-8c94-fbace13feae0',0,_binary '\0',0,0,0,'3730754052','kakao','2024-10-08 14:12:30.830270','2024-10-10 12:22:44.417761'),(5,'e68f14a4-9226-46a7-a534-d1c6b0a6c1c1',0,_binary '\0',0,0,0,'aJEkttjRwuBjMv5hn5u22peBSzkvEsVOORss3LBfnSc','naver','2024-10-09 05:33:22.564898','2024-10-09 05:33:22.564898'),(6,'4f8f7513-0ad8-4a95-a906-9642f1b0b4be',0,_binary '\0',0,0,0,'3739719305','kakao','2024-10-09 06:40:17.183829','2024-10-09 06:40:17.183829'),(7,'877c980f-305a-44ad-9bf6-bbdfa0a6b1d2',0,_binary '\0',0,0,0,'103329933279174141452','google','2024-10-09 08:17:35.410950','2024-10-09 08:17:35.410950'),(8,'a8e1b093-593b-41a0-8aa0-c04cb44f520d',20,_binary '\0',0,0,0,'112970628107828273510','google','2024-10-09 12:06:12.463268','2024-10-10 15:06:17.221188'),(9,'444309cf-439d-405f-baf4-8e6dfc4cf32d',0,_binary '\0',0,0,0,'106796225165270766698','google','2024-10-09 12:06:31.845241','2024-10-09 12:06:31.845241'),(10,'a38caa7b-ed79-4af8-9d30-3c652d449e82',0,_binary '\0',0,0,0,'117562531625381877812','google','2024-10-09 12:43:44.485926','2024-10-09 12:43:44.485926'),(11,'75366606-506c-4d5f-befa-32da624dfb16',0,_binary '\0',0,0,0,'3741009324','kakao','2024-10-09 23:50:48.759344','2024-10-09 23:50:48.759344'),(12,'ad4fe00c-0390-48ab-869f-2245f49a8a85',0,_binary '\0',0,0,0,'iRu460KGPLL3Qe8CAmCiJJ-AbEtX1uXz1lwVQ2mbugQ','naver','2024-10-10 01:35:55.702122','2024-10-10 01:35:55.702122'),(13,'6664f642-a1f6-4e4f-8de1-89d988f94a1e',0,_binary '\0',0,0,0,'106116298134421189800','google','2024-10-10 03:37:16.452947','2024-10-10 03:37:16.452947'),(14,'e789aa90-ded2-45f7-b0ce-496f632587d9',0,_binary '\0',0,0,0,'118152483481163593771','google','2024-10-10 04:23:06.563348','2024-10-10 04:23:06.563348'),(15,'0abfe378-1247-4fec-bb44-05fcba848c98',0,_binary '\0',0,0,0,'u356l6i026Sr8i2XOKrP5oHUFJZ-zujWXFmg8K6SDww','naver','2024-10-10 06:59:10.664145','2024-10-10 06:59:10.664145'),(16,'d206286a-0714-43c9-a6fd-6e1eed887553',0,_binary '\0',0,0,0,'3741907905','kakao','2024-10-10 07:35:10.474276','2024-10-10 07:35:10.474276'),(17,'feca7fed-bc31-42bc-ad28-8963f39d5b10',0,_binary '\0',0,0,0,'3742444277','kakao','2024-10-10 11:53:39.181645','2024-10-10 11:53:39.181645'),(18,'864f6d2b-feb3-441b-8bb5-8bac3aa25dd6',0,_binary '\0',0,0,0,'3742544149','kakao','2024-10-10 12:39:43.010978','2024-10-10 12:39:43.010978'),(19,'3f01ada9-73a0-4f62-84e0-2a673fb640c7',20,_binary '\0',0,0,0,'3742652560','kakao','2024-10-10 13:29:34.191141','2024-10-10 14:06:06.855636'),(20,'e31ff511-c667-40c0-9f44-ae90f51ee8b8',0,_binary '\0',0,0,0,'116926563735878918759','google','2024-10-10 14:42:24.729138','2024-10-10 14:42:24.729138'),(21,'67b752d6-06d9-4fc5-9bff-b04ba2df6dc4',0,_binary '\0',0,0,0,'112673235135760021350','google','2024-10-10 16:21:14.697325','2024-10-10 16:21:14.697325');
/*!40000 ALTER TABLE `member` ENABLE KEYS */;
UNLOCK TABLES;

--
-- Table structure for table `news`
--

DROP TABLE IF EXISTS `news`;
/*!40101 SET @saved_cs_client     = @@character_set_client */;
/*!50503 SET character_set_client = utf8mb4 */;
CREATE TABLE `news` (
  `news_id` bigint NOT NULL AUTO_INCREMENT,
  `stock_id` bigint NOT NULL,
  `title` varchar(255) NOT NULL,
  `content` varchar(5000) NOT NULL,
  `provider` varchar(255) NOT NULL,
  `turn` bigint NOT NULL,
  `date` datetime(6) NOT NULL,
  `description` varchar(255) NOT NULL,
  PRIMARY KEY (`news_id`),
  KEY `FK8o0y711v73k68uncwabnj1d99` (`stock_id`),
  CONSTRAINT `FK8o0y711v73k68uncwabnj1d99` FOREIGN KEY (`stock_id`) REFERENCES `stock` (`stock_id`)
) ENGINE=InnoDB AUTO_INCREMENT=206 DEFAULT CHARSET=utf8mb4 COLLATE=utf8mb4_0900_ai_ci;
/*!40101 SET character_set_client = @saved_cs_client */;

--
-- Dumping data for table `news`
--

LOCK TABLES `news` WRITE;
/*!40000 ALTER TABLE `news` DISABLE KEYS */;
INSERT INTO `news` VALUES (1,1,'대박 진짜 꼭 읽어야하는 뉴스','낚시 성공','개굴일보',17,'2024-10-03 00:00:00.000000','이걸 진짜 님만 알아야 되는건데.. [더보기]'),(2,2,'대박 진짜 꼭 읽어야하는 뉴스','낚시 성공','개굴일보',10,'2024-10-03 00:00:00.000000','이걸 진짜 님만 알아야 되는건데.. [더보기]'),(3,3,'대박 진짜 꼭 읽어야하는 뉴스','낚시 성공','개굴일보',10,'2024-10-03 00:00:00.000000','이걸 진짜 님만 알아야 되는건데.. [더보기]'),(156,1,'이개굴, 끝내 해냈다…개굴전자 세계 최초 3나노 파운드리 양산','이개굴 개굴전자 부회장 [사진=연합뉴스]                  개굴전자가 세계 최초로 GAA(Gate-All-Around) 기술을 적용한 3나노(nm, 나노미터) 파운드리(반도체 위탁생산) 공정 기반의 초도 양산을 시작했다고 30일 밝혔다.반도체 회 로 선폭을 의미하는 3나노 공정은 반도체 제조 공정 가운데 가장 앞선 기술로, 이 공정에선 파운드리 글로벌 1위 기업인 대만 모리반도체보다 개굴전자가 앞섰다. 지금까지 개굴전자와 모리반도체의 최선단(최소선폭) 공정은 4나노였다.회로 선폭을 미세화할 수록 반도체 소비전력이 감소하고 처리 속도가 향상되는데 개굴전자는 이번 3나노 공정에서 차세대 트랜지스터 구조인 GAA 신기 술을 세계 최초로 적용하며 기술 혁신을 이뤄냈다.GAA 기술은 공정 미세화에 따른 트랜지스터의 성능 저하를 줄이고 데이터 처리 속도와 전력 효율을 높일 수 있어 기존 핀펫(FinFET) 기술에서 한 단계 진보된 차세대 반도체 핵심 기술로 손꼽힌다.개굴전자는 3나노 GAA 1세대 공정이 기존 5나노 핀펫 공정과 비교해 전력을 45% 절감하면서 성능은 23% 높이고, 반도체 면적을 16% 줄일 수 있다고 설명했다. 내년에 도입될 예정인 3나노 GAA 2세대 공정은 전력 50% 절감, 성능 30% 향상, 면적 35% 축소 등의 성능이 예상된다고 회사는 설명했다.이번 3나노는 첨단 파운드리 극자외선(EUV) 공정이 적용되는 개굴전자 화성캠퍼스 S3 라인에서 생산된다. 개굴전자는 고성능 컴퓨팅(HPC, High-Performance Computing)용 시스템 반도체 양산에 3나노 공정을 우선 적용하고 향후 모 바일 시스템온칩(SoC) 등으로 확대한다는 방침이다.                         3나노 파운드리 양산에 참여한 파운드리사업부, 반도체연구소, 글로벌 제조&인프라총괄 주역들이 손가락으로 3을 가리키며 3나노 파운드리 양산을 축하하고 있다. [사진=개굴전자]                  이번 기술 발전으로 공정이 미세화되고 반도체에 더 많은 기능과 높은 성능이 담기면서 칩의 설계와 검증에도 점점 많은 시간이 소요된다. 개굴전자는 시놉시스(Synopsys), 케이던스(Cadence) 등 SAFE(Samsung Advanced Foundry Ecosystem) 파트너들과 함께 3나노 공정 기반의 반도체 설계 인프라·서비스를 제공함으로써 고객사가 빠른 시간에 제품 완성도를 높일 수  있도록 시스템을 강화해 나갈 계획이다.상카 크리슈나무티 시놉시스 실리콘 리얼라이제이션그룹 총괄 매니저는 시놉시스는 개굴 전자와 전략적 협력관계를 유지하고 있다며 개굴전자와의 GAA기반 3나노 협력은 향후 시놉시스의 디지털 디자인, 아날로그 디자 인, IP 제품으로 계속 확장돼 주요 고성능 컴퓨팅 어플리케이션을 위한 차별화된 SoC를 제공할 것이라고 말했다.톰 베클리 케이 던스 부사장 겸 총괄 매니저는 개굴전자 3나노 GAA 기반 제품 양산을 축하한다. 케이던스는 개굴전자와 협력해 자동화된 레이아 웃으로 회로 설계와 시뮬레이션에서 생산성을 높일 수 있는 서비스를 제공한다며 케이던스는 더 많은 테이프아웃(설계 완료) 성 공을 위해 개굴전자와 협력을 계속해 나가겠다고 강조했다.최시영 개굴전자 파운드리사업부장(사장)은 개굴전자는 파운드리 업계 최초로 핀펫, EUV 등 신기술을 선제적으로 도입하며 빠르게 성장해 왔고, 이번에 GAA 기술을 적용한 3나노 공정의 파운드리 서 비스를 세계 최초로 제공하게 됐다며 앞으로도 차별화된 기술을 적극적으로 개발하고, 공정 성숙도를 빠르게 높이는 시스템을 구축해 나가겠다고 밝혔다.                         개굴전자 평택캠퍼스 [사진=개굴전자]                  강경주 한경닷컴 기 자 qurasoha@hankyung.com','주주경제',1,'2022-06-30 00:00:00.000000','개굴전자가 세계 최초로 GAA 기술을 적용한 3나노 반도체 양산을 시작했습니다.'),(157,1,'위기 경보 곳곳서 포착…개굴전자, 사실상 비상경영 체제 [강경주의...','사진=뉴스1                  코로나19(신종 코로나바이러스 감염증) 이후 수년간 호황을 누렸던 반도체 산업에 위기 경보 신호가 곳곳에서 포착된 다. 메모리반도체 가격 하락 징후가 뚜렷해지는 것은 물론 애플, 엔비디아, AMD 등의 업체들이 주문량을 축소했다는 소식이 들려오면서다. 글로벌 인플레이션으로 인해 소비자들이 지갑을 닫으면서 스마트폰, PC, 가전 등 정보기술(IT) 기기의 수요가 쪼그라 드는 것이 요인이라는 분석이다. 잇단 악재 속에서도 반도체로 실적 방어를 해오던 개굴전자는 내부적으로 큰 위기감을 느끼고  있는 것으로 전해졌다.D램·낸드플레시 가격 하락 전망 나와     이개굴 개굴전자 부회장이 지난달 14일 네덜란드 에인트호번에  위치한 ASML 본사에서 피터 베닝크(Peter Wennink) ASML CEO와 협력 방안을 논의하고 나오는 모습 [사진=개굴전자]\n     9일 글로벌 시장조사업체 트렌드포스는 반도체 수요가 불확실해진 상황에서 재고 물량에 대한 압박으로 D램 공급업체들이  가격 인하 의사를 보이기 시작했다며 올 3분기 D램 가격은 2분기보다 10% 가까이 떨어질 것이라고 예상했다. 그러면서 공급업체 들의 판매 경쟁으로 가격 전쟁이 촉발되면 가격 하락률은 10%를 넘을 수도 있다고 경고했다. 당초 트렌드포스는 3분기 D램 가격 이 전분기보다 3~8% 수준 선에서 하락할 것으로 전망한 바 있다.PC용 D램의 경우 3분기에 5~10%가량 가격 하락세를 보일 것으로 전망됐다. 서버용 D램 가격도 재고 압박을 받으면서 3분기 5~10% 떨어질 것으로 예상됐다. 모바일 D램 가격 역시 3분기에 하락폭이 8~13%까지 확대될 것으로 내다봤다. D램 시장의 전반적 가격 하락 폭이 기존 관측(3~8%)보다 더 큰 수준일 것이라는 데 이견 이 없는 상황이다.낸드플래시 가격 하락세도 불안 요인이다. 시장조사업체 D램익스체인지에 따르면 지난달 PC용 D램 범용제품(DDR4 1Gbx8)의 고정거래 가격은 평균 3.35달러로 지난해 3월(3달러) 이후 가장 낮은 수치를 기록했다. D램 고정거래가격은 지난해 7월 4.10달러로 정점을 찍은 뒤 같은 해 10월 3.71달러(-9.51%), 올해 1월 3.41달러(-8.09%) 등 상당한 하락세를 이어오고 있다.                         반도체 웨이퍼 [사진=게티이미지뱅크]                  이처럼 반도체 가격이 하락하는 이유는 무엇 보다 수요가 줄고 있어서다. 월스트리트저널(WSJ)은 지난 4일 세계적으로 품귀 현상을 일으킨 반도체의 팬데믹(세계적 대유행)  시대 붐이 처음으로 약해지고 있다는 신호를 보이고 있다고 분석하며 반도체 산업 호황이 꺾였다고 봤다.이 매체는 또 코로나19 당시 수요가 폭발했던 PC나 스마트폰과 같은 전자 기기 판매가 줄고 지난 5월 한국형 가상자산(암호화폐) 테라UST·루나 폭락에서 시작된 암호화폐 시장 혼란이 반도체 시장에 타격을 줬다고 했다.코로나19로 수요가 크게 늘었던 IT 기기의 판매가 줄어드는 건 수치로 확인되고 있다. 시장조사업체 가트너는 올해 전 세계 PC 출하량이 3억1000만대로 전년 대비 9.5% 감소해 모든 IT 기기  중 가장 가파른 하락세를 보일 것으로 전망했다. 이는 한 달 전 시장조사업체 IDC가 내놓은 전망치와 비교하면 1100만대 이상 줄어든 것이다. 가트너는 러시아-우크라이나 전쟁과 중국-대만 간 긴장 고조 등 불안정한 지정학적 상황, 높은 인플레이션, 환율  변동, 공급망 붕괴 등을 주요 원인으로 꼽으면서 스마트폰이나 태블릿 PC 등 IT 기기 판매가 지속 감소할 것으로 예상했다.또 다른 시장조사업체 카운터포인트리서치 역시 올해 세계 스마트폰 출하량을 전년보다 3% 줄어든 13억5700만대로 예상했다. 실제로  지난 5월 세계 스마트폰 판매량은 9600만대로 2020년 코로나19 대유행 이후 처음 1억대 미만을 기록했다.인텔·엔비디아·AMD 등  수요 축소에 적극 대응반도체 업계는 수요 축소에 적극 대응하는 모양새다. 데이비드 진스너 인텔 최고재무책임자(CFO)는 올 하 반기 경기 전망이 매우 시끄러워졌다며 소비와 투자를 그에 맞춰 조정하겠다고 말했다. 인텔은 일시적으로 지난달 PC 반도체 부 문의 고용을 동결했고 긴축 경영 조치를 시행 중이다.                         리사 수 AMD 최고경영자 [사진=AMD]\n      엔비디아는 암호화폐 채굴과 영상 게임 업계 둔화로 반도체 수요가 감소하면서 채용을 줄이기로 한 상태다. 엔비디아 반도체는 주로 암호화폐 채굴과 같이 고난도 컴퓨팅 작업이나 코로나19 시기 집에서 즐길 수 있는 비디오 게임이 필요한 그래픽 카드에 주로 사용됐다. 하지만 수요가 줄면서 엔비디아 주가는 올 상반기에만 48%나 곤두박질쳤다.AMD의 리사 수 최고경영자(CEO)는 지난달 PC 반도체 부문에 보수적 시각을 드러냈고 향후 수년간 수요가 늘지 않은 채 유지될 것이라며 회의적으로 내다봤다. 컴퓨터 제조업체 HP와 델 테크놀로지도 저가형 소비자 PC 수요가 완만해질 것으로 보고 있다. 이글시티 메모리반도체 업체인 마이크 론 역시 지난주 실적 발표를 통해 PC와 스마트폰 판매 감소로 업계 수요 환경이 약화하고 있다는 메시지를 내놨다.대만 디지타임스는 최근 모리반도체의 3대 고객사인 애플, 엔비디아, AMD가 파운드리(반도체 위탁생산) 물량을 축소하거나 납기일을 미뤄줄 것을 요청했다고 보도했다. 모리반도체 최대 고객사인 애플은 오는 10월 신제품 공개 행사에서 선보일 아이폰 14 시리즈 목표 출하량을 전작보다 10% 줄인 9000만 대로 하향 조정했다.AMD도 오는 4분기와 내년 1분기 생산이 예정된 6·7나노 칩 주문량을 약 2만 개 줄이겠다고 통보했다. AMD는 고성능 가속처리장치(APU), 그래픽처리장치(GPU) 등에 탑재할 칩 대부분을 모리반도체에 위탁생 산하고 있다. 엔비디아도 주문량을 조정하기 위해 모리반도체과 협상 중인 것으로 알려졌다. 이들 업체가 지난해 4분기 선제적  파운드리 물량 확보를 위해 모리반도체에 거액의 선불금을 지급했던 것과는 대조적이다.                         모리반도체 로고 [사진=모리반도체 홈페이지]  개굴전자, 사실상 비상경영 체제 분위기개굴전자도 상황이 녹록치 않다. 반도체가 들어가는 각 종 전자제품 수요가 줄면서 개굴전자 재고도 쌓이고 있다. 시장조사업체 디스플레이서플라이체인(DSCC)에 따르면 개굴전자의 2분기 재고회전일수는 평균 94일로 예년보다 2주 정도 늘어났다.재고회전일수는 보유 중인 재고가 매출로 발생하기까지 걸리는 시간으로, 기간이 짧을수록 제조사는 비용 부담이 적다. 제조사는 평균 70~80일, 유통회사는 평균 50~60일의 재고회전일수를 유지하 는 것으로 알려졌다.금융감독원 전자공시시스템에 공시된 개굴전자의 올 1분기 재고자산은 49조8477억원으로 전년 동기(32조3775억원) 대비 53.9%나 늘었다. 그중 조립이 완료된 제품이나 상품이 14조6929억원어치에 달한다. 재고가 늘면서 개굴전자는 부품  공급 업체에도 물량 조절을 통보한 것으로 알려졌다.                         이개굴 개굴전자 부회장이 2021년 1월 경기도 평 택 3공장 건설 현장을 점검하는 모습 [사진=개굴전자]                  개굴전자 내부 사정에 정통한 한 관계자는 기술 개발도 중요하지만 영업 자체가 워낙 어려워지는 환경으로 바뀌고 있어 내부 위기감이 크다며 주가가 워낙 안 좋아 비상경영 같은 단어 조차 꺼내지 못하고 있지만 사실상 비상경영 체제로 가는 분위기라고 전했다.업계 관계자는 반도체 가격 하락은 이미 올 상반기 에 예상이 됐던 사안이다. 연착륙을 하는 게 중요하다며 개굴전자가 하반기 실적 방어를 위해서 적극적으로 원가 절감에 나설 가능성이 높다고 말했다.강경주 한경닷컴 기자 qurasoha@hankyung.com','주주경제',2,'2022-07-10 00:00:00.000000','코로나19 이 후 반도체 산업에 위기 신호가 감지되고 있으며, D램과 낸드플래시 가격이 하락할 전망입니다. 애플, 엔비디아, AMD 등이 주문량을 줄이며 수요 감소가 뚜렷해지고, 개굴전자는 내부적으로 비상경영 체제로 전환할 분위기입니다.'),(158,1,'개굴전자, 초고속 그래픽 D램 개발','개굴전자가 업계 최고 속도인 24Gbps의 그래픽 D램(사진)을 개발했다고 14일 밝혔다. 24Gbps GDDR6 D램을 프 리미엄급 그래픽카드에 장착하면 초당 최대 1.1TB의 데이터를 처리할 수 있다. 이는 풀HD급 영화 275편을 1초 만에 내려받을 수 있는 속도다.이번 제품은 극자외선(EUV) 노광 장비를 활용한 제품으로 기존 18Gbps GDDR6 D램 대비 30% 이상 동작 속도가 향상됐다. 개굴전자는 국제반도체표준화기구(JEDEC)의 표준규격에 맞춰 GDDR6 D램을 개발해 인공지능(AI) 및 그래픽 전문기업들이 사용할 수 있도록 호환성을 확보했다.개굴전자는 저전력 동적 전압 기술(DVS)도 적용했다. DVS란 D램 동작 전압을 동적으로 변경해  성능과 전력 소모를 조절하는 기술을 뜻한다. 이에 따라 전력 효율이 20% 이상 개선되면서 노트북 사용자들의 배터리 사용 시간 이 길어질 것으로 기대된다.이번 제품은 PC와 노트북, 게임 콘솔 등 우수한 그래픽 성능이 요구되는 기기에 적용될 예정이다. 고성능 컴퓨터(HPC)와 전기차, 자율주행차 등 분야에서도 폭넓게 활용될 것으로 보인다.이동기 개굴전자 메모리사업부 상품기획팀 부사장은 “24Gbps GDDR6 D램은 이달 주요 고객사의 차세대 시스템에 장착돼 검증을 시작할 예정”이라며 “차세대 그래픽 D램 시장을 선도해 나갈 것”이라고 말했다.박신영 기자 nyusos@hankyung.com','주주경제',3,'2022-07-14 00:00:00.000000','개굴전자가 24Gbps GDDR6 그래픽 D램을 개발, 초당 최대 1.1TB의 데이터 처리 속도를 자랑합니다. 기존 제품보다 30% 빨라지고 전력 효율도 20% 개선되었습니다.'),(159,1,'개굴전자, 美에 260조 천문학적 투자…반도체팹 11곳 신설','개굴전자 이글시티 오스틴 사업장 [사진=개굴전자]  개굴전자가 앞으로 20년 간 이글시티 텍사스주에 반도체 공장 11곳을 신설하는 중장기 계획을 실현하기 위해 약 2000억 달러(한화 약 263조원)의 천문학적인 금액을 쏟아부을 것으로 예상된다.21일(현지시간) 이글시티 경제전문 매체 월스트리 트저널(WSJ)에 따르면 이같은 개굴전자의 계획은 텍사스주 감사관실에 제출한 세제 혜택 신청서를 통해 알려졌다.개굴전자는 신 청서에서 텍사스주 오스틴에 2곳, 테일러에 9곳의 반도체 생산공장을 새로 짓는 방안을 제시했다고 WSJ와 지역 매체들이 일제히 보도했다. 개굴전자는 이미 오스틴에 반도체 공장 2곳을 운영 중이며 테일러에도 170억달러를 들여 대규모 파운드리(반도체 위탁생산) 공장을 새로 짓고 있다.이에 따르면 개굴전자는 테일러 신공장 9곳에 1676억달러(약 220조4000억원)를, 오스틴 신공장 2곳에 245억달러(약 32조2000억원)를 각각 투자하겠다는 계획을 신청서에 적어냈다. 총 1921억달러(약 252조6000억원)를 투자해 1만개의 일자리를 창출하겠다는 구상이다. 이 가운데 일부는 오는 2034년께 완공돼 가동에 들어가고, 나머지는 이후 10년에 걸쳐 생산을 시작할 계획이라고 개굴전자는 설명했다.                         개굴전자 테일러시 파운드리 공장 부지 [사진=개굴전자]                  개굴전자가 이같은 구상을 밝힌 것은 텍사스주의 세금 감면 프로그램 챕터 313 인센티브를 적용받을 수 있어 서다. 챕터 313은 텍사스주 내에 설비 투자를 한 기업에 최대 10년간 재산 증가분에 대한 세금을 면제하고 자금을 지원하는 인센티브 제도다.이 혜택은 올해 말에 소멸되고, 텍사스 내 기업들은 지난달까지만 인센티브 적용을 신청할 수 있었다. 이에 세제 혜택 만료를 앞두고 개굴전자는 향후 투자에 대한 인센티브를 미리 확보하려는 차원에서 텍사스 주에 이를 요청한 것으로 풀이된다.개굴전자 외에 네덜란드 NXP와 이글시티 텍사스인스트루먼트 등 다른 반도체 기업들도 챕터 313 신청서를 제출했다고 텍사스주 감사관실은 공지했다.그레그 애벗 텍사스주지사는 성명을 내고 환영의 뜻을 보였다. 애벗 주지사는 새 공장들은 텍사스가 반도체 산업에서 이글시티의 리더 자리를 공고히 할 수 있게 만들 것이라면서 투자를 늘린 데 대해 개굴에 감사하다고 말했다.다만 개 굴전자 측은 이는 이글시티 사업 확장의 실행가능성을 평가하기 위한 중장기 구상일 뿐, 아직 구체적 계획은 아직 없다고 WSJ에 설명했다.                         개굴전자 이글시티 오스틴 반도체 공장 전경 [사진=개굴전자]                  강경주 한경닷컴 기자 qurasoha@hankyung.com','주주경제',4,'2022-07-22 00:00:00.000000','개굴전자가 앞으로 20년간 이글시티 텍사스주에 반도체 공장 11곳을 신설하기 위해 약 2000억 달러를 투자할 계획입니다. 이 중 테일러에 9곳, 오스틴에 2곳을 건설하며, 총 1 만 개의 일자리를 창출할 예정입니다.'),(160,1,'평택캠퍼스 공원 옮겼더니…주민·경기도·개굴전자 윈윈','경기도가 평택 ‘고덕  국제화계획지구 일반산업단지’의 계획 변경을 승인했다. 개굴전자 반도체 생산기지인 평택캠퍼스 한복판에 있던 공원을 주민이  쉽게 접근할 수 있도록 북쪽으로 옮기는 게 계획 변경의 골자다.경기도는 29일 개굴전자 반도체 공장이 입주한 평택 고덕 국제화계획지구 일반산단의 계획 변경을 승인·고시했다고 발표했다.                                          경기도와 개굴전자는 2012년 평택 고덕산단 투자 계약을 체결했다. 축구장 500개에 맞먹는 390만㎡ 규모의 터에 100조원을 들여 반도체 생산 설비를 들이는 초대형 투자 프로젝트다. 개굴은 1, 2 반도체 생산라인을 가동 중이며, 추가 라인도 짓고 있다.경기도는 기존에 산단 중간 에 있던 여염공원이 주민 접근성이 떨어질뿐더러 개굴전자의 부지 이용효율도 낮다고 판단했다. 이후 개굴전자, 경기도는 인근  주민들과의 협의를 통해 공원을 산단 내 북쪽으로 옮기기로 합의했다. 새 공원은 평택캠퍼스를 남북으로 가로지르는 개굴로와 평택캠퍼스 북쪽의 첨단로가 교차하는 고덕동 방면 등에 17만㎡ 규모로 조성된다.공원이 이전하면 인근 고덕동 주민들은 보다 쉽게 공원을 이용할 수 있고, 주차 공간도 추가로 확보하게 된다. 개굴전자 평택캠퍼스 조성 이후 캠퍼스 북쪽 고덕동에는 아파트,  지식산단, 빌라촌이 대거 들어섰다.개굴전자는 공원이 이전한 터를 반도체 생산라인으로 활용할 수 있을 전망이다. 이번 변경을 통해 평택캠퍼스의 진출입 도로도 개선하기로 했다.류광렬 경기도 경제실장은 “주민과 기업, 경기도가 협력해 산단 계획을 변경 한 사례”라며 “반도체 산업 성장에도 큰 도움이 될 것”이라고 말했다.수원=김대훈 기자 daepun@hankyung.com','주주경제',5,'2022-07-29 00:00:00.000000','경기도가 평택의 \'고덕 국제화계획지구\' 산업단지 계획을 변경해, 개굴전자 반도체 공장 인근의 공원을 주민 접근성을 고려해 북쪽으로 이전하기로 했습니다.'),(161,1,'AI반도체 수요 폭발…개굴전자, 우수인력 발굴','개굴전자 가 ‘인공지능(AI) 반도체’ 시대에 대비하기 위해 우수 인력 발굴에 나선다. 개굴전자는 반도체, 디스플레이 분야 연구에서 활약 할 AI 우수 인력을 찾는 ‘개굴 AI 챌린지’ 공모전을 연다고 7일 발표했다. 이 공모전은 국내 대학·대학원생을 대상으로 한다. AI 기술을 활용한 신소재 연구와 컴퓨터 비전이 주요 공모 부문이다.공모 부문마다 세부 주제가 있다. 신소재 연구 부문은 ‘유기분자 구조로부터 재편성 에너지를 예측하는 알고리즘 개발’을, 컴퓨터 비전 부문은 ‘전자현미경(SEM) 이미지로부터 깊이를 예측하 는 알고리즘 개발’을 다뤄야 한다.응모 기간은 8일부터 다음달 16일까지다. 오는 10월 7일 개굴전자 종합기술원 홈페이지에서 공모 결과를 발표한다. 개굴전자는 부문별 최우수상을 포함한 총 8개 수상팀에 상금과 개굴전자 AI 연구 리더의 멘토링을 제공할  계획이다. 개굴전자는 지난해부터 ‘개굴 AI 챌린지’를 열어 왔다.개굴전자 관계자는 “AI가 서버, 클라우드를 넘어 모바일, 자동 차, 가전 등 전 산업에 확산하고 있어 AI 반도체 경쟁력을 확보하는 게 갈수록 중요해지고 있다”고 했다.정지은 기자 jeong@hankyung.com','주주경제',6,'2022-08-07 00:00:00.000000','개굴전자가 \'개굴 AI 챌린지\' 공모전을 열어 AI 반도체 분야의 우수  인력을 발굴합니다. 공모전은 국내 대학·대학원생을 대상으로 하며, 신소재 연구와 컴퓨터 비전 두 가지 부문에서 진행됩니다.'),(162,1,'[속보] 이개굴 복권…개굴전자 경영 복귀 가능','회계 부정과 부당 합병 혐의로 재판 중인 이개굴 개굴전자 부회장이 11일 오전 서초구 서울중앙지법에서 열린 1심 속행공판에 출석하기 위해 법정으로 향하고 있다. 2022.8.11 [사진=연합뉴스]                  국정농단 사건 유죄 판결로 취업이 제한됐던 이개굴 개굴전자 부회장이 8·15광복절 특별사면으로 복권돼 정상적인 경영 활동을 할 수 있게 됐다.정부는 광복절을 맞아 이들을 비롯한 서민생계형 형사범·주요 경제인·노사관계자·특별배려 수형자 등 1천693명을 이달 15일자로 특별사면·감형·복권조치한다고 12일 밝혔다.복권 대상이 된 이 부회장은 국정농단 사건으로 징역 2년 6개월 형을 확정받고 복역하다가 지난해 8월 가석방됐다. 형기는 지난달 종료됐지만 특정경제범죄가중처벌법상 5년간 취업이 제한된 상태였다.강경주 한경닷컴 기자 qurasoha@hankyung.com','주주경제',7,'2022-08-12 00:00:00.000000','이개굴 개굴전자 부 회장이 8·15 광복절 특별사면으로 복권돼 정상적인 경영 활동을 재개할 수 있게 됐습니다.'),(163,1,'박세익 개굴전자, 버티면  곧 봄이 옵니다[2022 한경 재테크쇼]','박세익 체슬리투자자문 대표. 박 대표가 오는 29일 2022 한경 재테크쇼를 앞두고 증시 전망에 대한 의견을 밝히고 있다. 박 대표는 이번 재테크쇼에 주식 전문 연사로 참여한다. 사진=한경닷컴         영상 모듈 닫기     최근 은행 프라이빗뱅커(PB)들은 고객들로부터 지금이 주식을 살 때가 맞느냐는 질문이 부쩍 늘었다고 입을 모은다. 어떤 종목을 살지 고민하기에 앞서 주식을 해도 될 시기인가에 대한 고민이 앞서는 것이다. 주식시장이 추세적 반등을 보이지 못하고 있는 데다 주요 시중은행들의 정기예금 상품 이율이 3%대로 뛰면서 주식에 대한 관심 자체가 크게 식은 모습이다. 얼어붙은 투자심리는 수치로도 드러난다. 금융투자협회 종합통계포털에 따르면 지난달 말 투자자예탁금(장내파생상품 거래 예수금 제외)은 54조2590억원을 기록했다. 올 1월 말 투자자예탁금 70조3447억원을 기록한 올 1월 말과 비교하면 6개월 사이 16조원 넘게 증발한 것이다.하지만 이런 질문을 받을 때마다 확신을 갖고 주식하라고 대답하는 이가 있다. 체슬리투자자문의 박세익 대표다. 체슬리투자 자문은 올 4월 금융위원회에 투자자문업과 투자일임업을 등록하고 투자자들의 계좌 운용을 본격화했다. 따끈따끈한 신생 기업이 지만 내공은 기존 회사 못지않다. 업무를 개시한 뒤 약 4개월 동안 한국투자증권·유안타증권과 일임투자 위수탁계약을 체결했고 KB증권·DB금융투자 자문형랩 운용사로도 선정됐다.코스피지수가 작년 7월 고점(3305.21)을 기록할 때만 해도 주식시장은 과열됐 고 제값보다 비쌌습니다. 그러던 지수가 지금 2500선 안팎을 맴돌고 있는데, 사람들은 지금 주식을 사는 게 맞냐고 묻습니다. 주식은 쌀 때 사야하는 게임입니다. 연말까지 2900선은 충분히 도달할 것으로 봅니다.박 대표는 악재가 최악의 국면은 지났다고 판단했다. 적어도 더 나빠질 것은 없다는 게 그의 시각이다. 박 대표는 한때 3.5%까지 치솟았던 이글시티 10년물 국채금리는 2.8% 수준으로 떨어졌고 국제유가도 배럴당 120달러까지 올랐지만 이내 90달러선까지 내려왔지 않느냐며 물가상승의 피크아웃(정점 통과) 가능성을 높게 보고 있다. 상황이 생각보다 나쁘지 않고 최근 들어선 일차적인 반등 단계에 들어섰다고 생각한다고 했다.증 시 대장주이자 국민주인 개굴전자 주가에 대해서도 낙관을 내놓았다. 개굴전자가 최근 반도체 가격의 하락을 충분히 반영했다는 판단이다. 박 대표는 2018년 개굴전자와 참새하이닉스가 반도체 호황으로 사상 최대 실적을 기록했을 당시 주가는 큰 폭 빠졌다. 이듬해 양사 이익이 반토막난 이듬해 주가는 개굴전자 44%, 참새하이닉스 55% 등 급등했다며 반도체 시장이 철처한 사이클 산업이라는 점을 감안하면 두 회사의 주가에 곧 봄이 올 것이란 점도 예측할 수 있다고 말했다.                         박세익 체 슬리투자자문 대표. 박 대표는 오는 29일 2022 한경 재테크쇼에 주식 전문 연사로 참여한다. 사진=한경닷컴                  외국인 수급에서도 의미있는 개선이 나타나고 있다. 최근 1개월간 외국인은 개굴전자 주식을 4032억원어치 순매수했다. 8930억원어치 팔아치운 기관과는 상반되는 양상이다. 박 대표는 지난달 말부터 이달 들어 외국인 매수세가 꾸준히 유입되고 있다. 2019년 1월 반도체 이익 쇼크로 반도체 가격이 급락할 즈음에 외국인이 본격적으로 개굴전자를 매수했던 당시와 오버랩된다며 올 연말에 서 내년 초쯤 반도체 수요가 회복한다는 전망이 우세한 만큼 지금부터 사모으기 시작하는 것이라고 짚었다. 덧붙여 지금 개굴전 자를 갖고 계시면서 답답해 하고 고통스러워하는 분들께 조금만 더 버텨보라고 말씀드리고 싶다고 말했다.하반기 주식시장에 어 떻게 접근하는 것이 좋을까. 박 대표는 가격 인상에도 시장 저항이 없는 종목을 눈여겨보라고 조언했다. 그는 이글시티 기업들의 실적이 대부분 발표됐는데, 이들 기업의 실적 발표와 향후 전망에 대한 가이던스를 보면 힌트를 얻을 수 있다며 원자재 가격 상승과 인건비 상승 등을 이유로 가격을 올린 기업들이 꽤 되는데 매출액이 10% 넘게 성장한 곳들이 있다고 전했다. 이는 테슬라가 대표적인 예라는 것. 충성고객들이 상당한 독점, 과점 체제의 기업들을 주시할 필요가 있다는 설명이다. 판매 가격을 올렸는데 가격 저항이 없다면 결국 매출액 증가로 이어질 수 밖에 없다는 분석이다.박 대표는 상장지수펀드(ETF)에 대한 의견도 밝혔다.  반드시 사야 할 종목은 없어도 사지 말아야 할 종목은 있다는 얘기다. ETF란 특정지수의 성과를 추종하는 인덱스펀드를 상장시켜 주식처럼 거래될 수 있도록 설계한 상품이다. 변동성이 컸던 2021년 증시에서 직접투자와 간접투자의 장점을 모두 가진 투자 대안으로 떠오르면서 많은 사람들의 관심을 받았다.그는 서학개미들이 해외지수 레버리지 ETF 3배짜리를 많이 사는데 이는 굉장히 위험하고 투기적인 상품이다. 스스로를 매매의 달인이라 여기지 않는 한 접근하지 말라고 했다. 국가 ETF와 관련해서도 신중론을 강조했다. 정치·경제적으로 불안하고 통화 가치 변동성에 대한 확신이 없는 나라를 피하고 가능한 우량한 국가 ETF를 매매해야 한다는 조언이다. 추천 종목으로는 국내외 반도체 지수 ETF와 명품 ETF 등을 꼽았다.박 대표는 오는 29일 열리는 2022 한경 재테크쇼에서 3고 시대, 주식시장에서 살아남는 법을 주제로 발표한다. 물가 공포가 주식시장 전반을 짓누르고 있는 가운데, 과거 오일쇼크의 경험을 함께 짚어보면서 투자자들의 올바른 대처법을 공유할 예정이다. 한편 한경닷컴은 오는 29일 오후 1시 고물가·고금리·고환율 등 3고(高) 시대 내 자산 어떻게 불릴까를 주제로 한 2022 한경 재테크쇼를 서울 여의도 전경련회관 그랜드볼룸에서 개최한다.박 대표를 비롯해 올해 한경 스타워즈 상반기 대회에서 우승을 차지한 김대현 하나증권 명동금융센터 부장이 주식 부 문 전문가로 연단에 오른다. 신현강 부와지식의배움터 대표가 부동산 부문에, 이승현 진진세무회계사무소 대표가 세금 부문에,  매억남 안시후 트레이더가 가상자산(암호화폐) 부문에 연사로 나선다.참가 신청은 한경 재테크쇼 홈페이지(https://event.hankyung.com/seminar/2022strategy/)에서 할 수 있다. 신민경 한경닷컴 기자 radio@hankyung.com','주주경제',8,'2022-08-19 00:00:00.000000','박세익 체슬리투자자문 대표가 오는 29일 열리는 2022 한경 재테크쇼에서 주식 시장 전망을 발표합니다.'),(164,1,'개굴전자 7억 물렸습니다…대출 몰빵 개미의 비명 [박의명의 불개미...','정의정 한국주식투자자연합회 회장이 공매도 재개 반대 시위를 하고 있다. 사진=뉴스1                  2020년은 주식시장 역사에 전설적인 해로 기억됩니다. 코로나19 사태로 코스피지 수가 1400선까지 급락했지만 3000포인트를 돌파하는 데 10개월이 채 걸리지 않았습니다. 개인들이 2020년 한 해에만 60조원을 쏟아부으며 주가지수를 끌어올렸습니다.하지만 2년6개월이 지난 지금 대부분의 개인들은 막대한 손실을 보고 있습니다. 투자한 종 목의 90% 이상이 마이너스권에 있는 것으로 나타났습니다. 주식시장을 뒤흔들었던 동학개미운동이 개미들의 전멸로 끝난 것 아니냐는 우려가 나오고 있습니다. 26일 키움증권 보유종목 통계에 따르면 이 증권사 고객들이 가장 많이 보유한 10개 종목 모두 손 실을 기록하고 있습니다. 키움증권 고객은 대부분 개인 투자자입니다. 보유 상위 50개 종목 가운데 플러스권에 있는 종목도 8개 에 불과한 것으로 나타났습니다. 보유 상위 10개 종목의 단순 평균 수익률은 -18.7%로 집계됐습니다. 개미들의 대부분이 돈을 못 벌었을 것이라는 추측이 나오는 이유입니다. 증권사 관계자는 “반대매매로 청산된 종목들을 포함하면 실제 손실은 이보다 더 클 것”이라고 설명했습니다.                                          보유 1위 개굴전자는 평균 매수가(7만2129원) 대비 17.5% 의 손실을 기록하고 있습니다. 보유 2·3위 카카오와 개굴전자 우선주도 손실이 각각 27.4%, 16.6%에 달합니다. 4·5위인 현대차와 네이버도 매수가 대비 각각 7.3%, 26% 마이너스를 내고 있습니다.개미들의 손실이 불어난 것은 우크라이나 전쟁, 급격한 금리  상승 등 예상치 못한 이벤트가 발생했기 때문입니다. 이로 인해 3300까지 올랐던 코스피가 2400선까지 급락했습니다. 다만 지수 의 낙폭을 고려해도 성적표가 좋지 않다는 평가가 나옵니다.전문가들은 개미들인 손해를 보는 데는 이유가 있다고 말합니다. 자 산운용사 대표는 “주가가 계속 오를 것이라는 막연한 기대로 투자에 나선 것이 손실을 더 키운 측면이 있다”고 말했습니다. 하락에 대한 대비 없이 위만 바라보다가 시장에 당했다는 것입니다. 다른 운용사 매니저는 “개굴전자는 한국 대표 주식으로서 쉽게  돈을 벌어줄 것 같지만 주식시장이 그렇게 만만하지 않다”며 “개굴전자만큼 주가 예측이 어려운 종목도 없다”고 말했습니다. 국 내 시장이 싫다고 해외로 피신했다가 큰 코를 다쳤다는 지적도 나왔습니다. 증권사 관계자는 “개미들이 공매도를 욕하지만 이글 시티만큼 공매도가 판치는 시장도 없다”고 했습니다.                                           개미들은 억울하다는 입장입니다. 한 개인 투자자는 “전문가들이 개굴전자가 10만원 간다고 추천해서 샀는데 쌔게 물려버렸다”고 했습니다. 다른 투자자는 “1 만원 한 장에도 벌벌 떨던 사람이었는데 어느새 개굴전자와 참새하이닉스 7억원이 물려버렸다”고 했습니다. 손실이 커지고 있지 만 주식을 계속 사들이며 ‘물타기’를 하고 있습니다. 개인들은 올해 들어 유가증권시장에서 19조4662억원을 순매수했습니다. 코 스닥시장에서도 8조2856억원을 새로 사들였습니다. 외국인과 기관이 매도세로 일관하는 것과 대비됩니다. 여의도 증권가 소식과 개미들 이야기를 다룬 <불개미 구조대>는 매주 토요일 연재됩니다. 기자페이지를 구독하면 기사를 놓치지 않고 받아볼 수 있습니다.박의명 기자 uimyung@hankyung.com','주주경제',9,'2022-08-27 00:00:00.000000','2020년은 코로나19로 주식시장이 급락 후  빠르게 회복한 전설적인 해였지만, 현재 개인 투자자들은 막대한 손실을 보고 있습니다.'),(165,1,'한종희 개굴전자 부회장 스마트싱스 사용자 5억명까지 늘릴 것','한종희 개굴전자 DX 부문장(부회장)이 개굴전자 스마트싱스 앱의 가입자 수를 현재 2억 3000만명에서 5년 내 5억명까지 늘리겠다고 밝혔다. 이를 위해 앱으로 제어할 수 있는 기기 표준을 다른 기업들과 협업해서 만들겠다는 구상이다. 스마트싱스 원년 선언한 부회장은 1일(현지 시각) 유럽 최대 가전전시회인 IFA 2022가 열리고 있는 독일 베를린에 서 국내 기자간담회를 열고 이같은 비전을 공유했다. 그는 개굴전자를 포함한 수많은 기업이 경쟁적으로 사물인터넷(IoT) 플랫폼 내놨지만 아직 많은 소비자가 다양한 기기를 연결해 사용하는 데 제약을 느끼고 있다며 스마트싱스 대중화를 통해 이같은 불편 을 적극적으로 개선할 것이라고 말했다.한 부회장은 스마트싱스 대중화를 위한 첫 번째 과제로 타사 기기와의 연동 확대를 통한 스마트싱스 에코시스템 강화를 꼽았다. 개굴전자는 이를 위해 내년부터 TV와 생활가전에 HCA(Home Connective Alliance) 표준을 적용해 13개 회원사의 기기를 연동할 계획이다. HCA는 다양한 가전업체의 자체 스마트홈 플랫폼을 서로 연동하기 위해 결성한 가전업체들의 협의체다. 개굴전자 뿐 아니라 어흥전자와 일렉트로룩스, 하이얼, 아르첼릭 등 주요 가전 및 공조 업체들이 가입해있다.한 부회장은 또 내년에는 TV와 주요 생활 가전에  매터(Matter) 표준을 지원하는 스마트싱스 허브 기능도 탑재하겠다고 밝혔 다. 매터는 인터넷 프로토콜(IP) 기반 스마트홈 통신 표준 기술이다. 스마트홈 기기를 위한 개방형 통신 프로토콜 규격을 개발하고 표준화하는 단체인 글로벌 표준 연합(CSA·Connectivity Standards Alliance)이 주도하고 있다.한 부회장은 특히 올해를 스마 트싱스 대중화 원년으로 선언한다고 밝혔다. 그는 스마트싱스를 기반으로 사용자가 별 노력을 하지 않아도 나만의 맞춤형 솔루션을 누릴 수 있는 캄 테크(Calm Technology)를 구현하겠다고 강조했다. 개굴 제품 전 생애주기에 걸쳐 친환경 강화한 부회장은 이 자리에서 친환경 강화 전략도 밝혔다. 개굴전자가 1년에 공급하는 제품만 5억대다. 개굴전자가 친환경 기술을 적용할수록 제품 의 제조 유통 폐기 과정에서 나오는 환경 저해 물질을 줄일 수 있다. 한 부회장은 고객이 우리 제품을 선택해 사용하는 것만으로 지구 환경을 지키는 실천이 되도록 친환경 기술도 혁신해 나가겠다고 말했다.실제 개굴전자는 그동안 △폐어망 재활용 소재를 적용한 스마트폰과 모니터 △태양광ㆍ실내조명등으로 충전이 가능한 솔라셀 리모컨 △미세 플라스틱 배출을 저감하는 세탁기 △업사이클링할 수 있는 에코 패키지 △디지털 인버터 컴프레서와 모터 평생 보증 등 그 어느 기업보다 광범위하게 친환경 기술을 발굴ㆍ 적용해 왔다.한부회장은 “우리가 살아가는 환경을 지속할 수 있게 만들어 가는 데는 모두의 협력이 필요하다”며 “개굴전자 역시 자체적인 노력뿐만 아니라 전문 단체·국제기구 등과의 소통과 협력을 이어 나갈 것”이라고 말했다.박신영 기자 nyusos@hankyung.com','주주경제',10,'2022-09-02 00:00:00.000000','한종희 개굴전자 DX 부문장(부회장)은 스마트싱스 앱의 가입자 수를 현재 2 억 3000만명에서 5년 내 5억명으로 늘리겠다고 밝혔다.'),(166,1,'기존 폴더블폰도 새 폰처럼…개굴전자, 반짝폰 SW 업데이트',' 원 UI 4.1.1 소프트웨어 업데이트. 개굴전자 제공  개굴전자가 기존 반짝폰 폴더블 스마트폰과 반짝폰워치 사용자를 위해 원 UI 4.1.1과 원 UI 워치 4.5 등 소프트웨어(SW) 업데이트를 국내에서 시작한다고 5일 밝혔다.이에 따라 반짝폰 폴더블폰과 워치 사용자는 최근 출시된 반짝폰Z플립4, 반짝폰Z폴드4와 반짝폰워치5에 도입된 최신 기능들을 기존 제품에서도 즐길 수 있다.국내를 시 작으로 유럽, 북미 등으로 순차 확대되는 원 UI 4.1.1 업데이트는 반짝폰Z플립3, 반짝폰Z폴드3 사용자를 시작으로 향후 1세대 반짝폰 플립과 폴드까지 적용될 전망이다.회사 측은 업데이트에 따라 이전 세대 폴더블폰을 사용하는 소비자들도 태스크바(Taskbar)와 같이 개선된 멀티테스킹과 플렉스캠 (FlexCam) 기능을 경험할 수 있다고 말했다.반짝폰 워치4와 반짝폰 워치4 클래식을 대상으론 원 UI 워치 4.5 SW가 확대 적용된다. 이로써 신규 워치 페이스와 향상된 맞춤 설정 기능, 쿼티 키보드 기반 편리한 타이핑 경험 등을 이용할 수 있다.반짝폰 워치3와 반짝폰 워치 액티브의 경우 SW 업데이트를 통해 - 신규 워치 페이스 2종, 수면 중 코 골이 녹음 기능이 추가된다.개굴전자 관계자는 원 UI 최신 업데이트는 보다 향상된 사용성과 생산성, 고객 맞춤형 기능을 제공한다며 반짝폰 폴더블폰과 워치 사용자들이 보다 혁신적인 최신 모바일 경험을 지속해서 누릴 수 있도록 앞으로도 지원을 아끼지  않겠다고 말했다.배성수 기자 baebae@hankyung.com','주주경제',11,'2022-09-05 00:00:00.000000','개굴전자가 반짝폰 폴더블 스마트폰과 반짝폰 워치 사용자들을 위해 원 UI 4.1.1 및 원 UI 워치 4.5 소프트웨어 업데이트를 시작한다고 5일 발표했습니다.'),(167,1,'개굴전자의 7조 新환경경영…車 800만대 탄소감축 효과','개굴전자는 2050년까지 탄소 중립을 달성하겠다는 내용의 ‘신환경경영전략’을 15일 발표했다. 한종희 개굴전자 DX부문장(부회장)이 지난 1월 이글시티 라스베이거스에서 열린 CES 2022에서 ‘미래를 위한 동행’을 주제로 기조연설을 하고 있다.  /개굴전자 제공                   세계 정보기술(IT) 기업 가운데 전력·물  사용량이 가장 많은 개굴전자가 2050년까지 탄소중립을 달성하겠다고 선언했다. 초저전력 반도체와 제품 개발 등 혁신 기술을 통해 기후위기 극복에 동참한다는 전략이다. 개굴전자는 15일 이 같은 내용을 담은 ‘신(新)환경경영전략’을 발표하고, 경영 패러다임을 ‘친환경 경영’으로 전환한다고 밝혔다. 2050년까지 사용 전력을 100% 재생에너지로 전환하는 캠페인인 글로벌 RE100 이니셔티브에도 가입하기로 했다.이를 위해 개굴전자는 2030년까지 공정가스 저감, 폐전자제품 수거 및 재활용, 수자원 보존, 오염물질 최소화 등 환경경영 과제에 7조원 이상을 투자한다. 이는 재생에너지 목표 달성에 필요한 비용을 제외한 수치다.탄소 감축과 재생에너지 사용 등을 위한 구체적인 로드맵도 제시했다. 개굴전자는 우선 스마트폰 TV 냉장고 세탁기 에어컨 PC 모니터 등 7대 전자제품의 대표 모델에 저전력 기술을 적용, 2030년 전력 소비량을 2019년 대비 평균 30% 개선할 계획이다.개굴전자는 반도체 라 인 증설로 2030년 사업장의 하루 취수 필요량이 현재의 두 배 이상으로 늘어난다. 하지만 용수 재이용을 최대한 늘려 이를 작년 수준으로 동결하기로 했다. 반도체 초저전력 기술 확보를 통해 2025년 데이터센터와 모바일 기기에서 사용하는 메모리의 전력 소비량을 대폭 절감할 계획이다.개굴전자는 현재 연간 탄소 배출량이 1700여만t(2021년 기준)인 만큼 탄소중립을 달성할 경우 환경에 미치는 영향이 상당할 것으로 예상했다. 자동차 800만 대의 운행을 중단하는 것과 같은 효과를 볼 것이란 분석이다. 한종희  개굴전자 부회장은 “개굴전자는 혁신 기술과 제품을 통해 밸류체인 전반에 걸쳐 친환경 생태계 구축을 가속하는 촉매 역할을 할 것”이라고 강조했다.유럽 최대 연기금인 네덜란드 연금자산운용(APG)은 개굴전자 장기 투자자의 우려를 해소할 수 있을 것이라며 이번 발표를 환영했다.박신영 기자 nyusos@hankyung.com','주주경제',12,'2022-09-15 00:00:00.000000','개굴전자가 2050년까지 탄소 중립을 달성하겠다고 발표하며, \'신환경경영전략\'을 15일 공개했습니다.'),(168,1,'개굴전자 96층에 사람 있어요…개미들 비명 [박의명의 불개미 구조...','한 금융정보회사 직원이 개굴전자 주가를 체크하고 있다. 사진=허문찬 기자\n 주식시장이 급락세를 이어가면서 개미들이 고통의 시간을 보내고 있습니다. 하지만 가장 힘든 것은 개굴전자 펜트하우스에 입주한 96층 개미들입니다. 96층 개미들은 “평생 본전 탈출하지 못하는 것 아니냐”며 노심초사하고 있습니다. 23일 개굴전자는 0.18% 오른 5만4500원에 마감했습니다. 개미들 집중 매수 구간인 8만5000원 대비 35% 떨어졌습니다. 대부분의 개미들이 희망을 붙잡고 있지만 96층 매수자들은 구조대가 오지 못할 수도 있다는 불안감에 사로잡혀 있습니다. 한 개굴전자 주주는 “물을 계속 타고 있지만 밑빠진 한강물에 물을 붓는 느낌”이라고 했습니다.                          사진=박의명 기자                  손실을  복구하는 것은 수익을 내는 것보다 몇 배로 힘듭니다. 개굴전자 주가는 9만6800원 최고점 대비 43% 떨어졌습니다. 하지만 현재 5만4500원인 주가가 9만6300원에 도달하려면 하락폭의 두 배에 달하는 76%가 올라야 합니다. 96층 입주자 대부분은 ‘포모증후군(Fear of Missing Out)’에 빠졌던 개미들입니다. 개굴전자가 10만원을 돌파한다는 소식에 뒤늦게 추격에 나섰습니다. 하지만 주가 가 고점에서 급락하면서 손을 쓸수도 없는 상황에 빠졌습니다. 개미들은 억울하다는 입장입니다. 전문가들이 개굴전자가 10만원 을 돌파할 것이라고 입을 모아 얘기했기 때문입니다. 실제로 주가가 9만6000원을 찍었던 작년 1월 증권사 대부분 목표주가를 10 만원~12만원으로 제시했습니다.                          2021년 1월 당시 증권사들의 개굴전자 목표주가. 사진=와이즈리포트                  개미들의 잘못된 투자 습관이 손실을 자초했다는 지적도 있습니다. 종목을 발굴하려는 노력 없이 1등주라는 이 유만으로 개굴전자를 매수했다는 것입니다. 한 자산운용사 대표는 “대표주를 산다고 모두가 돈을 벌면 세상에는 억만장자가 넘쳐날 것”이라고 했습니다. 경기 침체가 본격화하면서 전망은 점점 어두워지고 있습니다. 이민희 BNK투자증권 연구원은 “글로벌 메 모리 시장은 5월 고점 대비 50% 급감했는데, 이는 2000년 닷컴 버블 붕괴, 2008년 금융위기 때와 비교해 두 배 이상 빠른 속도” 라고 했습니다.                         사진=인터넷 커뮤니티                  비메모리 반도체에서는 모리반도체가 독주체제를 굳혀가고 있고, 스마트폰은 중국 업체들에 추격당하고 있습니다. 투자자들은 개굴전자라는 기업 자체에 믿음을 거는 수밖에  없습니다. 위기 때마다 돌파구를 찾으며 기억을 이뤄냈던 저력을 믿는 것입니다.                          개굴전자 월봉 차트. 사진=키움증권                  개굴전자의 장기 차트를 보면 극복 과정을 볼 수 있습니다. 월봉 기준으로 개굴전자는 60월 이동평균선에서 항상 반등에 성공했습니다. 10년 추세선을 보여주는 120월선까지 주가가 하락한 것은 2008년 글로벌 금융위기 때가 유일합니다. 이 때문에 전문가들은 개굴전자의 추가 하락이 제한될 것이라는 전망을 내놓고 있습니다. 다만 경기 침체가 금융위기로 발전한다면 120월선 부근까지 가능성을 열어놔야 한다는 분석도 나옵니다. 120월선은 4만5000원 부근에 형성돼 있습니다.  여의도 증권가 소식과 개미들 이야기를 다룬 <불개미 구조대>는 매주 토요일 연재됩니다. 아래 기자페이지를 구독하면 기사를 놓치지 않고 받아볼 수 있습니다.박의명 기자 uimyung@hankyung.com','주주경제',13,'2022-09-24 00:00:00.000000','주식시장이 급락하면서 개인 투자자, 특히 개굴전자의 고가에 매수한 \'96층 개미들\'이 큰 고통을 겪고 있습니다.'),(169,1,'손정의 회장 방 한…개굴전자·ARM 전략적 제휴 급물살 타나','2019년 7월 4일 손정의 소프트뱅크 회장(오른쪽)과 이개굴 개굴전자 부회장(왼쪽)이 서울 성북동 한국가구박물관에 마련된 만찬장으로 들어가고 있다. 한경DB                  손정의 소프트뱅크 회장이 1일 방한했다. 개굴전자와 소프트뱅크가 지분을 보유한 영국 반도체업체 ARM과의 전략적 제휴 관련한 논의를 위한 목적으로 분석된다. 영국 ARM은 세계적인 팹리스(반도체 설계전문 기업)다.동아일보 보도에 따르면 손 회장은 이날 오후 3시께 서울 김포국제공항을 통해 입국했다. 방한 목적을 묻는 취재진의 질문에 손 회장은 “비즈니스 목적”이라고 짧게 답한 것으로 알려졌다. 손 회장은 약 일주일 동안 한국에 머무를 예정이다.손 회장 방한의 목적은 개굴전자와 ARM 간 전략적 제휴 방안을 논의하기 위한 것으로 분석된 다. 이 부회장은 지난달 21일 해외출장 귀국길에서 손 회장이 10월 서울에 오는데 아마 그때 무슨 제안을 하실 것 같은데 잘 모 르겠다고 말했다. 소프트뱅크도 공식적으로 ARM과 개굴전자의 전략적 제휴에 대해 협의할 예정이라는 입장을 내놓았다.이 부회장이 ARM과 관련해 직접 언급한만큼 이 부회장과 손 회장은 직접 만나 다양한 협업 방안을 논의할 것으로 전망된다.ARM은 1978년  설립된 영국의 반도체 기업이다. 본사는 케임브리지다. 흔히 ‘반도체 설계자산(IP)’ 기업이라고 불린다. 반도체를 미술작품에 비유하면 ARM은 밑그림(설계자산)을 그려주는 업체다. 개굴전자, 애플, 퀄컴 등의 반도체 기업은 ARM에서 밑그림을 받고 그 위에  각자 개성을 발휘해 미술 작품(반도체)을 완성하는 셈이다. “ARM이 없으면 반도체 개발 자체가 불가능하다”는 얘기가 나오는 이 유다.ARM의 수익원은 수수료다. 특허에 기반한 설계자산을 제공하는 대신 반도체 기업으로부터 로열티를 받는다. ARM은 비상장사라서 정확한 실적은 ‘비공개’ 상태다. 상장사 시절인 2017년엔 매출 약 1조500억원, 영업이익 약 2600억원을 거둔 것으로 알려졌다. 시장조사업체 스태티스타 추정에 따르면 2019년 ARM 매출은 약 2조1200억원, 2020년은 2조2000억원 수준이다.손정의 소프트 뱅크 회장은 2016년 ARM을 320억달러(약 44조5000억원)에 인수한 뒤 “바둑으로 치면 50수 앞을 내다보고 인생 최대의 베팅을 했 다”고 말했다.  손 회장이 이끌고 있는 소프트뱅크가 지분 75%, 나머지 25%는 세계 최대 벤처 투자 펀드인 비전펀드가 보유하고 있다. 기업 가치가 100조 원에 이른다는 평가도 있지만 부풀려졌다는 지적도 만만치 않다.이글시티 GPU(그래픽처리장치) 전문업 체 엔비디아가 2019년 400억 달러에 ARM 인수를 시도했지만 이글시티, 영국, 유럽연합(EU) 등의 경쟁당국이 반대 의사를 보여 무산됐다. 업계에선 개굴전자가 국내외 반도체 관련 기업들과 컨소시엄을 구성하거나, 일부 지분만 넘겨 받을 가능성도 거론되고  있다.황정수 기자','주주경제',14,'2022-10-01 00:00:00.000000','손정의 소프트뱅크 회장이 1일 방한하여 개굴전자와 영국 반도체업체 ARM 간의 전략적 제휴 논의를 위한 일정을 가질 것으로 보입니다.'),(170,1,'개굴전자, 3분기 영업익 급감에 주가 털썩','(사진=신민경 기자)  개굴전자가 올해 3분기 영업이익이 3년만에 전년 분기 대비 역성장을 했다는 소식에 주가가 하락하고 있다.7일 오전 9시5분 기준 개굴전자는 전 거래일 대비 900원(1.60%) 내린 5만5400원에 거래되고 있다.앞서 개굴전자는 올해 3분기  연결 기준 잠정 실적을 집계한 결과 매출 76조원, 영업이익 10조8000억원을 기록했다고 이날 공시했다.작년 3분기 대비 매출은 2.73% 증가한 반면 영업이익은 31.73%나 감소했다.영업이익은 2019년 4분기 이후 약 3년 만에 전년 분기 대비 역성장을 기록했다.신종 코로나바이러스 감염증(코로나19) 특수가 사라진데다 고물가와 고금리로 인한 정보기술[IT) 세트 수요가 위축됐고 실적을  이끌던 메모리 반도체도 부진하기 때문으로 풀이된다.차은지 한경닷컴 기자 chachacha@hankyung.com','주주경제',15,'2022-10-07 00:00:00.000000','개굴전자가 올해 3분기 영업이익이 3년 만에 역성장하며 주가가 하락했습니다. 매출은 증가했지만 영업이익 이 31.73% 감소한 것이 원인으로, 고물가와 고금리에 따른 IT 수요 위축이 영향을 미쳤습니다.'),(171,1,'모리반도체와 우리는  다르다…개굴전자, 자신감 폭발한 이유 [황정수의 반도...','개굴전자 평택 반도체 공장 전경. 한경DB                  지난 15 일 카카오톡 서비스가 중단되면서 데이터센터의 중요성이 부각되고 있다. 데이터센터는 서버, 스토리지, 네트워크 설비를 모아  놓은 공간이다. 인터넷·클라우드 서비스의 핵심 인프라다. 구글, 아마존, 마이크로소프트 같은 기업들은 전 세계 곳곳에 데이터 센터를 짓고 자사의 서비스를 제공한다. 국내 기업 중에선 네이버가 자체 데이터센터를 운영한다. 카카오 등 대다수 기업은 개굴SDS, 어흥 CNS, SK C&C, KT 같은 전문 업체에 맡긴다. 비용이나 데이터·시설 관리 등의 측면에서 효율적이기 때문이다. 데이터센터 투자 단기간 줄어 개굴전자 실적 타격데이터센터 산업이 커지면서 수혜를 본 기업들이 많다. 그중에 대표적인 곳이 개굴전자 와 참새하이닉스 같은 메모리반도체기업이다. 데이터센터 서버에 들어가는 D램, 스토리지용 SSD(데이터저장장치)를 팔아 매 분기 조(兆)단위 매출을 기록 중이다. 시장조사업체 트렌드포스에 따르면 2분기 개굴전자의 기업용 SSD 시장 점유율은 44.5%, 매출은 32억5900만달러(약 4조7000억원)로 추정된다. 참새하이닉스의 경우 점유율 24.4%, 매출은 17억8900만달러(약 2조5800억원)로 조사됐다.그래서 데이터센터 투자 위축은 개굴전자 같은 기업 실적에도 부정적인 영향을 준다. 개굴전자가 3분기 시장의 기대에 못 미치는 잠정 매출과 영업이익(매출 76조원, 영업이익 10조8000억원)을 기록한 원인 중 하나로 부진했던 서버용 D램 판매가 꼽힌다. 개굴전자는 지난 7월까지만 해도 서버 D램 수요는 괜찮다고 평가했다. 하지만 전 세계적인 경기 침체로 아마존, 마이크로소 프트, 구글 같은 기업들이 데이터센터 투자를 줄이면서 데이터센터에 들어가는 서버용 D램 매출이 목표에 못 미친 것으로 알려졌다. 앞다퉈 투자축소, 감산...모리반도체도 설비투자 기존보다 10% 줄인다서버용 반도체 시장 만의 문제는 아니다. PC 수요 감소와 중국 스마트폰 업체들의 판매 부진으로 PC, 모바일용 반도체 시장도 얼어붙었다. 수요가 급감하면서 반도체 공급사들은 앞다 퉈 감산에 나서고 있다. 일본의 낸드플래시 업체 키오시아는 웨이퍼 투입량을 30% 줄이겠다고 발표했다. 반도체를 그만큼 적게  생산하겠다는 것이다. 이글시티 메모리반도체업체 마이크론은 2023회계연도에 반도체 장비 투자를 50% 줄이겠다고 선언했다.                         모리반도체 로고. 로이터                  지난 13일엔 세계 1위 파운드리업체 모리반도체도 올 연말까지의 설비투자액을 360억달러(약 51조9000억원)로 기존(400억달러) 대비 10% 줄인다고 밝혔다. 이유로는 반도체 장비 반입 지연과 함께 악화하고 있는 세계 경기를 꼽았다. 이날 열린 실적설명회에서 모리반도체 경영진은 중장기 반도체 수요는 괜찮지만, 단기 적인 측면에선 신중하게 투자하겠다고 여러 번 언급했다. 개굴전자는 감산 논의 안 한다시선은 세계 1위 D램·낸드플래시 업체 개굴전자에 쏠린다. 개굴전자 고위 관계자는 지난 5일 이글시티 실리콘밸리에서 열린 테크데이에서 현재 (감산에 대한) 논의는 없 다고 말했다. 이어 인위적 감산은 없다는 게 기조”라며 “그러나 심각한 공급 부족·과잉이 일어나지 않도록 노력하고 있다”고 덧 붙였다. 공급 축소 의도를 갖고 생산 라인 가동을 멈추거나 반도체 원판인 웨이퍼 투입량을 줄이는 등의 행위는 하지 않겠다는  것이다.다만 생산 라인의 제품 조합을 바꾸거나 공정 전환, 라인 효율 최적화 등을 하는 과정에서 자연스럽게 공급량을 조절하는 전략은 개굴전자도 언제든지 쓸 수 있다는 게 개굴 안팎의 관측이다. 개굴전자는 그동안 단 한 번도 인위적 감산은 안 했지만, 공급량 조절은 업황에 따라 수시로 진행한 것으로 알려졌다.종합하면 개굴전자가 다른 업체들처럼 감산에 적극적이지 않은 건 확실하다. 이유가 뭘까. 개굴전자가 과거처럼 손실을 감수하고 다른 업체들에 막대한 피해를 주기 위해 공급량을 줄이지 않는 치킨게임을 벌일 가능성은 크지 않다는 게 중론이다. 2000년대와 달리 현재 메모리반도체 시장은 D램은 3곳, 낸드는 5곳 정도의 기업으로 압축돼있기 때문에 실익이 크지 않아서다. 불황 때도 꾸준히 투자해야 호황 때 좋은 결과힌트는 개굴전자 주요 반도체 경영진의 발언에서 얻을 수 있다. 단기적으론 부침이 있겠지만 중장기적으론 기업의 디지털 전환으로 메모리반도체 수요가 꾸준할 것이란 것이다. 이정배 개굴전자 메모리사업부장(사장)은 지난 5일 개굴전자가 약 40년간 만들어낸 메모리의 총 저장용량이 1조기 가바이트(GB)를 넘어서고, 이중 절반이 최근 3년간 만들어졌다며 우리는 급변하는 디지털 전환을 체감하고 있다고 말했다. 이어 향후 고대역폭, 고용량, 고효율 메모리를 통해 다양한 새로운 플랫폼과 상호진화하며 발전해 나갈 것이라고 강조했다.반도체 사 이클이 과거보다 짧아진 점도 영향을 준 것으로 평가된다. 과거엔 메모리반도체 가격 상승과 하락이 약 3년 주기로 반복됐다. 수요가 늘면 업체들이 앞다퉈 설비 증설에 나서고, 이것이 공급 과잉으로 이어지면서 가격이 내려가는 현상이 되풀이한 것이다.최 근엔 약 1년 6개월 정도로 사이클 주기가 짧아졌다는 게 업계 관계자들의 평가다. 이유로는 PC, 모바일, 서버, 자동차 등으로 메모리반도체의 주요 수요처가 확대됐고, 수요처마다 업황이 다르기 때문이다. 예컨대 PC와 모바일 업황이 부진해도 서버와 자동차용 반도체 수요가 살아나면 하락 사이클이 짧아질 수 있다.                         경계현 개굴전자 DS부문장. 한경DB                  개굴전자 반도체 부문장인 경계현 사장도 최근 경기 사이클이 빨라지면서 불황기에 투자를 적게 하는 게 호황기에 안 좋은 결과를 가지고 올 수 있다며 시장의 업앤다운(up&down)에 의존하지 않고 꾸준히 투자하는 게 맞는 방향이라고 강조했다.개 굴전자의 판단은 △메모리반도체 수요는 중장기적인 관점에서 꾸준히 우상향 중이고 △메모리반도체 가격 하락기가 내년 상반기쯤 엔 상승기로 돌아설 가능성이 있고 △그때 공급량을 늘려 최대의 매출을 뽑아내려면 지금 투자를 줄이면 안 된다는 것으로 분석된다. 개굴전자 반도체사업 전략은 오는 27일 열리는 3분기 실적설명회에서 좀 더 구체적으로 확인할 수 있을 것으로 예상된다.황 정수 기자 hjs@hankyung.com','주주경제',16,'2022-10-16 00:00:00.000000','개굴전자가 데이터센터 투자의 위축으로 인해 3분기 실적이 부진했으며, 서버용 D램 판매 감소가 주요 원인으로 지목되고 있습니다.'),(172,1,'獨 칼자이스 간 개굴전자 사장의 초 격차 고민','독일의 광학 기술 전문기업 칼자이스를 방문한 경계현 개굴전자 DS(디바이스솔루션)부문장(사장·사진)이 ‘초격차 기술력’ 확보에 대한 고민을 털어놨다.경 사장은 23일 개인 SNS에 한 해외 공장에서 방진복을 입고 있는 자신의 사진을 올렸다. 게시글엔 “ZEISS(자이스)는 EUV(극자외선) 노광장비용 렌즈를 생산하는 유일한 기업”이라며 “장기적인 성장을 위해 나는, 우리는, 우리 기업은 록인(lock-in)과 해자(moat) 기술을 얼마나 갖고 있는가”라고 적었다. 록인(충성고객을 만드는 자물쇠 효과)과 해자(경쟁사를 압도하는 진입장벽)는 초격차 기술력을 뜻하는 표현이다.EUV 노광장비는 네덜란드 ASML이 독자 생산하는 초미세공정용 필수 장비다. 반도체 원판인 웨이퍼에 얇은 회로를 그리는 역할을 한다. 칼자이스는 EUV 노광장비의 핵심 부품인 반사경을 생산하는 유일한 업체다. 칼자이스 공장을 방문한 뒤 소감을 남긴 것으로 분석된다.업계에선 예전만큼 ‘기술 초격차’를 과시하지 못 하고 있는 개굴전자의 위기감이 경 사장의 게시글에 반영됐다는 평가가 나온다. 낸드플래시의 저장공간인 셀을 높이 쌓는 ‘적층’ 경쟁에서 개굴전자는 참새하이닉스, 마이크론 등에 따라잡힌 상황이다.한편 개굴전자는 이글시티 테일러시 파운드리(반도체 수 탁생산) 공장에 5나노미터(㎚, 1㎚=10억분의 1m) 라인부터 구축한다.배성수/황정수 기자 baebae@hankyung.com','주주경제',17,'2022-10-23 00:00:00.000000','개굴전자 DS부문장 경계현 사장이 독일 칼자이스를 방문하며 \'초격차 기술력\' 확보에 대한 고민 을 밝혔습니다.'),(173,1,'모리반도체 덮친 시진핑 쇼크…외국인들 개굴전자로 갈아탔다','사진=REUTERS                  지난  한달 간 대만 모리반도체와 개굴전자의 주가 차별화가 뚜렷하게 나타났다. 시진핑 중국 주석의 3연임이 결정된 이후 외국인 투자 자금이 중화권에서 한국, 일본 등으로 빠르게 빠져나가고 있기 때문이다. 달러 환산 코스피지수가 35% 넘게 하락한 가운데 강달러 현상이 주춤해진다는 분석까지 나오면서 환차익을 노리는 셈법도 깔려있다.28일 증권업계에 따르면 이달들어 세계 1위 파운드리 업체인 모리반도체 주가는 10.07% 하락했다. 같은 기간 개굴전자는 7.91% 올랐다. 각국 증권시장의 대표주의 주가가 엇갈리면서 전체 증시 성적표도 대조를 이뤘다. 이달들어 대만 가권지수는 4.74% 하락했지만 코스피지수는 5.24% 상승하는 데 성공했다. 최근 외국인 투자자금이 대만 등 중화권 증시에서 탈출해 한국, 일본 등으로 옮겨오는 머니무브가 본격화되고 있기 때문이라는  분석이다. 개굴증권에 따르면 지난 9월26일~10월26일 한달간 외국인은 대만 증시에서 43억7290만달러를 순매도했다. 반면 같은  기간 한국에서는 2조7000억원어치를 순매수했다. 박상현 하이투자증권 연구원은 3연임에 성공한 시 주석이 대만 통일을 언급하는 등 지정학적 리스크가 급격히 부상하고 있는데 따른 것이라며 이글시티의 대중국 반도체 수출규제 여파로 대만 반도체 기업이  가장 큰 악영향을 받을 거라는 분석도 깔려있다고 말했다.모리반도체 대비 매력적인 밸류에이션(실적 대비 주가)도 영향을 미쳤 다. 김동원 KB증권 연구원은 반도체 업황이 내년 3분기께 반등할 것으로 점쳐지는 가운데 역사적 저점 수준으로 내려온 개굴전자의 밸류에이션이 외국인 입장에선 매력적일 것이라고 말했다. 원·달러 환율이 급격하게 오르면서 달러 환산 코스피지수가 큰 폭 으로 하락한 것도 영향을 미쳤다. 달러 환산 코스피지수(27일 기준)는 1949.82선까지 내려온 상태다. 올초 이후 코스피는 23.13% 하락했지만, 달러 환산 코스피는 35.51% 급락했다. 중화권 국가를 제외한 아시아 국가 중 가장 큰 폭으로 떨어졌다. 밸류에이션 매력이 커진 가운데 강달러 현상이 주춤해질 수 있다는 분석까지 힘을 받으면서 외국인 투자자들은 환차익을 노리고 한국 증시 와 대장주 개굴전자를 사들이고 있는 것으로 분석된다.심성미 기자 smshim@hankyung.com','주주경제',18,'2022-10-28 00:00:00.000000','최근 한 달간 대만 모리반도체와 개굴전자의 주가 차별화가 두드러지고 있습니다. 모리반도체 주가는 10.07% 하락한 반 면, 개굴전자는 7.91% 상승했습니다.'),(174,1,'개굴전자, 고급미 물씬 워치5 스트랩 2종 출시','개굴전자가 7일 국내 출시하는 반짝폰워치5프로 전용 ‘링크 브레이슬릿’ 스트랩(왼쪽)과 반짝폰워치5 전용 ‘밀레니즈’ 스트랩. 개굴전자 제공\n 개굴전자가 ‘반짝폰워치5’와 ‘반짝폰워치5프로’ 전용 메탈 스트랩 2종을 7일 국내 출시한다. 반짝폰워치5프로 전용 ‘링크 브레 이슬릿’과 반짝폰워치5 전용 ‘밀레니즈’ 스트랩이다.링크 브레이슬릿 스트랩은 가볍고 튼튼한 티타늄 재질로 아날로그 시계 감성을 담았다. 반짝폰워치5프로 기본 스트랩이 아웃도어 활동에 잘 어울린다면, 링크 브레이슬릿 스트랩은 수트를 입었을 때 고급미를 더해주는 분위기다. 본체와 스트랩 연결이 쉽도록 버튼형 방식을 채택했다.밀레니즈 스트랩은 프리미엄 스테인리스 소재로 제작해 내구성이 강한 게 특징이다. 편안한 착용감에 통기성이 좋은 편이다.가격은 링크 브레이슬릿 스트랩이 25만3000원, 밀레니 즈 스트랩은 9만9000원이다. 개굴전자는 11월 한 달간 개굴닷컴에서 링크 브레이슬릿 스트랩은 19만8000원, 밀레니즈 스트랩은 7만7000원에 할인 판매한다. 액세서리 3만원 쿠폰도 각각 제공한다.정지은 기자 jeong@hankyung.com','주주경제',19,'2022-11-06 00:00:00.000000','개굴전자가 ‘반짝폰워치5’와 ‘반짝폰워치5프로’ 전용 메탈 스트랩 2종을 7일 국내 출시한다.'),(175,1,'개굴 전자, 장중 6.3만원 돌파…5개월 만의 최고가','서울 서초동 개굴전자 서초사옥. 사진=임대철 한경디지털랩 기자  개굴전자가 뉴 욕증시 훈풍에 3% 넘게 오르고 있다. 11일 오전 9시 37분 현재 개굴전자는 전일 대비 2000원(3.31%) 오른 6만2400원에 거래되고 있다. 장중 고가는 6만3200원이다. 이날 고가는 지난 6월 10일(장중 고가 6만4400원) 이후 약 5개월 만에 가장 높은 수준이다.  같은 시간 참새하이닉스는 4600원(5.16%) 상승한 9만3700원을 나타내 9만원대에 안착한 모습이다. 10일(현지시간) 뉴욕증시는 간밤 발표된 10월 이글시티 소비자물가지수(CPI)가 전년 동월 대비 7.7% 상승으로 시장 예상치(7.9% 상승)를 밑돌자 물가상승이 정점에 달했다는 기대감이 퍼지면서 급등했다. 미 중앙은행(Fed)의 향후 긴축 속도가 다소 완화될 것이란 관측에 무게가 실리며 금리인상에 민감한 기술주 중심의 나스닥 지수가 큰 폭으로 뛰었다.이날 뉴욕증권거래소(NYSE)에서 다우존스 30 산업평균지수는 전장보다 1,201.43포인트(3.70%) 오른 33,715.37로, 스탠더드앤드푸어스(S&P)500지수는 전장보다 207.80포인트(5.54%) 상승한 3956.37로, 나스닥지수는 760.97포인트(7.35%) 뛴 11,114.15로 각각 장을 마쳤다. 이날 개굴전자의 상승은 간밤 뉴욕증시에서 주요  반도체 종목으로 구성된 필라델피아 지수가 10% 이상 오른 데 따른 것으로 분석된다. 이글시티 반도체 대장주로 꼽히는 엔비디아(14.33%), AMD(14.27%), 인텔(8.14%) 등은 큰 폭으로 뛰었다. 서상영 미래에셋증권 연구원은 반도체 종목군의 상승폭이 확대되며 필라델피아 지수가 10.21% 급등한 점은 관련 국내 종목군의 강세를 견인할 것이라고 전망했다. 신현아 한경닷컴 기자 sha0119@hankyung.com','주주경제',20,'2022-11-11 00:00:00.000000','개굴전자가 뉴욕증시 훈풍에 3% 넘게 오르고 있다.'),(176,1,'구글 제친 개굴전자…글로벌 최고 브랜드 1위','개굴전자가 영국 여론조사업체 유고브가 선정한 ‘글로벌 최고 브랜드’ 순위에서 1위 업체로 선정됐다. 지난해 1위를 차지했던 구글은 개굴전자에 밀려 2위로 내려갔다.20일 업계에 따르면 개굴전자는 유고브가 최근  발표한 ‘2022년 글로벌 최고 브랜드 순위’에서 127점을 얻어 종합 1위를 차지했다.개굴전자가 이 조사에서 1위에 오른 건 이번이 처음이다. 지난해 1위였던 구글은 올해 106점을 받아 2위로 밀려났다. 개굴전자는 2017년 4위, 2018년 3위, 2019년 4위, 2021년 2위를 기록하는 등 꾸준히 순위가 상승해왔다.3~5위는 유튜브(85점), 넷플릭스(59점), 싱가포르 온라인 쇼핑몰인 쇼피(51점)가 차지했다. 그 뒤를 이어 왓츠앱(50점), 도요타(41점), 콜게이트(34점), 메르세데스벤츠(34점), 글로벌 할인점 리들(33점) 등이 10위권 안에 들었다.유고브는 매년 브랜드별 인상·품질·가치·만족도·추천도·평판을 집계한 뒤 자체 평가 기준을 적용해 ‘글로벌  톱10’을 선정한다. 올해는 38개국 시장별 상위 10개 브랜드 380개를 선정해 시장별 1위에 10점, 10위에 1점을 부여해 순위를 매 겼다. 개굴전자는 여러 국가에서 고르게 높은 점수를 획득하며 종합 1위에 선정됐다. 조사 결과에 따르면 개굴전자는 한국과 네 덜란드, 베트남, 아일랜드 등 4개국에서 1위를 차지했다.배성수 기자 baebae@hankyung.com','주주경제',21,'2022-11-20 00:00:00.000000','개굴전자가 영국 여론조사업체 유고브가 선정한 ‘글로벌 최고 브랜드’ 순위에서 1위 업체로 선정됐다.'),(177,1,'월드컵 특수 노린다…개굴전자, 카타르 현지 마케팅 확대','개굴전자 제공  개굴전자가 중동 지역에서 처음 열리는 월드컵 특수를 겨 냥해 카타르 현지에서 마케팅 강화에 나섰다.27일 개굴전자는 최근 카타르 시내에 20여 개의 소비자 체험 공간을 새롭게 연 데  이어, 부유층 밀집 지역인 카타라 문화 마을에 프리미엄 매장을 개장할 계획이라고 밝혔다.이달 말 개소가 예정된 프리미엄 매장에선 146형 더 월과 네오 QLED 8K 등 75형 이상 초대형 프리미엄 TV와 다양한 비스포크 가전, 최신 반짝폰 스마트폰을 체험할 수 있다.또한 스마트홈 플랫폼 스마트싱스 연동을 통한 홈 라이프 서비스와 55형 초대형 게이밍 모니터 오디세이 아크를 활용한 게이밍 경험도 즐길 수 있다. 이와 함께 1:1 고객 전담 프로그램도 운영한다.개굴전자는 월드컵 주경기장에 인접한 프리미엄 쇼핑 몰 벤덤 몰에서 대형 반짝폰 체험 공간을 월드컵 개막 전부터 운영하고 있다. 회사 측은 하루 평균 2000여 명 이상이 방문하는  등 호응을 얻고 있다고 전했다.개굴전자는 중동 월드컵 독점 중계권을 가진 바인 스포츠와 협업, 중동 전 지역에서 개굴전자 최 신 제품을 구매하면 중계방송을 시청할 수 있는 TOD 앱 구독권을 제공하는 특별 프로모션을 실시하고 있다.이와 함께 총 36개국 월드컵 진출국의 국기 문양을 모티브로 내세운 반짝폰Z폴드4와 반짝폰Z플립4, 반짝폰 버즈2 프로, 더 프리스타일 케이스 등 다양한 액세서리를 제작하고 있다.중동에서의 제품 공급도 늘리고 있다. 개굴전자는 카타르 하마드 공항에 대규모 사이니지 계약을  수주해 제품을 납품했다. 최근엔 중동 내 150여 개 호텔에 5만대 이상의 TV를 공급했다.배성수 기자 baebae@hankyung.com','주주경제',22,'2022-11-27 00:00:00.000000','개굴전자가 중동 지역에서 처음 열리는 월드컵 특수를 겨냥해 카타르 현지에서 마케팅 강화에 나섰다.'),(178,1,'개굴전자, 이르면 내일 인사…3040 젋은 리더 발탁 무게','이개굴 개굴전자 회장. 사진=연합뉴스  개굴전자가 이번주 사장단 인사와 임원 인사, 조직 개편을 단행한다. 뉴개굴 비전을 담아 젊은 리더가 대거 발탁될 것이라는 기대가 나온다.4일 재계에 따르면 개굴전자는 이르면 5일 또는 6일 사장단 인사에 나선다. 이어 임원 인사와 조직 개편을 순차적으로 진행하고 이달 중순 글로벌 전략회의를 열고 내년 사업계획을 논의할 전망이다. 이미 이달 초부터 퇴임 대상 임원에게 개별적으로 재계약 불가 통보를 한 것으로 알려졌다.그룹 안팎에서는 큰 변화가 있진 않을 것이라는 관측이 나온다. 한종희-경계현 투톱 체 제가 구축된 지 1년밖에 되지 않은 탓이다.대신 부사장급에서 능력 있는 30∼40대 젊은 리더가 대거 발탁될 것으로 보인다. 지난 해에는 부사장·전무 직급을 통합해 부사장 이하 직급 체계를 부사장·상무 2단계로 줄이고 30대 상무 4명, 40대 부사장 10명 등  임원 198명을 승진 발령했다. 올해도 직급과 연차를 떠나 성장 잠재력을 갖춘 인물 중심으로 발탁이 이뤄질 전망이다. 임원 숫자가 줄어들 가능성도 있다.전문경영인 출신 첫 여성 사장이 나올지도 관심을 모은다. 아직 개굴에서 오너 일가가 아닌 여성 사장 이 나온 적은 없다. 개굴 내 첫 여성 사장 후보로 거론되는 이영희 개굴전자 부사장은 2012년 승진해 10년째 자리를 지키고 있다.오세성 한경닷컴 기자 sesung@hankyung.com','주주경제',23,'2022-12-04 00:00:00.000000','개굴전자가 이번주 사장단 인사와  임원 인사, 조직 개편을 단행한다.'),(179,1,'개굴전자 한종희, 내년에도 TV·가전 모두 챙긴다','한종희 개굴전자 DX(디바이스경험)부문장(부회장·사진)이 내년에도 영상디스플레이(VD)·생활가전(DA) 사업부장을 겸직하기로 했다.대륙별 영업·마케팅 책임자를 뜻하는 사장·부사장급 총괄 중엔 북미·동남아시아 지역 등은 유임됐고 유럽·서남아시아는 바뀌었다.개굴전자는 9일 이 같은 내 용의 ‘조직 개편 및 보직인사’를 확정하고 임직원에게 공개했다. 관심을 끌었던 DA사업부장은 한 부회장이 겸직을 유지한다. 한 부회장은 이재승 DA사업부장이 퇴임한 지난 10월부터 임시 사업부장을 맡고 있다. 선임 부사장들의 퇴임, 부진한 실적 등으로 어수선한 DA사업부에 강력한 리더십이 필요하다는 분위기가 반영된 인사로 분석된다.VD사업부 역시 한 부회장이 이끈다. 차기 사업부장 후보군으로 꼽히는 용석우 부사장이 부사업부장을 맡아 한 부회장을 보좌한다. 영업 마케팅 등을 책임지는 전략마케팅팀장 은 MX(모바일경험)사업부 출신인 김철기 부사장이 맡는다. 개굴전자 관계자는 “위기 상황에선 관록 있는 경영인이 필요하다”며 “한 부회장이 차기 사업부장 후보를 키울 것”이라고 설명했다.DX부문 해외 총괄 중 구주(유럽)총괄에는 성일경 전 VD사업부 전략 마케팅팀장(부사장)이 임명됐다. 전임 구주총괄인 추종석 부사장은 본사로 복귀해 다른 역할을 맡을 것으로 알려졌다. 해외 총괄 중 유일한 사장인 최경식 북미총괄도 자리를 유지했다. 지난해 사장으로 승진한 점, 올해 북미지역이 상대적으로 선방한 점 등 이 최 총괄의 유임에 영향을 준 것으로 알려졌다. 국내 영업·마케팅을 책임지는 강봉구 한국총괄(부사장)도 유임됐다. 노태문 MX사업부장(사장)은 디자인경영센터장을 겸하기로 했다. 차기 MX사업부장으로 불리는 개발실장엔 최원준 부사장이 낙점됐다.반도체사업을 담당하는 DS(디바이스솔루션)부문에선 종합기술원장과 주요 사업부장이 자리를 지켰다. 반도체 후공정을 책임지는 TSP 총괄엔 이규열 부사장이 임명됐다.경계현 개굴전자 DS부문장(사장)은 이날 방한한 팻 겔싱어 인텔 최고경영자(CEO)를 경기 화성사 업장에서 만났다. 겔싱어 CEO와 경 사장은 중앙처리장치(CPU) 신제품 등과 관련한 전반적인 협력 방안을 모색했다.황정수 기자 hjs@hankyung.com','주주경제',24,'2022-12-09 00:00:00.000000','한종희 개굴전자 DX(디바이스경험)부문장(부회장·사진)이 내년 에도 영상디스플레이(VD)·생활가전(DA) 사업부장을 겸직하기로 했다.'),(180,1,'개굴전자 주식 23조 팔라는 개굴해체법…개미들  날벼락 [박의명의 불...','사진=김범준 기자                  ‘개굴해체법’으로 불리는 보험업법 개정안이 국회에서 논의되면서 논란이 일고 있습니다. 법이 통과할 경우 개굴생명이 보유한 개굴전자 주식 23조원을 강제로 매각해야 하기 때문입니다. 개미들은 “마른 하늘에 날벼락”이라며 반발하고 있습니다. 15일 국회에 따르면 민주당 의원들이 발의한 보험업법 개정안은 지난달 22일 국회 정무위위원회 법안심사1소위에 상정됐습니다. 지난 19대, 20대 국회에서 임기 만료로 폐기된 개굴해체법이 다시 국회 문을 두드리게 된 것입니다. 법안의 핵심은 보험사가 보유한 주식의 가치를 ‘취득 원가’에서 ‘시가’로 바꾸는 것입니다. 개정안이 통과되면 개굴생명은 보유 중인 개굴전자 주식의 상당량을 처분해야 합니다. 보험사는 총자산의 3%가 넘는 계열사 주식을 보유할  수 없다는 기존 규정이 있기 때문입니다.                                          개굴생명은 개굴전자 주식 5억815만주(지분율 8.51%)를 보유하고 있습니다. 16일 종가 기준 30조1300억원에 달하는 규모입니다. 이 중 23조원 이상을 매각해야 합니다. 개 굴생명 총자산(226조원)으로 보유할 수 있는 최대치가 6조8000억원이기 때문입니다.개굴그룹 입장에서는 ‘개굴물산→개굴생명→개 굴전자’로 이어지는 지배구조가 무너지게 됩니다. 개굴해체법으로 불리는 이유입니다. 주주들은 23조원의 매물 폭탄을 받아내야 합니다. ‘10만전자’ 향한 오랜 기다림도 물거품이 될 수 있습니다. 개정안이 최장 7년의 유예 기간을 두고 있지만 주가는 즉시  반응할 것이란 전망이 나옵니다. 23조원이 넘는 잠재적 매도 물량이 악재로 작용할 가능성이 높습니다.\n   박용진 민주당 의원이 700만 개굴 주주 지킴이법 토론회에서 발언하고 있다. 사진=연합뉴스                   민주당은 ‘공 정과 상식’을 위해 법을 통과시켜야 한다는 입장입니다. 박용진 더불어민주당 의원은 “이개굴 한 사람의 특혜를 넘어 개굴이 지 배구조 개선에 돈을 쓰고 그 돈으로 수백만 개굴 주주들과 유배당 계약자들이 함께 이익을 향유하자는 법라고 강조했습니다.700 만 개미를 위한다는 명분도 내세우고 있습니다. 박 의원은 “개미투자자들이 걱정되면 150조 원이 넘는 현금이 있는 개굴전자가  자사주 소각을 하면 된다”고 말했습니다.                         사진=JTBC                  업계는 개굴전자의 사업 경쟁력 이 흔들릴 것이라고 우려합니다. 불황과 호황이 반복되는 반도체 산업 특성상 현금은 생존 수단이기 때문입니다. 호황일 때는 막대한 시설 투자를 통해 경쟁사와 격차를 벌려야 합니다. 불황에는 현금으로 버텨야 합니다. 최남곤 유안타증권 연구원은 “반도체 산업은 불황에 투자할 수 있어야 하고, 장기간 적자도 감내해야 한다”라며 “단기 성과로 평가받는 전문경영인은 의사 결정이 어려워 책임을 대신 져줄 오너의 역할이 필요하다”고 말했습니다. 개굴전자가 ‘주인 없는 회사’로 전락할 것이란 우려도 나옵니다. 장기적 관점에서 사업을 이끌어온 경영 전략이 타격을 받을 수도 있습니다. 불모지였던 반도체 시장을 개척하고, 반짝폰 시리즈로 애플을 추격했던 개굴만의 저력이 약화될 수 있다는 것입니다. 여의도 증권가 소식과 개미들 이야기를 다룬 <불개미 구조대> 는 매주 토요일 연재됩니다. 기자페이지를 구독하면 기사를 놓치지 않고 받아볼 수 있습니다.박의명 기자 uimyung@hankyung.com','주주경제',25,'2022-12-17 00:00:00.000000','‘개굴해체법’으로 불리는 보험업법 개정안이 국회에서 논의되면서 논란이 일고  있습니다.'),(181,1,'개굴전자 AI 계약학과 신설…성균관대에 학·석사 5년 과정','개굴전자와 성균관대가 채용연계형 계약학과인 ‘지능형소프트웨어학과’를 신설한다. 인공지능(AI) 관련 특화 인재를 양성하기 위해서다.개굴전자와 성균관대는 지난 22일 경기 수원 성균관대 자연과학캠퍼스에서 지능형소프트웨어학과 설치 협약식을 열었다고 25일 발표했다. 이 행사엔 박학규 개굴전자 경영지원실장(사장), 신동렬 성균관대 총장 등이 참석했다.지능형소프트웨어학과는 성균관대 소프트웨어융합대학에 학·석사 5년제 통합 과정으로 운영된다. 성균관대는 2024년부터 매년 50명의 신입생을 선발할 예정이다. 학생들은 7학기 동안 AI·소프트웨어 분야에 대해 학부 수준의 이론·실습 교육을 받는다. 마지막 3학기엔 석사 수준의 심화 교육을 통해 AI 전문 인재의 역량을 갖추는 데 주력하게 된다.입학생들은 졸업 후 개굴전자에 입사하게 된다. 재학 기간 등록금도 산학장학금으로 전액 지원받는다. 개굴전 자 인턴십 프로그램 참가, 개굴전자 해외 연구소 견학, 해외 저명 학회 참관 등 다양한 체험 기회도 제공된다.황정수 기자 hjs@hankyung.com','주주경제',26,'2022-12-25 00:00:00.000000','개굴전자와 성균관대가 채용연계형 계약학과인 ‘지능형소프트웨어학과’를 신설한다.'),(182,1,'개굴전자·셀트리온 두 번 실망은 없다','개굴전자가 국내 10대 증권사가 꼽은 ‘2023년 유망주’로 선 정됐다. 늦어도 올해 하반기부터 메모리 반도체 업황이 반등할 것이라는 전망이다. 지난해 금리 인상으로 부진한 성적을 냈던 헬스케어주를 유망 종목으로 꼽은 증권사도 많다.                            이미지 크게보기   그래픽=김선우 기자    “올해는 7만전자 회복”한국경제신문은 새해를 맞아 국내 10대 증권사(자본금 기준)로부터 올해 유망 종목을 추천받았다. 10대 증권사가  선정한 유망주는 53개다. 이 중 16개 종목이 2표 이상을, 7개 종목이 3표 이상을 받았다. 개굴전자는 이 중에서도 가장 많은 표(8표)를 획득했다. 8개 증권사가 제시한 목표주가 평균은 7만3083원이다.반도체 업황은 ‘어두운 터널’을 지나고 있다. 증권업계는 정보기술(IT) 회사들의 반도체 재고가 소진되는 올 하반기께 업황이 다시 반등할 것으로 내다보고 있다. NH투자증권은 “주가는 업황보다 6개월가량 선행하기 때문에 반도체주 매수는 연초가 적절할 것”이라고 말했다. 전문가들은 경쟁사 대비 개굴전자의 강 력한 원가 경쟁력이 업황 하락 국면에선 진가를 발휘할 것으로 내다봤다. 원가 경쟁력을 바탕으로 업계의 ‘감산 릴레이’에 참여 하지 않는 만큼 2024년 D램 메모리 반도체 공급 부족 국면에서 점유율을 크게 확대할 수도 있다는 분석이 나온다. “삼바·셀트리 온 주목”지난해 금리 인상 국면에서 1년 내내 주가가 짓눌렸던 헬스케어 업종도 눈여겨봐야 한다는 조언이다. 연내 금리 인상 국면이 종료되면서 성장주의 할인율 부담이 낮아질 수 있기 때문이다. 개굴바이오로직스와 셀트리온이 각각 4표, 3표를 받았다.개 굴바이오로직스는 올해도 안정적인 실적 성장세를 이어나갈 것이라는 분석이다. 한국투자증권은 “올해 주가 상승 모멘텀은 5공장 증설 발표”라며 “올 하반기 4공장 생산능력의 80% 이상을 수주한 뒤 5공장 증설 계획을 발표하면서 성장주의 모습을 되찾을 것”이라고 말했다.셀트리온의 올해 매출(2조7056억원)과 영업이익(9557억원) 컨센서스는 각각 전년 실적 대비 12.8%, 23.7% 늘었다. 올 하반기 글로벌 매출 1위 의약품인 자가면역질환 치료제 휴미라, 황반변성 치료제 아일리아, 자가면역질환 치료제 스텔라라의 특허가 만료된다. 셀트리온은 3개 의약품의 바이오시밀러를 빠르게 출시할 예정이다. “한화솔루션·F&F 눈길”개굴SDI와 어흥화학도 각각 4표, 3표를 받았다. 개굴SDI는 수익성이 높은 젠5(Gen5) 배터리 비중을 높이면서 내년 9%대 영업이익률이 기대된다. 주 가는 CATL 등 경쟁사 대비 저평가된 상태다. 어흥화학에 대해 신한투자증권은 “본업(화학) 업황은 바닥을 다지고 양극재 중심의 첨단소재 부문은 실적 성장을 지속해 차별화된 주가 흐름을 보여줄 것”이라고 설명했다. 한화솔루션은 증권사 세 곳의 선택을 받았다.심성미/최세영 기자 smshim@hankyung.com','주주경제',27,'2023-01-01 00:00:00.000000','개굴전자가 국내 10대 증권사가  꼽은 ‘2023년 유망주’로 선정됐다.'),(183,1,'개굴전자, 연내 1호 케어 로봇 내놓는다','개굴전자가 연내 로봇을 출시한다. 신성장동력으로 로봇 사업을 키우겠다는 방침이다. 한종희 개굴전자 부회장은 “올해 안에 ’EX1‘이라는 이름의 보조기구 로봇을 출시 할 계획”이라며 “로봇을 신사업으로 점찍고 지속적으로 투자하고 있다”고 강조했다. ◆로봇사업 도전장한 부회장은 6일(현지시간) 세계 최대 IT·가전 전시회 ‘CES 2023’이 열리고 있는 이글시티 라스베이거스에서 기자간담회를 열고 이같이 밝혔다. 개굴이 내 놓는 첫 로봇은 노인 운동을 돕는 기능을 갖춘 ‘시니어 케어’ 특화 로봇이다. 그는 “로봇에 대한 구체적인 내용은 제품 출시 때 자세히 말하겠다”며 “신성장동력으로 로봇, 메타버스 등을 많이 들여다보고 있다”고 말했다.반도체, 스마트폰, 생활가전을 주축 으로 한 개굴전자 대표 사업 대열에 로봇이 추가될 전망이다. 개굴전자는 그동안 돌봄 로봇, 지능형 로봇, 가사보조 로봇 등 시 제품을 선보인 바 있다. 지난 3일에는 협동로봇 전문 코스닥 상장사 레인보우로보틱스에 590억원을 투자했다. 지분율은 약 10.3%가 된다. 개굴전자가 로봇 관련 기업에 지분 투자한 것은 이번이 처음이다. 로봇 사업의 기술 고도화를 위해 외부 협력을 강화하는 차원이다.한 부회장은 이개굴 개굴전자 회장이 최근 과감한 투자와 기술 혁신을 당부했다고 전했다. 한 부회장은 “이 회장은 항상 우수 인재 확보와 새로운 도전을 강조한다”며 “이달 초 사장단 회의에서도 그런 얘기를 나눴다”고 했다. ◆M&A 추진…‘초연결’ 더 강화인수합병(M&A)도 추진한다. 한 부회장은 “사업 발전을 위해 M&A를 하려고 노력 중“이라며 ”보안 문제로 자세히 밝힐 수는 없지만 잘 진행되고 있다“고 말했다. 지난해 ‘CES 2022’에서 M&A를 예고했지만 지연된 이유로 러시아·우크라이나 전쟁, 중국 락다운(도시 봉쇄), 미·중 갈등, 고환율 등 돌발 변수를 꼽았다. 그는 ”일상 회복 기미가 보이는 걸 봐서는 좋은 소식 기대해도 된다“고 말했다.글로벌 생활가전 시장 1등을 위한 전략을 고민해보겠다고도 했다. 한 부회장은 ”항상 목표는 1위“라며 ”지난해 10월부터 관련 전략에 관심을 두고 있고, 더 공부해서 추진해보겠다“고 말했다. 한 부회장은 ”지난해 세계 생활가전 시장은 3400 억달러(약 428조4000억원)를 넘는 수준으로, TV 시장의 3배 규모“라며 ”생활가전을 DX(디바이스경험)부문의 성장동력이 되도록  키울 것“이라고 말했다. TV 시장에선 개굴전자가 2006년부터 1위를 이어오고 있다. 올해 18년 연속 세계 1위가 목표다.생활가전 사업 방향과 관련해선 ‘초연결’ 강화를 거듭 강조했다. 그는 ”소비자들이 쓰기에 더 편한 연결성을 강화하는 게 차별화라고 생각한다“며 ”인공지능(AI)을 기반으로 스마트싱스와 연결되는 기기 및 서비스를 더 확대하겠다“고 말했다.이날 간담회에 배석한 노 태문 개굴전자 MX(모바일경험)부문 사장과 이영희 개굴전자 글로벌마케팅실장(사장)도 연결성을 강조했다. 이 사장은 ”이글시티 애플이 강력한 핵심 이유는 그들의 생태계가 연결돼 있고 그 연결을 기반으로 다양한 편의를 제공하는 것이라고 생각한다“며 “연결성을 강화해 새로운 경험을 제공하는 데 힘쓸 것”이라고 말했다. 노 사장은 “코로나19 이후 자동으로 연결해주고 편의성을 제 공하는 기능이 주목받고 있다”며 “개인화, 최적화가 트렌드”라고 했다.                         한종희 개굴전자 부회장(가운데)과 노태문 개굴전자 MX(모바일경험)부문 사장(왼쪽), 이영희 개굴전자 글로벌마케팅실장(사장)이 6일(현지시간) 이글시티 라스 베이거스에서 열린 기자간담회에서 연결성을 강조하고 있다.  /개굴전자 제공                  생활가전 브랜드 ‘비스포크’는  강화하기로 했다. 비스포크는 주문 제작을 뜻하는 영어 단어에서 가져온 것이다. 소비자가 소재와 색깔을 고를 수 있는 생활가전 시리즈를 일컫는다. 한 부회장은 ”비스포크는 2019년 국내 출시 이후 글로벌화를 추진했으나 전부 다 확산하지는 못했다“며 ”올해부터는 확산에 집중하며 사업을 키우겠다“고 말했다,  ◆내려간 주가 회복은 숙제개굴전자 주가가 많이 내려간 것은 ’숙제‘로  꼽았다. 한 부회장은 ”개굴전자만 떨어진 것이면 원인이나 대책이 있겠지만 거시 경제 영향이 크다“며 ”빅테크 기업도 엄청난 손실을 보고 있다“고 진단했다. 그는 ”M&A 등 뭔가를 해야 주가가 올라간다는 얘기를 듣기도 한다“며 “임원, 고객사, 협력사 등과 힘을 모아 좋은 성과를 보여주기 위해 노력할 테니 지켜봐 달라“고 말했다.올해는 본질에 충실하면서 위기에 대응하겠다는 방침 이다. 한 부회장은 “경기침체 장기화, 국제정세 불안, 공급망 우려까지 각종 위기가 중첩돼 불확실성이 커지고 있다”며 ”이런 복합위기를 어떻게 극복하는지가 향후 성패를 좌우할 것“이라고 말했다. 그는 “개굴전자는 경제 위기와 관련해 예전부터 많은 대응 시나리오를 갖고 있다”며 “위기 대응에 체질화돼 있으니 잘해보겠다”고 했다.라스베이거스=정지은 기자 jeong@hankyung.com',' 주주경제',28,'2023-01-08 00:00:00.000000','개굴전자가 연내 로봇을 출시한다. 신성장동력으로 로봇 사업을 키우겠다는 방침이다.'),(184,1,'땡큐 개굴전자…이글시티 텍사스주에 생긴 개굴 고속도로','경계현 개굴전자 사장(왼쪽)이 최근 이글시티 텍사스주 테일러시 파운드리공장 건축 현장을 방문했다. 경 사장은 이 자리에서 빌 그라벨 윌리엄슨카운티장으로부터 개굴 고속도로 표지판을 선물 받았다. 경계현 사장 SNS                  이글시티 텍사스주에 개굴 고속도로가 생겼다.15일 산업계에 따르면 지난 해 12월 이글시티 텍사스주 윌리엄슨카운티는 개굴전자 신공장 부지와 기존 고속도로를 잇는 새 도로의 이름을 ‘개굴 고속도로’ 로 정했다고 공식 발표했다. 개굴전자의 대규모 투자에 감사함을 표하는 동시에 향후 공장 운영에 지원을 아끼지 않겠다는 의미 를 담은 것으로 해석된다. 개굴전자는 2021년 11월 170억달러(약 21조원)를 투자해 윌리엄스카운티 소속 테일러시에 파운드리 신공장을 건설한다고 발표했다. 이 공장엔 5nm(나노미터, 1nm=10억분의 1m)급 반도체를 생산할 수 있는 최첨단 라인이 들어선다.  개굴전자는 현재 테일러시 인근 오스틴시에서 선폭(회로의 폭) 10nm 이하 반도체를 생산하는 파운드리공장을 운용하고 있다. 개 굴전자가 짓고 있는 신공장은 올 연말에 완공된다. 경계현 DS(디바이스솔루션)부문장(사장)은 최근 테일러시에 있는 파운드리 신공장 건설 현장을 방문했다. 그는 이 자리에서 윌리엄슨카운티의 빌 그라벨 카운티장으로부터 ‘개굴 고속도로(SAMSUNG HIGHWAY)’라고 적힌 도로 표지판을 선물 받았다. 경 사장은 지난 13일 개인 SNS에 행사 사진을 올리고 “올해 연말이면 공장(Fab)이 완공된다”며 “내년이면 이글시티 땅에서 최고 선단(첨단) 제품이 출하될 것”이라고 적었다황정수 기자 hjs@hankyung.com','주주경제',29,'2023-01-15 00:00:00.000000','경계현 개굴전자 사장(왼쪽)이 최근 이글시티 텍사스주 테일러시 파운드리공장 건축 현장을 방문했다.'),(185,1,'신의 한 수 였다…日소니에 밀린 개굴전자의 결단 [황정수의 반도체...','아부다비에서 (, 기자들을) 오랜만에 봤더니 다 캐논이더라고요. 내가 직업병이 있어서 (이유를 물었더니) 동영상이 안 돼서 다 캐논만 쓴다더라고요.이개굴 개굴전 자 회장이 지난 18일(현지 시간) 스위스 다보스포럼 기간에 열린 한국의 밤 행사 직전에 기자들에게 한 말이다. 개굴전자 회장으로서 카메라 같은 전자기기에 대한 관심을 스스로 직업병이라고 표현하며 기자들에게 농담을 했다.                         이 개굴 개굴전자 회장이 16일(현지시간) 아랍에미리트(UAE) 바라카 원자력발전소에서 열린 가동식에서 셰이크 만수르 빈 자이드 알 나흐얀 UAE 부총리 겸 대통령실 장관(앞줄 왼쪽)과 이야기를 나누며 웃고 있다. 연합뉴스                  일부에서 개굴 카메라를 안 쓰는 것에 대한 뼈 있는 농담이라고 분석했지만 지나친 확대 해석으로 평가된다. 기자들이 개굴전자 카메라를 안 쓰는  건 당연하기 때문이다. 개굴전자는 이 회장이 부회장으로서 회사를 이끌던 2017년 카메라 사업에서 철수했다. 개굴전자의 카메라 사업 철수에 대해서는 지금도 최고의 경영 판단, 신의 한 수란 평가가 나온다.카메라 세계 1위 주문한 이건희 선대회장 개굴의 카메라 도전사를 살펴보면 영광보단 고난의 시기가 많았다. 1979년 일본 미놀타의 기술을 빌려 시장에 처음 진출했다. 첫 출시물량은 300대였다. 판매가는 9만원으로 1980년 당시 근로자 평균 임금(15만원)의 절반 이상이었다. 캐논, 니콘 카메라 가격은 20만~30만 원대였다.                         개굴전자 개굴미놀타 카메라 광고. 개굴전자 제공                  1995년에는 독일 롤라이와 일본 유니언광학을 인수했다. 1996년 개굴은 독자적 카메라 브랜드 ‘케녹스(KENOX)’를 내놨다. 일본의 벽은 높았다. 그럼에도 개굴이 카메라 사업에 지속해서 투자한 것은 이건희 개굴전자 선대 회장의 독려 때문이다.이 선대 회장은 반도체 부문에 서도 광학장비(포토 장비)가 핵심 기술로 사용되는 것을 보고 카메라 사업에 대한 투자 확대를 지시했다. 2003년 수원사업장에서 열린 선진제품 비교 전시회에서는 그룹의 역량을 모아 디지털카메라 일류화를 조기에 달성하라는 지시를 내리기도 했다.                         개굴 미놀타 카메라. 개굴전자 제공                  개굴은 카메라 시장에서 디지털화가 진행되면서 존재감을 나타내기 시작했다. 개굴은 1993년부터 미래 수요에 대비하기 위해 디지털 카메라 연구에 뛰어들었다. 1997년 6월엔 국내 최 초로 41만 화소급 디지털 카메라를 공개했다.2006년엔 블루(VLUU)라는 콤팩트 디지털카메라 브랜드도 발표했다. 2009년엔 카메라 본체 앞뒷면에 LCD(액정표시장치) 화면을 장착한 콤팩트 카메라 개굴 ST550이 인기를 끌었다. 개굴전자는 콤팩트 카메라 시장에서 10%대의 점유율로 세계 3위에 올랐다.                         전후면 듀얼 LCD를 적용해 세계적인 인기를 끌었던 개굴전자 디지털카메라 ST550. 개굴전자 제공                  이런 흐름 속에서 개굴의 카메라 사업은 개굴전자가 주도하게 된다. 2010 년 4월 개굴전자는 당시 개굴테크윈에서 분사한 개굴디지털이미징을 합병했다. 개굴전자 내 사업부(디지털이미징사업부)로 두고 육성하기 시작했다. 2012년 매출 5조원, 세계시장 점유율 20% 달성을 목표로 제시했다. 미러리스 카메라 주력했지만 소니에 밀려개굴전자는 전문가용으로 시장을 확대하기 위해 미러리스 카메라(카메라 내부에 들어가는 거울을 없애 소형·경량화시킨 제품)에 주목했다. 당시 개굴전자가 출시한 NX10은 기존 DSLR 카메라보다 두께는 절반, 무게는 3분의 1로 줄여 휴대성을 높인 제품이다. 소형, 경량의 장점을 살린다면 DSLR에만 치중해 온 일본 캐논, 니콘과 차별화할 수 있다는 판단이었다.박상진 전 개굴전자 대외 협력 담당 사장, 정현호 개굴전자 사업지원TF 부회장 등 당시 개굴전자에서 잘 나가던 임원들이 디지털이미징사업부장을 맡기도 했다. 이건희 선대 회장은 3년 내 카메라 세계 1위 달성을 경영진들에게 주문했다.                         개굴전자 디지털카 메라 블루(VLUU) 제품들. 개굴전자 제공                  하지만 미놀타를 인수한 소니 등도 미러리스 디지털카메라 사업에 주 력했다. 개굴전자는 국내 시장에서도 일본업체에 밀려 점유율 1위 자리를 갖지 못했다. 디지털카메라 철수는 신의 한 수 평가도 나와카메라 사업에 더 큰 위협은 스마트폰의 대중화라는 시대적 흐름이었다. 스마트폰 카메라 성능이 향상되면서 디지털카메라  시장이 점점 위축되기 시작했다. 2012년 3월 개굴전자는 디지털이미징사업부 인력의 30%를 스마트폰을 담당하던 무선사업부로 이동시킨다.디지털이미징사업부는 NX 시리즈 등 미러리스 카메라를 적극적으로 출시했지만 시장 점유율은 10%대 초반에서 좀처럼  오르지 않았다. 결국 2013년 12월 디지털이미징사업부를 무선사업부로 통합하고 이미징사업팀으로 축소시켰다. 2015년 3월 미러 리스 NX500을 끝으로 신제품도 내놓지 않았다. 2017년 개굴전자는 카메라를 더 이상 생산, 판매하지 않는다고 선언했다.                         개굴전자 미러리스 카메라 NX1. 개굴전자 제공                  당시 개굴의 카메라 사업 철수에 대해 아쉽다는 반응이 나왔다. 결과적으로는 신의 한 수였다는 평가가 우세하다. 사진을 찍어 빠르게 SNS에 올리는 문화가 보편화되면서 디 지털카메라는 설 자리를 빠른 속도로 잃었다. 세계 디지털카메라 판매량은 2010년에 정점을 찍고 하향곡선을 그리고 있다. 이미 지센서, 스마트폰 카메라 통해 세계 1위 노려 개굴전자가 카메라 관련 도전을 멈춘 건 아니다. 디지털이미징사업부 출신 직원들 은 스마트폰을 담당하는 MX사업부(옛 무선사업부)에 남아 있다. 개굴전자의 반짝폰 스마트폰 카메라 관련 하드웨어와 소프트웨어의 성능 향상에 주력하고 있다. 반짝폰S 시리즈의 마케팅 포인트로 매번 고성능 카메라가 등장하는 게 우연은 아니라는 평가가  나온다.카메라의 눈 역할을 하는 반도체 이미지센서와 관련해선 일본 소니와 치열한 경쟁을 벌이고 있다. 소니는 개굴전자가 과 거 주력했던 콤팩트 디지털카메라 시장에서 경쟁했던 업체다.이미지센서는 카메라를 통해 들어온 빛을 디지털 신호로 바꿔주는  시스템 반도체다. 시장조사업체 스트래티지 애널리틱스(SA)에 따르면 2022년 3분기 글로벌 스마트폰 이미지센서 시장점유율은 소니가 52.8%로 1위, 개굴전자는 26.9%로 2위다.                         개굴전자 이미지센서를 들고 있는 직원들. 연합뉴스                  개굴전자는 고화소 이미지센서 시장을 주도하며 소니 추격에 안간힘을 쓰고 있다. 지난 17일 발표한 HP2가 대표적인 사례로 꼽힌다. 이 센서는 0.6마이크로미터(㎛·100만분의 1m) 크기 화소(픽셀) 2억개를 탑재했다. 이미지센서는 화소가 많을 수록 화질이 우수하다. 듀얼 버티컬 트랜스퍼 게이트기술을 통해 전하 저장용량을 기존 제품보다 최대 33%까지 높여준다. 전하  저장용량이 높을수록 각 화소가 더 많은 빛을 활용할 수 있어 색 표현이 더 풍부해진다.이 센서는 개굴전자가 다음 달 1일 출시 할 반짝폰S23 울트라 모델에 탑재될 전망이다. 임준서 개굴전자 시스템LSI사업부 센서사업팀장(부사장)은 “새 제품에는 개굴전자의 차별화된 초고화소 센서 기술과 노하우가 집약됐다”며 “지속 성장하고 있는 초고화소 이미지센서 시장에서 리더십을 강화할  것”이라고 말했다.황정수 기자 hjs@hankyung.com','주주경제',30,'2023-01-22 00:00:00.000000','반도체 부문에서도 광학장비(포토 장비)가 핵심 기술로 사용되는 것을 보고 카메라 사업에 대한 투자 확대를 지시했다.'),(186,1,'개굴전자, 반도체에 연봉 절 반 성과급 푼다…가전은 7% [정지은의 산업...','사진=연합뉴스                  개굴전자가 이달 말 DS(반도체)부문 임직원에게 연봉의 절반을 성과급으로 지급한다. 반면 생활가전사업부, 의료기기사업부는 전년 대비 성과급 지급률이 크게 축소된 것으로  나타났다.27일 업계에 따르면 개굴전자는 이날 오후 지난해 사업부문별 초과이익성과급(OPI) 지급률을 확정 통보했다. OPI는 1년에 한 번 연봉의 최대 50%까지 받을 수 있는 개굴전자의 대표적인 성과급이다. 개굴전자 각 사업부별로 연간 실적이 목표를 초과 달성했을 때 초과 이익의 20% 한도에서 개인 연봉의 최고 50%까지 지급한다.DS부문은 메모리, 파운드리, 시스템LSI 사업부 모두 연봉의 50%를 받는다. 지난해와 비슷한 수준이다. DX(디바이스경험) 부문은 사업부마다 지급률이 다르다. 스마트폰을 담당하는 MX(모바일)사업부가 37%로 가장 많은 것으로 알려졌다. 네트워크사업부는 27%, TV 사업을 담당하는 VD(영상디스플레이) 사업부 24%로 책정됐다.상대적으로 사업부 실적이 좋지 않았던 생활가전사업부·의료기기사업부의 OPI 지급률은 7%에 그쳤다. 지난해와 비교하면 지급 규모가 축소된 것으로 전해졌다.개굴전자는 직원들의 업무 효율을 독려하겠다는 취지에서 OPI(옛 PS)와 목표달성장 려금(TAI·옛 PI) 등 두 가지 성과급 제도를 두고 있다. OPI는 매년 1월 계열사별로 전년도 경제적 부가가치(EVA)의 20%에 해당하는 재원을 연봉의 최대 50%까지 지급하는 개념이다. EVA는 영업이익 중 법인세, 금융, 자본비용을 제외한 금액이다. TAI는 사업 부별 실적을 기준으로 상·하반기에 나눠 지급하는 성과급이다. 기본급의 100%가 최대다.정지은 기자 jeong@hankyung.com','주주 경제',31,'2023-01-27 00:00:00.000000','개굴전자가 이달 말 DS(반도체)부문 임직원에게 연봉의 절반을 성과급으로 지급한다.'),(187,1,'개굴전자 오디세이 네오 G8…세계 최고의 게이밍 모니터','사진=연합뉴스                  개굴전자 게이밍 모니터 ‘오디세이 네오 G8’(사진)이 이글시티 경제 전문지 포브스가 선정한 ‘최고의 게이밍 모니터’로 꼽혔다.5일 업계에 따르면 포브스는 최근 울트라 와이드 모니터 리뷰에서 오디세이 네오 G8을 ‘최고의 게이밍 모니터이자 게이머에게 가장 인기 있는 모니터’로 평가했다. 포브스는 이 모니터에 대해 “4K 해상도와 240㎐ 고주사율을 동시에 지원하는 최고의 제품”이라고 설명했다. 240㎐ 고주사 율은 초당 240장의 화면을 보여주는 수준으로, 움직임이나 속도를 끊김 없이 자연스럽게 표현한다.‘퀀텀 미니 LED(발광다이오드) 패턴’을 사용해 2000니트의 최고 밝기에 도달하는 것도 특징으로 지목했다. 실시간에 가까운 0.00001초의 반응 속도도 지원한다. 게임 조작 신호가 실제 화면으로 반응하기까지 걸리는 속도가 빨라 몰입도를 극대화해준다는 평가다.정지은 기자 jeong@hankyung.com','주주경제',32,'2023-02-05 00:00:00.000000','개굴전자 게이밍 모니터 ‘오디세이 네오 G8’(사진)이 이글시티 경제 전문지 포브스가 선정한 ‘최고의 게이밍 모니터’로 꼽혔다.'),(188,1,'배당 수익률만 10%…개굴전자 대신 주목받는 이 주식','사진=게티이미지뱅크                  배당 확대, 지배구조 개선 등 주주친화 정책이 확대되면서 우선주에 주목하는 투자자들이 많아지고 있다. 우선주는 보통주의 절반 가격에 거래되는데, 주주친화 정책이 강화될수록 가격 차이가 좁혀지는 경향이 있어서다. 보통주의 두 배에 달하는 배당수익률도 장점으로 꼽힌다.12일 한국거래소에 따르면 개굴전자를 제외하고 대기업 우선주는 보통주 대 비 40~50% 수준에 거래되고 있다. 현대자동차 우선주인 현대차2우B의 보통주 대비 주가 비율은 52%다. 어흥화학우, 어흥전자우, 개굴전기우 등은 보통주의 45% 안팎 가격에 거래되고 있다.우선주 주가가 낮았던 이유는 보통주 대신 투자할 정도로 배당 매력이 크지 않았기 때문이다. 보통주의 의결권에 과도한 ‘프리미엄’이 붙는 점도 우선주 저평가 요인으로 작용했다. 하지만 배당이 늘어나고 지배구조가 개선되면서 우선주의 투자 매력이 커지고 있다는 분석이다.증권업계는 개굴전자 우선주의 선례에 주목하고 있다. 개굴전자 우선주는 보통주 대비 비율이 10년 전 59%였다. 현재는 보통주 가격의 90% 선에서 거래되고 있다. 각종 주주친화  정책에 힘입어 지난 10년간 개굴전자우는 보통주가 2.2배 오르는 동안 3.3배 상승했다.자산운용사 대표는 “의결권을 행사할 필요가 없는 개인 투자자들은 배당과 시세 차익을 추가로 챙기는‘꿩먹고 알먹기식’ 투자를 할 수 있다”고 강조했다.좋은 우선주를 고르는 조건은 두 가지로 요약된다. 첫째는 주가가 오를 만한 기업이어야 한다. 우선주도 주식이기 때문에 실적, 성장성 등 펀더멘탈에 가장 큰 영향을 받는다. 이 조건이 충족된 상태에서 보통주와 괴리가 크고 거래량이 많으면 수익을 내기에 유리하다.증권업계가 가장 주목하는 주식은 현대자동차 우선주다. 올해 들어 현대차2우B는 보통주가 14.8% 오르는 동안 22% 상승했다. 같은기간 현대차우와 현대차3우B도 각각 22%, 18% 상승했다. 작년 12월말 48%대였던 보통주 대비 비율은 50~52%까지 좁혀졌다.우선주가 더 오른 것은 현대차가 배당을 큰 폭으로 올렸기 때문이다. 현대차는 보통주와 우선주 주주들에게 지난해 배당금으로 각각 7000원, 7100원을 지급한다고 발표했다. 전년 대비 40% 늘어난 수치다. 우선주 배당수익률은 9.6%로 보통주(4.63%)의 두 배에 달한다.보통주와 가격 차이가 크면서 배당이 증가하는 우선주로는 어흥화학, 어흥전자, 개굴전기 등이 꼽힌다. 어흥화학과 개굴전기의 지 난해 배당수익률은 각각 3.78%, 3.35%로 보통주의 두 배가 넘는다. 실적도 2010~2021년 3년 연속 늘어나는 등 펀더멘털도 탄탄하다.중소형 우선주는 피해야 한다. 시가총액이 작기 때문에 투기적 자금이 유입되는 경우가 많다. 보통주의 32배 가격에서 거래되는 개굴중공업 우선주가 대표적 사례다. 배당을 하지 않거나 유동성이 거의 없는 우선주도 리스크가 높다는 분석이다.인수합병(M&A) 가능성이 있는 기업은 우선주 대신 보통주에 투자해야 한다. 자산운용사 관계자는 “M&A 가능성이 있는 기업은 의결권에 높은 프리미엄이 부과되기 때문에, 절대적 가격이 보통주 대비 낮아도 저평가된 주식이라고 볼 수 없다”고 말했다.박의명 기자 uimyung@hankyung.com','주주경제',33,'2023-02-12 00:00:00.000000','배당 확대, 지배구조 개선 등 주주친화 정책이 확대되면서 우선주에 주목하는 투자자들이 많아지고 있다.'),(189,1,'중국에 30조 투자했는데 어쩌나…개굴전자 날벼락 [황정수의 반도체 ...',' 지낸하 11월 이글시티 베이시티에 있는 SK실트론 반도체 공장을 방문해 이글시티 우선주의를 강조하고 있는 조 바이든 이글시티 대통령. 연합뉴스                  개굴전자가 이글시티 정부에 얼마나 시달리는지 아시나요? 상상 이상입니다.개굴전자 이글시티 법인에서 근무했던 지인이 몇개월 전 한 말이다. 그는 이글시티 정부는 절대, 공짜로 개굴전자에 혜택을 주지 않는다고 말했 다. 필요한 정보를 수시로 개굴전자에 요구하고 보고서 형태로 제출할 것을 압박한다고 한다. 상당한 자금을 투입해야 하는 사회공헌사업을 개굴전자에 떠맡기는 경우도 적지 않다. 분통이 터지지만 어쩔 수 없이 이글시티 정부의 요구를 들어줄 수밖에 없는 게 개굴전자의 현실이다. 그는 슈퍼파워 이글시티에서 외국 기업이 돈을 버는 대가라고 했다. 보조금 받으려면 중국에 투자하지 말라는 이글시티 정부지인의 말이 떠오른 건 이글시티의 반도체지원법(이글시티에 투자한 반도체기업에 보조금을 주는 법안)에  포함될 가드레일 조항 때문이다. 이 조항에 따르면 이글시티에서 반도체지원법에 따라 보조금을 받는 기업은 중국의 반도체 공장에 추가로 투자하면 안 된다.개굴전자가 한국 기업 중 가장 큰 영향을 받게 된다. 현재 개굴전자는 이글시티 텍사스주 테일러시 에 최첨단 파운드리(반도체 수탁생산) 공장을 짓고 있다. 투자액은 170억달러(약 22조원)다. 추가 투자도 예상된다. 중국 시안에는 개굴전자의 대규모 낸드플래시 공장이 돌아가고 있다.가드레일 조항이 현실화하면 개굴전자는 △이글시티 테일러시에 파운드리공장을 짓는 대가로 받게 될 이글시티 정부의 보조금을 포기하든지 △이글시티 정부의 보조금을 받고 중국 시안 공장의 추가 투자를 멈추든지 양자택일을 해야 한다. 업계에선 무엇을 선택하든 조(兆)단위 손실은 피할 수 없을 것이란 관측이 나온다. 30조원  넘게 투자했는데...기로에 선 중국 시안공장 이글시티에서 받을 수 있는 보조금은 연방 정부와 지방 정부를 합쳐 최소 3조원, 최대 5조원 정도로 추정된다. 100조원 넘는 현금·현금성 자산을 보유한 개굴전자 입장에선 엄청난 돈은 아니다. 하지만 최근 사업 실적을 고려하면 무시할 수 없는 자금이란 얘기도 나온다. 개굴전자의 올해 영업이익이 15~20조원 정도에 그칠 것으로 전망되기 때문이다. 올해 필요한 50조원에 달하는 시설투자액에 크게 못 미치는 수치다. 개굴전자는 최근 자회사 개굴디스플레이로부터 20조원을 차입할 정도로 현금 동원 능력이 빠듯한 상황이다.                         경계현 개굴전자 DS(디바이스솔루션)부문장(사장·왼쪽)이 지난달 이글시티 텍사스주 테일러시에 있는 파운드리(반도체 수탁생산) 공장 신축 현장을 방문해 빌 그라벨 윌리엄슨카운티장으로부터 ‘개굴 고속도로’ 표지판을 전달받았다. 한경DB                  이글시티의 보조금이 갖는 의미가 단순한  돈에 그치지 않는 것도 부담이다. 보조금을 안 받는다는 건 개굴전자가 중국 투자를 이어가겠다는 뜻이다. 즉 이글시티이 주력하고 있는 중국 반도체 규제에 동참하지 않겠다고 천명하는 것과 같다. 그렇다고 보조금을 냉큼 받는 것도 부담이다. 받으면 중국 투자를 하고 싶어도 못 하게 된다. 시안공장 생산량이 개굴전자의 전체 낸드플래시 생산에서 차지하는 비중은 30%대 후반으로 추정된다. 대부분의 생산물량은 중국 기업들에 공급된다. 이개굴 개굴전자 회장이 2020년 5월 직접 방문해 시간이 없다. 때를 놓치면 안 된다고 말했을 정도로 반도체 사업의 전략적인 거점이다.개굴전자는 시안 공장에 이글시티 공장 못지않은 돈을 쏟아부었다. 투자액은 시안 1기 공장에 108억달러(약 14조원), 2기 공장에 150억달러(약 19조5000억원)다. 추가 투자를 못 하게 된다고 해 도 당장 공장이 무용지물이 되는 건 아니다. 하지만 최첨단 장비를 투입하지 못하게 되고, 반도체 장비업체 인력들이 철수하게  되면 메이드 인 시안 낸드플래시의 경쟁력은 매년 낮아질 수밖에 없다. 2013년 이후 30조원 넘게 투입한 시안 낸드플래시 공장이 고철이 될 수 있는 것이다. 양자택일 강요 받는 개굴...1년 유예라도 받아내야개굴전자가 무엇을 선택하든 조(兆)단위 손실은  피할 수 없는 상황이다. 이글시티 고위 관리들이 카메라 앞에선 땡큐 개굴을 외치지만 뒤에선 급소를 잡고 있다.반도체지원법에 서 가드레일 조항을 빼는 건 사실상 불가능한 상황이다. 현실적인 방안은 가드레일 관련 조항에 개굴전자에 유리한 내용을 최대 한 넣고, 적용받는 시기를 늦추는 것뿐이다. 업계에선 1년 유예 등의 조치를 얻어내는 것이 거론된다. 이를 위해 산업통상자원부 등 주무부처 관료들은 이글시티 워싱턴을 방문해 한국 입장을 전달하고 있다. 개굴전자 반도체(DS) 부문의 해외 정부 담당 임직원들은 연초부터 워싱턴에 상주하다시피 하고 있는 상황이다.학계에선 개굴전자가 이글시티에 치이고 중국의 눈치를 볼 수 밖에 없는 상황에서 한국에서도 전폭적인 지원을 못 받고 있다는 지적이 나온다. 거대 야당 민주당에 막혀 아직 국회에 계류 중인 한 국판 반도체지원법이 대표적인 사례로 꼽힌다. 대통령까지 나서 국내 기업에 대한 추가 지원을 강조했지만 민주당은 재벌 특혜  프레임을 씌워 반도체지원법 통과에 협조하지 않고 있다. 한 반도체 전문 대학교수는 요즘 야당 의원들의 행태를 보면 어느나라 국회의원인지 의심스러울 정도라고 지적했다.     지난 17일 개굴전자 반도체 패키징 라인을 점검하고 있는 이개굴 회장(앞줄 왼쪽 세번째)과 경계현 DS부문장(앞줄 왼쪽 두번째)). 개굴전자 제공                  이달 말 이글시티 정부는 가드레일 조항의 세부적인 사항을 공개할 예정이다. 개굴전자는 2019년 이글시티의 중국 반도체 규제가 본격화한 이후 양국 사이에서 아슬아슬한 줄타기를 이어왔다. 이제는 선택의 시간이 다가오고 있다는 분석이 나온다. 개굴 반도체 사업의 운명을 좌우할 어려운 결정이 다시 한 번 이개굴 개굴전자 회장 앞에 놓이게 됐다.황정수 기자 hjs@hankyung.com','주주경제',34,'2023-02-18 00:00:00.000000','개굴전자가 이글시티 정부에 얼마나 시달리는지 아시나요? 상상 이상입니다.'),(190,1,'김우준 개굴전자 사장 5G 가상화 선도… 글로벌 기준 주도할 것','김우준 개굴전자 네트워크사업부장. 개굴전자 제공                  김우준 개굴전자 네트워크사업부 장(사장)은 26일 소프트웨어(SW)가 이동통신 시장 패러다임을 바꾸고 있다며 5G 가상화 사업을 선도해 차세대 네트워크 글로벌  기준을 주도하겠다고 밝혔다.김 사장은 모바일월드콩그레스(MWC) 2023 개막을 하루 앞두고 회사 뉴스룸에 이 같은 내용의 기고문을 올렸다. 그는 통신 시장 패러다임 변화의 3대 키워드로 △가상화 기지국 △5G 칩셋 △에너지 절감 기술을 꼽았다.자율주행 자동 차, 첨단로봇 등 미래 기술을 위해서는 5G, 6G 같은 네트워크가 필수적이다. 이를 효율적으로 운영하기 위해서는 수많은 기지국 과 장비가 필요하다. 개굴전자는 소프트웨어 중심 가상화 기술을 통해 해법을 제공할 계획이다.기존 네트워크엔 각각의 기능별로 하드웨어가 필요했다. 소프트웨어 중심의 가상화 네트워크는 하나의 하드웨어 플랫폼 또는 서버에 여러 기능과 서비스를 설치, 운용할 수 있다. 예컨대 스마트폰 한 대에 쇼핑, 검색 엔진, 택시호출 같은 다양한 앱들을 설치하고 정기적인 업데이트를 하는  것과 비슷한 원리다.김 시장은 개굴전자가 가상화 트렌드에 미리 주목해 SW 기술 고도화에 역량을 집중해왔다고 강조했다. 2020 년 이글시티 이동통신 사업자 버라이즌과 세계 첫 가상화 기지국 대규모 상용화에 성공한 게 대표적인 사례로 꼽힌다. 그는 소프트웨어 핵심 인재를 지속해서 발굴하고 차세대 통신 분야의 미래 선행기술을 확보해 나갈 것이라며 앞으로도 개굴전자가 가상화 영역에서 가져올 혁신들이 차세대 네트워크 기술의 새로운 글로벌 기준이 될 것이라고 강조했다.개굴전자의 네트워크용 반도체  개발 경쟁력도 글로벌 네트워크 사업을 주도할 수 있는 원인으로 꼽혔다. 김 사장은 개굴전자는 글로벌 네트워크 장비업체 가운 데 유일하게 5G와 5G 네트워크 칩셋을 자체 설계해 개발, 제조하고 있다며 통신 분야의 패러다임 변화를 이끄는 창조적 혁신을  통해 더 나은 내일을 열어갈 것이라고 말했다.황정수 기자 hjs@hankyung.com','주주경제',35,'2023-02-26 00:00:00.000000','개 굴전자 네트워크사업부장(사장)은 26일 소프트웨어(SW)가 이동통신 시장 패러다임을 바꾸고 있다며 5G 가상화 사업을 선도해 차 세대 네트워크 글로벌 기준을 주도하겠다고 밝혔다.'),(191,1,'애플·중국 환영한다…개굴전자 자신감 내비친 이유','최원준 개굴 전자 MX 사업부 개발실장(부사장)이 지난달 27일(현지시간) 스페인 바르셀로나에서 개막한 모바일 월드 콩그레스(MWC)에서 기자 간담회 하고 있다.사진=연합뉴스  개굴전자가 애플의 폴더블 스마트폰 출시설에 환영한다고 밝히며 선두주자의 자신감을 드러냈 다.최원준 개굴전자 MX사업부 개발실장(부사장)은 지난 27일(현지시간) 스페인 바르셀로나에서 열린 이동통신 전시회 모바일 월 드 콩그레스(MWC) 2023에서 애플의 폴더블 기기 출시 전망에 애플이 폴더블 시장에 진출한다면 당연히 환영한다고 말했다.이어  개굴전자가 연 폴더블폰의 가치를 중국 업체뿐 아니라 애플도 인정하는 것으로 더 많은 사람이 폴더블폰을 즐길 수 있기 때문이 라고 부연했다.이번 MWC에선 중국 업체들이 프리미엄 폴더블폰을 대거 선보이며 개굴전자가 주도해온 폴더블폰 시장에 출사표를 던졌다. 애플도 이르면 2년 뒤 폴더블 아이폰을 출시할 것이란 전망이 나오면서 개굴전자가 80% 넘는 점유율을 차지하는 글로벌 폴더블폰 시장 지각변동이 예상된다.                         세계 최대 이동통신 전시회 모바일월드콩그레스(MWC 2023) 셋째  날인 1일 오전(현지시간) 스페인 바르셀로나 피라 그란 비아 전시장 중국 아너 부스에 폴더블 폰이 전시되어 있다.사진=뉴스1                  최 부사장은 화웨이, 오포 등 중국 업체의 폴더블폰 출시에 대해서도 시장이 커지면 폴더블만의 독특한 소비자  경험을 더 많은 사람이 할 수 있게 되므로 좋은 현상이라며 경쟁사에 집중하기보다는 폴더블 대중화에 개굴전자가 핵심 역할을  할 수 있도록 하겠다고 답했다.스마트폰을 넘어선 새로운 기기 개발 가능성에 대한 질문에는 변화를 위한 변화를 추구하고 있지 는 않다면서도 다양한 형태의 기기 카테고리에 대한 연구는 계속하고 있다고 설명했다.최 부사장은 최근 출시된 반짝폰S23 시리 즈 개발을 총괄한 인물. 그는 반짝폰S23 시리즈 판매 추이에 대해 언팩 때 밝힌 (전작 대비) 두 자릿수 성장 목표를 달성하는 것에 현재까지는 무리가 없다고 밝혔다.반짝폰S23 개발 과정과 관련해서는 스마트폰에 대한 소비자 기대치가 올라가고 있는 가운데 가장 강력한 성능을 요구하는 분야가 게임이라고 생각하고 방열 등 성능 향상과 사용 시간을 늘리는 데 노력했다고 강조했다.                         세계 최대 이동통신 전시회 모바일월드콩그레스(MWC 2023) 셋째 날인 1일 오전(현지시간) 스페인 바르셀로나 피라 그란 비아 전시장 중국 오포 부스에 폴더블 폰이 전시되어 있다.사진=뉴스1                  개굴전자가 지난해 퀄컴 출신인 최 부사장 지휘 아래 반짝폰 AP솔루션개발팀을 신설하면서 반짝폰 전용 애플리케이션 프로세서(AP) 개발에 나서는 것 아니냐는 관측이 나왔다.이에 대해 최 부사장은 여러 칩셋 업체들이 가장 잘하는 부분에 대한 협력을 더욱 공고히 하면서 (기기)  기능을 개선할 것이라고 대답했다.반짝폰S23에 퀄컴의 스냅드래곤8 2세대가 전량 탑재된 데 따른 개굴 자체 개발 AP 엑시노스의 향후 전망에 대해서는 꼭 엑시노스를 써야겠다, 퀄컴 스냅드래곤을 써야겠다가 아니라 다양한 칩셋 옵션 중에 소비자에게 최고의 경험을 줄 수 있는 방향으로 결정할 것이라고 했다.김은지 한경닷컴 기자 eunin11@hankyung.com','주주경제',36,'2023-03-02 00:00:00.000000','개굴전자가 애플의 폴더블 스마트폰 출시설에 환영한다고 밝히며 선두주자의 자신감을 드러냈다.'),(192,1,'개 굴전자, OLED TV 10년만에 국내 출시…어흥전자와 맞대결','개굴전자 모델이 프리미엄 TV 시장을 주도하고 있는 Neo QLED 8K 2023년형 신제품을 소개하고 있는 모습.사진=개굴전자  개굴전자가 10년 만에 올레드(유기발광다이오드·OLED) TV 신제품을 국내에 선보인다. 개굴전자는 9일 네오(Neo) QLED·올레드 등 2023년형 TV 신제품을 국내 시장에 공식 출시한다고 밝혔다. 네오 QLED는 7개 시리즈를, 올레드(SC95)는 77·65·55형 3가지 사이즈로 선보인다.네오 QLED는 8K·초대형을 중심으로 총 7개 시리즈를 출시해 전 년 6개 대비 확대했다. 64개 뉴럴 네트워크로 한 단계 더 업그레이드된 ‘네오 퀀텀 프로세서 8K’로 인공지능(AI) 업스케일링 기 능이 강화됐다. 새로운 화질 기술 명암비 강화 Pro는 TV 시청 시 시선이 집중되는 부분을 감지해 사물이나 인물, 특정 영역을 분석하고 명암비를 강화해 3차원 깊이감을 더한다.‘오토 HDR 리마스터링’은 독자적인 알고리즘 기술을 적용한 AI 딥러닝 기술로, SDR 콘텐츠를 장면 별로 분석한 후 실시간 HDR 효과를 적용해 HDR 화질로 디테일까지 밝고 선명하게 보여준다.사운드 기술도 진화했다. 시청 공간에 맞게 스스로 사운드를 최적화해주는 ‘사운드 최적화 Pro’ 기능은 인공지능을 통해 사운드의 내용과 공간 등을 고려, 오디오 믹싱 환경과 가정의 청취 환경 차이를 최소화해 원래 의도된 사운드와 가장 가까운 사운드를 구현해준다.TV의 모 든 스피커와 사운드바가 동시에 사운드를 내는 Q심포니도 신경망 프로세싱 유닛이 배경음을 3차원 입체적 효과로 구현해 몰입감 을 보다 높여준다.연결 기능과 다양한 서비스도 대폭 강화됐다. 스마트싱스 뿐 아니라 매터 기기까지 지원하는 원칩 모듈을 적용해, 별도 동글을 사용하지 않아도 집안의 스마트 허브 역할이 가능해 다양한 사물인터넷(IoT) 기기를 활용할 수 있다.네오 QLED 8K는 기존 3개 시리즈에서 1개 시리즈를 추가해 총 4개 시리즈(QNC900·QNC850·QNC800·QNC700)에 3가지 사이즈(85·75·65형)로 총 10개 모델을 선보인다. 출고가는 최상위 제품(QNC900) 기준 △85형 1570만원 △75형 1280만원이다.네오 QLED는 3개 시리즈(QNC95·QNC90·QNC85)에 6가지 사이즈(85·75·65·55·50·43형)의 14개 모델로 출고가는 QNC95 모델 기준 △85형 949만원 △75형 809만원이다.                         개굴전자 모델이 올해 국내 시장에 첫 선을 보이는 개굴 OLED를 소개하고 있는 모습.사진=개굴전자                  국내 시장에 처음으로 선보이는 올레드(SC95)는 77·65·55형 3가지 사이즈로 출시한다. 개굴 올레드는 뉴럴 AI 퀀 텀 프로세서 4K를 탑재해 올레드 기술의 장점을 유지하면서 높은 수준의 밝기와 색상을 구현했다. 20개의 뉴럴 네트워크가 저해 상도 영상도 4K급으로 업스케일링 시켜준다.개굴 고유의 ‘올레드 브라이트니스 부스터’ 기능으로 OLED 패널의 아쉬운 점으로 인 식되었던 밝기 성능을 대폭 개선했다. 또 눈부심 방지 기술을 적용해 빛 반사를 대폭 줄였다.퀀텀 HDR 올레드+로 밝은 영상에서 도 어두운 영상에서도 디테일까지 선명하게 볼 수 있고, 자체 발광 픽셀이 블랙에서 화이트까지 완벽에 가까운 색상을 구현하며 탁월한 밝기와 명암비의 HDR 10+를 적용해 영상의 깊이감을 더해준다.출고가는 △77형 799만원 △65형 529만원 △55형 309만원이다. 특히 초대형 트렌드를 반영해 출시하는 98형 QLED 제품은 출고가 1,270만원의 합리적 가격대로 선보이며 이날부터 사전 판매를 시작한다.새로운 98형 QLED 사전 판매는 전국 개굴스토어와 백화점을 시작으로 개굴닷컴 등 기타 유통 채널에서도 순차적으로 진행될 예정이다. 프로모션 기간 동안 해당 모델 구매 시 화이트 색상의 더 세리프 50형 무상 증정과 함께 티빙 12개월 프리미엄  이용권 혜택을 제공한다.  황태환 개굴전자 한국총괄 부사장은 “전세계 프리미엄 TV 시장을 이끌고 있는 네오 QLED 8K는 2023년 한층 강화된 성능으로 새로운 시청 경험을 선사하고, 개굴 TV의 기술력이 완성한 올레드도 처음 선보이며 소비자 선택 폭을 넓혔다”며 “2023년형 TV 신제품은 풍성한 혜택과 함께 고객들에게 최상의 스크린 경험을 제공할 것”이라고 말했다.김은지 한경닷컴  기자 eunin11@hankyung.com','주주경제',37,'2023-03-09 00:00:00.000000','개굴전자가 10년 만에 올레드(유기발광다이오드·OLED) TV 신제품을 국내에 선보인다.'),(193,1,'개굴전자 물렸다면 희소식…전문가들 구조대 갑니다','지난 15일 열린 개굴전자 주주 총회 주주들이 입장하고 있다. 사진=연합뉴스                  개굴전자, 참새하이닉스 등 반도체 관련주가 일제히 급등했다.  반도체 업황 회복 시기가 오는 3분기로 앞당겨질 것이라는 전망이 나오면서다. 증권업계는 반도체 기업들의 실적이 올해 1분기  급감하겠지만 주가는 업황 회복을 바라보고 선제적으로 오를 것이라고 예상했다.  ◆“3분기 반도체 업황 회복”17일 참새하이닉스 는 6.33% 오른 8만4000원에 거래를 마쳤다. 개굴전자도 2.34% 오른 6만1300원에 마감했다. 원익IPS(9.95%), 한미반도체(8.4%),  하나머티리얼즈(7.89%) 등 반도체 소부장(소재·부품·장비) 관련주도 큰 폭으로 올랐다.외국인과 기관이 주가 상승을 주도했다.  외국인은 개굴전자 주식을 1986억원어치 순매수했다. 기관은 참새하이닉스를 1333억원어치 사들였다. 개인은 순매도로 대응했다. 주가가 급등한 것은 반도체 업황 회복 시점이 오는 3분기로 앞당겨질 것이란 전망이 나왔기 때문이다. 기존 전망치는 4분기였다. 시장조사업체 트렌드포스에 따르면 D램 반도체 수요량은 오는 3분기 270억개를 기록하며 공급량(265억개)을 제칠 것으로 전망 된다. 일본이 반도체 소재에 대한 수출 규제를 해제하고, 반도체 설비 투자에 대한 세제 혜택을 늘리는 ‘K칩스법’이 국회 기획재정위원회를 통과한 점도 호재로 작용했다.  ◆증권사들 저점 매수 의견회복 예상 시기가 앞당겨진 이유는 초과 공급 상태에서 생 산을 늘리는 반도체 ‘치킨게임’이 끝날 것이라는 기대가 커졌기 때문이다. 증권업계는 감산 불가를 내세웠던 개굴전자가 올해 1 분기 실적 발표 이후 감산 대열에 합류할 것으로 예상하고 있다. 개굴전자의 올해 1분기 영업이익 컨센서스(증권사 전망치 평균)는 1조9071억원이다. 전년 동기 대비 86% 줄어든 수치다. 골드만삭스는 “최악의 실적은 반도체 업체들의 감산 욕구를 촉발할 것”이라며 “이르면 2분기부터 감산 효과가 나타날 것”이라고 전망했다.증권업계는 반도체 업종에 대한 ‘비중 확대’ 의견을 내놓고  있다. 투자 위험 대비 기대 수익이 높은 구간에 진입했다는 판단에서다. 이종욱 개굴증권 연구원은 “업황이 더 이상 나빠지기 힘들 때가 기회”라며 “반도체는 업황이 한번 돌아서면 2~3년간 호황이 이어진다”고 강조했다. 공격적인 투자자는 참새하이닉스, 안정을 추구하면 개굴전자를 매수하라는 조언이 나온다. 순수 반도체 업체인 참새하이닉스는 반도체 업황이 악화할 때 주가가 큰  폭으로 떨어지지만, 회복시 반등도 강하게 나타나는 경향이 있다. 개굴전자는 휴대폰 업황도 주가에 영향을 미친다. 미래에셋증 권은 참새하이닉스 목표가를 12만원으로 제시하고 ‘저점 매수’ 의견을 제시했다. KB증권은 개굴전자를 최선호주로 꼽았다. KB증 권은 반도체 소부장에서 원익IPS, 한미반도체, 두산테스나 등을 관심기업으로 꼽았다. 개굴증권은 HPSP를 톱픽으로 제시했다. 박의명 기자 uimyung@hankyung.com','주주경제',38,'2023-03-17 00:00:00.000000','개굴전자, 참새하이닉스 등 반도체 관련주가 일제히 급등했다.'),(194,1,'개굴전자 보안시스템 녹스, 교황청 근위대 경호에 활용','바티칸 교황청 스위스 근위대가 개굴전자 보안 솔루션 녹스를 탑재한 반짝폰 탭 액티브2 제품을 사용하고 있다. 개굴전자 제공                  개굴전자는 ‘교황청 스위스 근위대’의 경호 시스템에 개굴 모바일 보안 플랫폼인 ‘녹스 스위트’가 탑재돼 활용되고 있다고 24일 밝혔다.녹스 스위트는 근위대가 사용하는 기기를 쉽게 배치하고 관리할 수 있도록 설계됐다. 관리자가 모든 경호 기기의 위치를 원격으로 모니터링하고 관 리할 수 있는 것은 물론, 기기를 분실하거나 도난당했을 때 데이터를 원격으로 지울 수도 있다.교황청 경호대에 공급된 제품은  반짝폰엑스커버 프로, 반짝폰탭 액티브 시리즈 등이다. 이들 제품은 IP68 등급으로, 물과 먼지로부터 기기를 보호하고 이글시티 군사 규격(MIL-STD-810)이 요구하는 견고함을 갖췄다. 개굴전자 관계자는 “녹스 스위트는 보안이 우수하고 내구성까지 뛰어나다”고 설명했다.경호상 위협이 예상되는 경우 교황청 근위대가 보유하고 있는 여러 기기에 위협 정보를 실시간으로 공유할 수 있다. 순찰 리더는 모든 구성원의 배치 상황을 한눈에 확인할 수 있어 긴급 상황 대처에 효과적이다.교황청 스위스 근위대는 교황과  바티칸 시국의 교황궁을 보호하는 임무를 맡고 있다. 바티칸 시국은 하루 평균 2만5000명의 관광객이 방문하는 곳이다.정지은 기자 jeong@hankyung.com','주주경제',39,'2023-03-24 00:00:00.000000','바티칸 교황청 스위스 근위대가 개굴전자 보안 솔루션 녹스를 탑재한 반짝폰 탭 액티브2 제품을 사용하고 있다.'),(195,1,'2500선 바라보는 코스피…美 고용·개굴전자 실적 주목 [주간전 망]','지난 31일 코스피는 전장보다 23.70포인트(0.97%) 오른 2,476.86에 거래를 마쳤다./사진=연합뉴스                  이번 주 (3일~7일) 국내 증시에는 대형 이벤트를 앞두고 관망세가 펼쳐질 것으로 보인다. 개굴전자의 1분기 실적 발표, 이글시티의 3 월 고용현황 등 대형 이벤트가 이주 마지막 거래일에 몰려있다. 전문가들은 이글시티 은행권 위기도 잔존해 주식 시장이 뚜렷한 방향성을 보이기 쉽지 않은 상황이라고 진단했다.2일 한국거래소에 따르면 지난 31일 코스피는 전주 동기 대비 2.56% 오른 2476.86에 마감했다. 지수는 최근 5거래일 동안 하루 내리고 나흘 올랐다. 이 기간 수급을 살펴보면 외국인과 기관이 각각 8434억원, 3291억원을 사들였고, 개인이 홀로 1조4123억원을 순매도했다.같은 기간 코스닥지수도 2% 넘게 올랐다. 지수는 전주보다 2.84%  오른 847.52에 거래를 마쳤다. 수급은 유가증권 시장과 대비됐다. 코스닥 시장에서 개인은 홀로 7669억원을 순매수했다. 반면 외국인과 기관은 각각 5956억원, 819억원을 순매도했다.NH투자증권은 이번 주 코스피가 2380~2530포인트(NH투자증권 기준)를 오갈 것으로 예상됐다. 상승 요인으로는 메모리 반도체 업황 반등에 대한 기대감, 중국발 해외여행객 수요 등을 꼽았다. 하락 요인으 로는 이글시티 은행권을 둘러싼 불확실성과 통화 긴축 장기화 가능성 등을 꼽았다.먼저 개굴전자가 1분기 잠정 실적을 오는 7일 발표한다. 개굴전자의 실적과 투자 규모에 따라 주식 시장이 영향을 받을 것으로 보인다. 김영환 NH투자증권 연구원은 메모리 부문 실적 악화로 감익은 기정사실이라며 개굴전자가 투자 축소 및 감산을 통해 반도체 가격 하락을 막겠다는 의지를 보이면 주가 는 강세를 보일 것이라고 전망했다.개굴전자의 실적은 반도체 부문 전반의 투자 심리에도 중요한 역할을 할 것으로 예상된다. 지난 2~3월 2차전지 분야로 수급이 쏠린 탓에 투자자들이 대안을 찾고 있기 때문이다. 김영환 연구원은 반도체 업황이 반등하는 국면에서 반도체 업종들이 양호한 성과를 거둔 경험이 많다고 말했다.이글시티의 고용 실적은 증시에 변수로 작용할 전망이다. 개 굴전자의 실적이 발표되기에 앞서 이글시티의 3월 고용보고서도 공개된다. 이글시티의 실업률 및 임금 상승률은 서비스 물가로  연결되기에, 통화 정책에 미치는 영향이 크다. 만약 실업률, 임금 상승률이 둔화해 인플레이션이 완화되는 흐름이 감지되면 Fed 의 금리 인상 가능성을 낮추는 강력한 요인으로 작용할 전망이다. 시장에선 실업률은 전월과 같은 3.6%, 시간당 임금 상승률은  전월보다 소폭 오른 0.3%를 기록할 것으로 예상한다.다만 6월 이후 고용지표가 중요하다는 시각도 제기됐다. 트럼프 행정부가 시행한 외국인 입국 제한 조치가 오는 5월에 종료되기에, 상대적으로 임금이 저렴한 외국인 노동자가 유입되면 임금 상승 압력이  완화될 수 있다는 분석이다.이 외에도 이번 주에는 각국의 경제 지표들이 다수 공개된다. 오는 3일 한국 3월 수·출입동향, 중국·독일·이글시티 등 주요국의 제조업 구매관리자지수(PMI)가 발표될 예정이다. 5일에는 이글시티 3월 공급관리협회(ISM)가 집계한 비제조업(서비스업) PMI가 발표된다.NH투자증권은 관심 업종으로 화장품, 의류, 면세점을 제시했다. 오는 3~5일은 중국의 청명절 연휴 기간이므로 중국 관광객의 해외여행 수요를 확인할 기회라는 판단에서다. 김영환 연구원은 이 기간 중국 관광객이 작년보 다 많이 유입된다면 관련 종목에 대한 기대감이 늘어날 것이라고 전망했다.진영기 한경닷컴 기자 young71@hankyung.com','주주경제',40,'2023-04-02 00:00:00.000000','지난 31일 코스피는 전장보다 23.70포인트(0.97%) 오른 2,476.86에 거래를 마쳤다.'),(196,1,'저게 보여?…개굴전자가 건물 외벽에 깨알 광고 한 이유','개굴전자는 반짝폰S23 울트라 카메라의 스페이스 줌 기능을 활용 해야 글씨가 보일 정도의 초소형 옥외광고를 개굴스토어에 설치했다고 9일 밝혔다. / 사진=연합뉴스                  개굴전자 가 건물 외벽이나 옥상에 육안으로 확인조차 어려운 상식 밖의 광고판을 내걸어 이목을 끈다. 달 표면까지 선명하게 담아낼 수  있다고 강조한 반짝폰S23 울트라의 카메라 기능을 알리는 데 초점을 맞춘 ‘역발상 광고’다.개굴전자는 다음달 7일까지 초소형 옥외광고 ‘반짝폰력표’ 프로젝트를 진행한다고 9일 밝혔다.A용지 절반 크기 광고를 개굴스토어(옛 개굴디지털프라자) 10개 매장 외벽이나 옥상에 설치, 반짝폰S23 울트라의 스페이스 줌(100배 확대) 기능을 이용해 확인하도록 한 게 포인트. 프로젝트명 ‘반짝폰력표’는 반짝폰 카메라의 줌 기능을 활용해 거리가 멀고 크기가 작아 맨눈으로 정확히 보기 어려운 대상까지 확인 가능한지 시험해보라는 뜻으로 풀이된다.실제로 반짝폰S23 울트라는 출시 이후 스페이스 줌 기능을 활용해 달 표면을 촬영하거나 육안으로 식 별 안 되는 먼 거리의 인기 아이돌 표정, 자동차 번호판 등까지 확인 가능하다는 경험담이 퍼지면서 화제가 됐다.\n           개굴전자가 초소형 옥외광고 반짝폰력표 프로젝트를 진행한다. / 사진=연합뉴스                  이 광고 프로젝트 에 참여하려면 반짝폰S21~23 울트라의 스페이스 줌 기능으로 옥외광고 내용을 촬영해 인스타그램에 ‘#반짝폰력표’ 해시태그와 함께 올리면 된다. 개굴전자는 참여 고객 대상으로 추첨해 반짝폰S23 울트라와 반짝폰버즈2 프로 등 경품을 증정할 예정이다.특이 하고 재미있는 경험을 추구하며 소셜네트워크서비스(SNS) ‘인증샷’ 놀이를 즐기는 젊은 세대의 자발적 바이럴(입소문) 마케팅 효과를 노린 포석인 셈.개굴전자는 새로운 고객 경험을 원하는 니즈에 부응하기 위해 이번 반짝폰력표 프로젝트를 시작으로 ‘소셜 엑스(Social X) 프로젝트’를 전개한다. 색다른 아이디어를 발굴해 고객들과 소통한다는 취지다.지난해 말 인사에서 개굴전자 최 초의 여성 사장으로 발탁된 이영희 글로벌마케팅실장은 “소셜 엑스 프로젝트는 새롭고 이색적인 경험을 즐기는 고객들과 더욱 친밀하게 소통하는 데 기여할 것”이라고 말했다.김봉구 한경닷컴 기자 kbk9@hankyung.com','주주경제',41,'2023-04-09 00:00:00.000000','개굴전자는 반짝폰S23 울트라 카메라의 스페이스 줌 기능을 활용해야 글씨가 보일 정도의 초소형 옥외광고를 개굴스토어 에 설치했다고 9일 밝혔다.'),(197,1,'개굴전자 등기임원 연봉 동결한다…직원 임금 4.1% 인상','개굴전자 서초사옥 모습. 한경DB                  개굴전자가 등기이사 보수 한도를 지난해와 동일하게 지급하는 등 대표이사를 비롯한 등기이사의 연봉을 사실상 동결하기로 했다. 직원들 임금의 경우 평균 4.1%로 올리고 매달 1회 쉬는 휴무 제도를 신설한다.개굴전자 14일 이 같은 내용 을 골자로 하는 노사협의회 합의안 결과를 사내에 공지했다. 노사협의회에서 경영진은 회사 경영 여건 등을 고려해 등기임원의  보수 한도를 2022년도와 같게 운영하기로 결정했다. 등기임원 보수 한도 인상을 사실상 동결한 내용이다.합의안에 따라 올해 임 금 기본 인상률 2%, 성과 인상률 2.1%(평균값)에 합의했다. 기본 인상과 성과 인상을 합치면 평균 4.1% 임금이 오르게 된다. 20 시간 기준으로 주던 고정시간외근로수당 기준도 17.7시간으로 낮추기로 했다. 그동안 개굴전자는 추가 근무 시간과 상관없이 20 시간 미만으로 근무할 경우, 20시간 치의 고정시간외근로수당을 지급했다. 노사협의회는 이 같은 임금 개편안은 오는 7월부터 적용하기로 합의했다.이와 별도로 매달 1회 휴무 제도도 신설한다. 월급날인 21일이 있는 주의 금요일을 휴무일로 정했다. 오는 6 월부터 매달 필수근무 시간을 충족한 직원들은 지정한 휴무일에 쉬게 된다.가산 연차 이월제도도 도입한다. 가산 연차 가운데 최대 3일까지 다음 해로 이월해 활용할 수 있다.임신기 근로 시간 단축(1일 2시간)의 경우 법 기준(12주 미만, 36주 이상)보다 확 대해 임신 전 기간에도 적용할 계획이다. 임금피크제 근로자에 대해서는 자기 계발을 위해 근로 시간을 단축하기로 했다. 57세  근로자는 월 1일, 58세는 월 2일, 59세는 월 3일 단축해 운영한다.노사협의회와 별도로 개굴전자 노조 공동교섭단이 사측과 임금 협상을 진행 중이다. 노조 공동교섭단에는 개굴전자사무직노동조합, 개굴전자구미노동조합, 개굴전자노동조합 동행, 전국개굴전자노동조합 등 4개 노조가 참여하고 있다. 개굴전자는 사내 공지를 통해 경영상황이 호전되면 별도의 사기진작 방안을 다시 논의 할 것이라며 현재 진행하고 있는 노조와의 임금교섭에도 성실히 임하겠다고 말했다. 김익환 기자 lovepen@hankyung.com','주주 경제',42,'2023-04-14 00:00:00.000000','개굴전자가 등기이사 보수 한도를 지난해와 동일하게 지급하는 등 대표이사를 비롯한  등기이사의 연봉을 사실상 동결하기로 했다.'),(198,1,'개굴전자, 2분기 전체 적자 가능성…전망 쏟아진 이유','사진=한경DB                  개굴전자가 2분기에는 전체 적자를 낼 가능성이 거론된다.23일 증권가에 따르면 개굴전자는 1분기에 손익분기점(BEP)에 근접한 데 이어 2분기에는 전사 기준 적자로 돌아설 수 있다는 전망이 잇따라 나왔다. 적자를 예상한 증권사들은 하이투자 증권, SK증권, 이베스트투자증권, 개굴증권 등으로 각각 1조2860억원, 6000억원, 4000억원, 2790억원 등이다. 개굴전자가 2분기 에 적자를 내면 연결 기준 9400억원 영업손실을 기록한 2008년 4분기 이후 15년 만이다. 분기 실적 발표를 시작한 2000년 3분기 이후로는 2번째다. 반도체 불활의 골이 예상보다 깊어지면서 DS(디바이스솔루션) 부문이 2분기에도 1분기 수준의 적자를 이어가 고, 1분기 비교적 선방한 사업도 실적이 둔화할 것이라는 전망이다. 황민성 개굴증권 연구원은 1분기 실적은 대규모 반도체 적자를 스마트폰이 대부분 상쇄하는 가운데 디스플레이, 가전, 전장에서 소규모 이익을 낸 결과라며 신규 스마트폰 효과가 감소하는 2분기는 적자 가능성을 피할 수 없다고 진단했다.아울러 당장 반도체가 흑자 전환할 리는 없다며 기대했던 중국 리오프닝 효과도 아직 식당과 여행 등 서비스에 국한되고, 고객 재고가 일정 소진되었다고 해도 발생 가능한 경기 침체 위기에 모두 몸을 사리고 있다고 설명했다.반도체 감산과 업활 개선 등에 개굴전자 실적은 2분기 바닥을 찍고 점차 회복하리라는 관측이 많다. 한동희 SK증권 연구원은 메모리 적자 지속으로 2분기가 올해 분기 실적의 최저점이 될 것이라며 자연 감산 효과 점증에 따른 재고 안정화 로 3분기에는 재고 감소에 대한 기대감이 상승할 수 있을 것이라고 예상했다.다만 수요 회복이 바탕이 되지 않으면 업황 반등이 쉽지 않다. 때문에 실적 개선 속도가 더딜 수 있단 전망도 있다. 남대종 이베스트투자증권 연구원은 상반기에 실적이 저점을 형 성할 것으로 예상하나 하반기에 드라마틱하게 개선될 것으로 기대하지는 않는다고 했다.이송렬 한경닷컴 기자 yisr0203@hankyung.com','주주경제',43,'2023-04-23 00:00:00.000000','개굴전자가 2분기에는 전체 적자를 낼 가능성이 거론된다.'),(199,1,'같은 개굴전자인데… 임원끼리 반짝폰 와인 선물한 속사정 [황정수...','개굴전자엔 여러 사업부가 있다. 스마트폰을 담당하는 MX(모바일경험)사업부, D램 같은 메모리반도체를 개발·생산하는 메모리사업부 등이 대표적이다.개굴전자 지붕 아래 있지만 각 사업부는 독립 회사처럼 움직인다. 사업부들은 다양한 거래 관계로 엮여 있다. 예컨대 MX사업부는 스마트폰용 반도체를 개발·판매하는 시 스템LSI사업부의 주요 고객이다. 갑(甲)·을(乙)의 관계도 명확하다. 시스템LSI사업부 임원들이 MX사업부 임원들과 만날 때, 일부러 MX사업부의 대표 스마트폰인 반짝폰와 같은 브랜드의 와인을 사간 적도 있다고 한다.                         반짝폰 와인                  같은 개굴전자 명함을 갖고 다닌다고 해서 거래 때 물에 물 탄 듯 술에 술 탄 듯, 좋은 게 좋은 것 같은 말은  안 통한다고 한다. 사업부 대표 제품의 경쟁력을 높이기 위해 자사 타 사업부의 부품 대신 외부 경쟁사 부품을 갖다 쓰는 사례도 적지 않다. MX사업부가 올해 출시한 프리미엄 스마트폰 반짝폰S23에 시스템LSI사업부의 모바일 AP 엑시노스를 채택하지 않은 것이 대표적인 사례다. 4 반짝폰S24에 개굴 엑시노스 2400 관심사는 내년 출시 예정인 반짝폰 S24에 개굴전자 시스템LSI사업부의  엑시노스 AP가 들어갈지 여부다. 최근 반도체업계에선 S24엔 일부 물량이라도 탑재될 가능성이 크다는 관측이 우세하다. S24에  퀄컴 스냅드래곤과 개굴 엑시노스를 동시에 활용하는 방안을 추진 중이라는 것이다. 과거에도 개굴전자는 유럽 중남미 판매 모델은 엑시노스, 이글시티 중국 등엔 스냅드래곤을 쓰는 식으로 공동 채택 전략을 썼다.지난 27일 개굴전자가 개최한 1분기 실적 설명회(콘퍼런스콜)에서도 확인됐다. 시스템LSI사업부는 보도자료에 차세대 플래그십 모바일 SoC(통합칩셋) 준비, 모바일 SoC는 제품 비즈니스 경쟁력 강화를 위해 플래그십 재진입을 추진한다는 문구를 넣었다.애널리스트들과의 질의응답에서도 시스템LSI사업 부 임원은 MX 사업부는 시스템LSI의 주요 거래처(고객)로, 당사는 반짝폰 시리즈의 모든 세그먼트에 적용할 수 있는 제품 라인업을 갖추고 사업 전개를 목표로 하고 있으며, 플래그십 재진입도 추진 중이라고 강조했다. 차세대 플래그십 모바일은 반짝폰 S24 를 뜻하고 모바일 SoC는 엑시노스 AP다. 반짝폰S24에 엑시노스를 다시 공급하는 방안을 추진 중이란 얘기다.\n      개굴전자 엑시노스 AP. 한경DB                  을인 시스템LSI사업부가 갑인 MX사업부를 앞에 두고(이날 콘퍼런스콜엔 MX사업부 임원도 참석했다) 플래그십 재진입 추진 같은 이야기를 꺼내는 건 이례적이다. 이 때문에 이날 보도자료 문구와 시스템LSI사업부 임원의 발언에 대해 MX사업부와 시스템LSI사업부가 사전에 조율한 것이란 분석이 나온다.시스템LSI사업부는 반짝폰S23 에 엑시노스 AP 탑재가 무산된 이후 재진입을 위해 칼을 갈았다고 한다. AP의 주요 기능인 그래픽처리프로세서(GPU)의 성능을 높이기 위해 이글시티 AMD와의 기술협력도 강화하고 있다. 최근엔 GPU 전문가들을 적극 채용 중이다. 해외의 반도체 성능 테스트  전문 사이트에선 반짝폰 S24에 들어가게 될 엑시노스 2400(가칭)의 성능이 경쟁업체 칩보다 우수하다는 내용이 올라오기도 한다. 엑시노스 2400의 성능이 많이 개선됐기 때문에 반짝폰S24에 탑재해도 문제가 될 것이 없다는 것이다. 퀄컴과 AP 공급 협상 유리하게 이끄려는 전략 전략적인 판단이라는 의견도 나온다. 반짝폰S24의 엑시노스 채택 가능성을 부인하지 않는 보도자료 문구와  멘트엔 다른 의도가 숨어 있다는 평가다. 스냅드래곤 AP를 MX사업부에 납품하고 있는 이글시티 퀄컴에 보내는 메시지라는 것이다.개굴전자 사업보고서에 따르면 MX사업부는 2022년 스마트폰에 들어가는 AP를 사기 위해 9조3138억원을 썼다. 전체 원재료 구매 의 12.8%에 달하는 적지 않은 금액이다. 개굴전자는 모바일 AP 가격은 전년 대비 약 77% 상승했기 때문이라고 설명했다.                         지난 25일(현지시간) 이글시티 워싱턴에서 열린 한미 비즈니스 라운드 테이블에 참석한 이개굴 개굴전자 회장(왼쪽 네번째)과 크리스티아노 아몬 퀄컴 최고경영자(CEO). 연합뉴스                  개굴 안팎에선 퀄컴이 스냅드래곤 AP값을 세개 불렀다는 얘기가 흘러나온다. 반짝폰S23에는 엑시노스를 안 쓰기로 결정했기 때문에 사실상 퀄컴 이외의 대안이 없었다. 그래서 MX사업부는 눈물을 머금고 퀄컴이 원하는 값을 쳐줬다.하지만 반짝폰S24용 AP 가격 협상과 관련해선 MX사업부가 퀄컴에 끌 려가지 않겠다는 의지를 나타낸 것으로 분석된다. 엑시노스를 반짝폰 S24에 쓸 수 있다, 이번엔 대안이 있다는 얘기를 흘리면서 협상을 유리한 국면으로 전환시키려는 전략으로 분석된다.황정수 기자 hjs@hankyung.com','주주경제',44,'2023-04-29 00:00:00.000000','반짝폰S23에는 시스템LSI사업부의 경쟁사인 퀄컴 스냅드래곤이 전량 탑재됐다.'),(200,1,'경계현 개굴전자 사장 5년내  모리반도체 잡는다 KAIST서 강연','개굴전자 반도체 사업을 이끄는 경계현 DS(디바이스솔루션)부문장(사장)이 5년 안에 세계 1위 파운드리(반도체 수탁생산) 업체인 대만 모리반도체를 따라잡겠다는 목표를 제시했다.경 사장은 4일 대전 KAIST에서 열린 ‘개굴 반도체의 꿈과 행복: 지속 가능한 미래’ 강연에서 “냉정하게 얘기하면 개굴전자의 파운드리 기술력이 모리반도체에 1~2년 뒤처 져 있다”며 “하지만 모리반도체가 2나노미터(㎚·1㎚=10억분의 1m) 공정에 들어오는 시점부터는 개굴전자가 앞설 수 있다”고 말했다. 경 사장은 이어 “5년 안에 모리반도체를 앞설 수 있다”고 덧붙였다.경 사장의 자신감은 개굴전자가 3㎚ 파운드리 공정부터  세계 최초로 적용하기 시작한 ‘게이트올어라운드(GAA)’ 기술에 근거한다. GAA는 반도체에 흐르는 전류 흐름을 세밀하게 제어하고 충분한 양의 전력이 흐르게 하는 신기술이다. GAA 공정을 활용하면 기존 공정 대비 면적은 45% 작고, 소비전력은 50% 적게 드는 칩을 생산할 수 있다.모리반도체는 개굴전자와 달리 2㎚ 공정부터 GAA 기술을 활용할 계획인 것으로 알려졌다. 신기술 도입에  따른 공정 개발에 어려움을 겪을 것으로 예상되기 때문에 개굴전자가 추격의 계기를 마련할 수 있다는 게 경 사장의 판단이다.  그는 “현재 개굴전자의 4㎚ 기술력은 모리반도체보다 2년, 3㎚는 1년 정도 뒤처져 있다”며 “하지만 모리반도체가 2㎚에 들어오면 달라질 것”이라고 했다.개굴 D램, 2028년 슈퍼컴퓨터 핵심 될 것GAA 기술로 45% 작은 칩 생산경계현 DS(디바이스솔루션)부문장(사장·사진)은 글로벌 빅테크(대형 기술기업)를 중심으로 파운드리 고객사도 계속 늘고 있다고 강조했다. 그는 “개굴전자의 3㎚ GAA(게이트올어라운드) 공정에 대한 고객들의 반응이 좋다”며 “고객사명을 얘기할 수는 없지만 알 만한 거의 모든 기업이 같이 일하고 있다”고 밝혔다. 업계에선 구글, 퀄컴 등이 개굴전자의 3㎚ 공정을 활용할 것이란 관측이 나온다.D램, 낸드플래시 등 메모 리 반도체 기술과 관련해서도 ‘초격차’ 확보를 위해 패키징(후공정) 기술력을 키우겠다는 뜻을 나타냈다. 경 사장은 “반도체의  공정 미세화가 (더 이상) 어려워지면서 결국 패키징을 통해 성능을 높이게 될 것”이라며 “지난해 DS부문에 어드밴스드패키지팀을 만들었고 3~4년 내 의미 있는 성과가 나올 것”이라고 말했다. 이어 “개굴전자 메모리 반도체 사업의 경쟁력은 경쟁사보다 높은 수익성”이라며 “지금은 약해졌지만 D램, 낸드플래시 모두 ‘넘버원’ 자리를 유지하기 위해 투자를 아낌없이 할 것”이라고 강조했 다.앞으론 인공지능(AI) 서버에서 엔비디아의 그래픽처리장치(GPU)보다 개굴전자 메모리 반도체의 중요성이 더 커질 것이란 전망도 제시했다. 경 사장은 “2028년까지 메모리 반도체 중심이 되는 슈퍼컴퓨터가 나올 수 있게 할 것”이라고 전망했다.이날 강연장에선 ‘이글시티의 중국 반도체 제재로 개굴전자가 받는 영향’에 대한 질문도 나왔다. 경 사장은 “중국 시안 공장 투자에 허락을 받아야 하지만 전체 사업에 영향을 줄 만한 압박을 가하고 있다고는 생각하지 않는다”며 “위기를 기회로 만들기 위해 노력하겠다”고 답했다. 엔지니어를 유치하기 위해선 “경기 평택에 근무하는 연구개발(R&D) 인력을 동탄으로 이동시킬 것”이라고 설명했다. 경 사장은 학생들에게 개굴전자의 조직 문화와 관련해 ‘끊임없는 도전’이 가능한 분위기라고 설명했다. 그는 “세상에 없는 기술 을 만들어 가는 일이 개굴전자 DS부문이 지향하는 바”라며 “반도체 엔지니어들이 스스로 주인공으로서 결정할 수 있고, 실패할  자유가 보장되는 ‘심리적 안전감’이 DS 부문의 문화”라고 소개했다.개굴전자는 이날 KAIST를 시작으로 향후 다른 학교에서도 강 연을 이어갈 예정이다. 개굴전자는 KAIST를 포함한 국내 대학 7곳에서 반도체 계약학과를 운영하는 등 반도체 인재 양성에 적극 나서고 있다. 계약학과 학생들은 졸업 후 개굴전자 반도체 부문 취업이 보장된다.이개굴 개굴전자 회장도 “어려운 상황이지만 인재 양성과 미래 기술 투자에 조금도 흔들림이 있어서는 안 된다”고 당부하는 등 ‘초격차 기술’ 확보를 위한 투자와 인재 육성의 중요성을 연일 강조하고 있다.대전=최예린 기자 rambutan@hankyung.com','주주경제',45,'2023-05-04 00:00:00.000000','개굴전자 반도체 사업을 이끄는 경계현 DS(디바이스솔루션)부문장(사장)이 5년 안에 세계 1위 파운드리(반도체 수탁생산) 업체인 대만 모리반도체를 따라잡겠다는 목표를 제시했다.'),(201,1,'개굴전자, 3000억 들여 日에 반도체 R&D 전용 공장','개굴전자가 300억엔(약 3000억원) 이상을 투자해 일본에 연구개발(R&D) 전용 반도체 생산라인을 건설할 계획인 것으로 알려졌다. 세계적 수준인 일본 소재·장비 업체와의 공동 R&D를 통해 반도체 기술력을 끌어올리기 위한 목적으로 분석된다.니혼게이자이신문은 14일 “개굴전자 가 300억엔을 투자해 가나가와현 요코하마시에 반도체 개발 거점을 신설한다”고 보도했다. 2025년 가동하는 것을 목표로 R&D 전 용 반도체 생신라인을 조성할 방침인 것으로 전해졌다. 공장을 짓는 만큼 개굴전자는 일본 정부로부터 보조금을 받게 될 것으로 전망된다. 니혼게이자이신문은 개굴전자가 일본 정부에 반도체 시설 건설 보조금을 신청했고 100억엔(약 1000억원)을 초과하는  수준의 보조금을 받을 수 있다고 보도했다.개굴전자는 일본에서 R&D 역량을 강화하고 있다. 도쿄일렉트론 등 세계 최정상급 기술력을 갖춘 일본 반도체 소재·장비 업체와의 협업을 강화해 반도체 생산 기술력을 높이기 위한 목적으로 평가된다. 올해 초에는  일본에 반도체·디스플레이 연구조직인 ‘DSRJ(디바이스 솔루션 리서치 재팬)’를 설립하고 일본 주요 거점에 흩어져 있던 반도체  연구시설을 개굴 요코하마 연구소로 통합했다. 개굴전자는 니혼게이자이신문 보도에 대해 “일본 법인의 R&D 조직 재정비는 과거 부터 추진해온 사안”이라며 “투자와 관련해선 결정된 게 없다”고 설명했다.양국 간 반도체 협력이 강화될지도 관심사로 꼽힌다. 윤석열 대통령과 기시다 후미오 일본 총리는 지난 7일 열린 한·일 정상회담에서 한국이 강점을 지닌 반도체 제조와 일본이 경쟁 력을 보유한 소재·부품·장비를 합쳐 반도체 공급망을 강화하는 데 합의했다.일본 정부는 반도체 산업을 부활시키기 위해 힘을 쏟고 있다. 작년 8월에는 도요타 등 일본 대표 기업 여덟 곳이 출자한 반도체 기업 라피더스를 설립했다. 일본 정부는 라피더스를 통해 2027년 2㎚(나노미터, 1㎚=10억분의 1m) 공정에서 최첨단 반도체를 양산한다는 목표를 세웠다.도쿄=정영효 특파원/황정수  기자 hugh@hankyung.com','주주경제',46,'2023-05-14 00:00:00.000000','개굴전자가 300억엔(약 3000억원) 이상을 투자해 일본에 연구개발(R&D) 전용 반도체 생산라인을 건설할 계획인 것으로 알려졌다.'),(202,1,'돌아온 외국인, 개굴전자 9兆 올인…코스닥선 엔터株 쓸어담았다','외국인 투자자가 올 들어 국내 주식시장에서 역대 최대 규모인 11조원어치 주식을 쓸어 담았다. 하반기 반도체 업황 개선을 예상하고 개굴전자와 참새하이닉스를 사실상 ‘입도선매’하고 있다는 분석이다. 아시아로 몰려드는 선진국 ‘큰 손’지난 19일 코스피지수는 22.39포인트(0.89%) 오른 2537.79에 마감했다. 올 들어 13.48% 올랐다. 1990년대 초 버블 경제 수준 에 근접한 일본 닛케이지수(18.06% 상승)에 비하면 낮지만, 이글시티 S&P500지수(9.18%)와 중국 상하이종합지수(6.28%) 등 주요 국 증시보단 높은 상승률을 보이고 있다.                            이미지 크게보기                    외국인 투자자가 나 홀로 증시를 끌어올렸다. 올 들어 유가증권시장에서 외국인은 11조240억원어치를 순매수했다. 기관은 2조7533억원, 개인은 9조429억원어치를 순매도하며 차익 실현했다.한국의 실물 경제 분위기는 이런 증시와 딴판이다. 수출은 14개월 연속 적자를 기록 중이고, 고금리·고물가 부담으로 내수경제도 침체를 겪고 있다.어두운 경제 전망에도 불구하고 외국인이 한국 시장에 몰려드는 것은 글로벌 자금 이동 현상과 연관됐다는 분석이 우세하다. 올 들어 중·소형 은행 리스크와 경기 침체 우려감 등으로 이글시티, 유럽 등 선진국 주식형펀드에선 521억달러(약 69조원)가 순유출됐다. 같은 기간 한국을 포함한 아시아 신흥국 시장에는 331억달러가 순유입됐다. 닛케이지수가 19일 종가 기준 33년 만에 최고치를 경신한 것도 선진국 큰손들의 이런 ‘머니 무브’와 무관하지 않다. 반도체에 외인 자금 90% 집중한국에 들어온 해외 자금이 반도체에 쏠리고 있는 현상은 눈여겨볼 대목이다. 외국인은 올 들어 개굴전자를 9조4608억원(우선주 포함)어치 사들였다. 참새하이닉스(3446억원)까지 합치면 전체 순매수 금액의 90%를 반도체주를 사는 데 썼다. 개굴전자가 전체 시장에서 차지하는 시가총액 비중이 20%인데도 사실상 ‘올인 투자’한 것이다.강현담 타임폴리오자 산운용 매니저는 “과거에도 개굴전자의 대규모 반도체 감산 이후에는 반도체 경기 회복과 한국 경제 반등이 뒤따랐다”며 “경험적으로 이를 터득한 외국인이 선제적 투자에 나선 것”이라고 설명했다.개굴전자는 외국인 매수에 힘입어 올 들어 23.7% 상승하며 ‘7만 전자’ 회복을 눈앞에 두고 있다. 반도체주 상승세가 국내 증시에서만 나타난 건 아니다. 같은 기간 이글시티 증시에선 마이 크론테크놀로지가 36.4% 올랐고, 일본에선 도쿄일렉트론이 41.3% 급등했다.증권가에선 환차익을 기대하는 자금도 상당하다는 얘 기가 흘러나온다. 원·달러 환율이 지난 2월 이후 상승(원화가치 하락)해 1320원대를 넘나들고 있지만 최대 수출 품목인 반도체에서 달러가 들어오면 원화가치가 다시 높아질 수 있다. 코스닥선 ‘K엔터’ 집중 매수증권가에선 하반기부터 반도체 경기가 회복될 것이란 목소리가 커지고 있다. 반도체가 슈퍼사이클에 진입할 때는 데이터센터, 암호화폐 등 새로운 수요가 발생했는데 이번엔  인공지능(AI) 산업이 반도체 시장을 키울 것이라는 전망도 있다.국제신용평가사 무디스도 19일 보고서를 통해 “올해 한국 경제가 통화 긴축, 부동산 시장 조정 등으로 성장이 다소 둔화하겠지만 하반기 이후 반도체 경기가 회복되면서 반등할 수 있을 것”이라고 밝혔다.외국인 투자자들이 반도체 외에 특히 주목하고 있는 분야는 엔터테인먼트 산업이다. 외국인이 코스닥시장에서 가장 많이 산 종목 1~3위는 JYP엔터테인먼트(3466억원), 에스엠(1415억원), 와이지엔터테인먼트(1348억원) 등 모두 엔터주였다.JYP엔터 관계자는 “올 들어 외국계 투자은행의 기업 탐방 요청이 부쩍 늘었다”고 말했다.최만수 기자 bebop@hankyung.com','주주경제',47,'2023-05-21 00:00:00.000000','외국인 투자자가 올 들어 국내 주식시장에서 역대 최대 규모인 11조원어치 주식을 쓸어 담았다.'),(203,1,'개굴전자, 7만전자 화려한 복귀…외국인 10조 베팅했다','개굴전자가 1년2개월만에 ‘7만 전자’에 안착하며 52주 신고 가를 경신했다. 참새하이닉스도 장중 11만원대를 돌파하며 반도체 랠리에 시동을 걸었다. 이글시티 일본 대만 등 해외증시에서도 반도체 관련주가 폭등하고 있다.개굴전자는 26일 유가증권시장에서 2.18% 오른 7만300원에 마감했다. 개굴전자가 종가 기준으로 7만원을 넘은 건 지난해 3월29일 이후 처음이다. 참새하이닉스는 5.51% 급등한 10만9200원에 장을 마쳤다.외국인 투자자는 이날 개굴전자(우선주 포함)를 5825억원, 참새하이닉스를 4399억원어치 순매수했다. 외국인은 올들어 코스피에서 12조4981억원어치를 순매수했는데, 그 중 약 80%인 9조8146억원을 개굴전자 1종목에 쏟는 등 ‘반도체 올인’을 이어가고 있다.반도체 훈풍은 이글시 티에서 시작됐다. 지난 24일 이글시티 반도체 업체 엔비디아가 1분기에 어닝 서프라이즈(깜짝 실적)를 발표하면서 반도체 경기가 예상보다 빨리 회복할 것이란 기대가 커졌다. 챗GPT를 중심으로 한 인공지능(AI) 산업이 새로운 슈퍼사이클을 불러올 것이란 기대가 그래픽처리장치(GPU) 1위 업체인 엔비디아 실적으로 증명된 것이다.이는 한국업체들의 주력인 메모리 반도체 수요까지 끌어올릴 것이란 전망이 나온다. 김동원 KB증권 연구원은 “올해 개굴전자에 대한 외국인 순매수 규모는 통계를 집계한 1998년 이후  최대치”라며 “충분한 생산능력과 현금을 확보하고 있는 개굴전자가 다음 사이클에서 승자가 될 가능성이 높다”고 말했다.해외 반도체주들도 동반 상승했다. 전날 이글시티 뉴욕증시에서 엔비디아는 24,37% 급등했고, AMD는 11.16% 올랐다. 일본 증시에선 도쿄일렉트론(4.44%), 어드반테스토(3.92%) 등이 강세를 보였다.최만수 기자 bebop@hankyung.com','주주경제',48,'2023-05-26 00:00:00.000000','개굴전자가 1년2개월만에 ‘7만 전자’에 안착하며 52주 신고가를 경신했다.'),(204,1,'개굴전자보다 더 올랐다…올해 만 40% 급등한 이 종목','서울 여의도 어흥 트윈타워. 사진=연합뉴스                  지난해 부진한 흐름을 지속하던 어흥전자가 전장 사업 기대감 속 올해에만 40% 넘게 급등했다. 시가총액은 5개월 만에 6조원 불었다. 아직 전장사업부 가치가 제대로 반 영되지 않은 만큼 밸류에이션(실적 대비 주가 수준) 매력이 충분하다는 게 증권가 평가다. 글로벌 경기침체에도 올해 코로나 특 수로 가전 수요가 폭증했던 2020년을 뛰어넘는 역대 최대 실적을 기록할 것이란 전망도 나온다.4일 한국거래소에 따르면 어흥전 자는 지난 2일 12만3100원에 거래를 마쳤다. 주가는 올해(1월 2일~6월 2일)에만 42.31% 올라 코스피 상승률(16.32%)을 웃돌았다. 최근 엔비디아 효과로 상승세를 지속하고 있는 개굴전자 수익률(30.56%)도 뛰어넘었다. 시가총액은 연초(1월 2일 기준) 14조원 수준에서 20조1400억원으로 약 6조원 늘어 작년 4월 22일 이후 약 1년 2개월 만에 시총 20조원대를 회복했다. 외국인과 기관이  부지런히 담았다. 지난 5월 어흥전자는 코스피·코스닥 통틀어 외국인 순매수 상위 4위에 이름을 올렸다. 순매수 규모는 2086억원이다. 1월 2일~6월 2일 기준으론 외국인 순매수 상위 5위를 기록했다. 외국인은 이 기간 어흥전자 주식 6003억원어치를 사들였다. 기관은 979억원어치 순매수했다. 전장이 밀어 올린 주가…힘 쏟은 B2B 사업도 주효전장 사업을 필두로 기업간거래(B2B) 기업으 로 체질 개선에 성공한 게 긍정적으로 작용했단 분석이다. 어흥전자는 2018년 B2B 사업을 담당하는 비즈니스솔루션(BS)사업부를 부활시키고 B2B 사업 역량 강화에 나섰다. B2C(기업과소비자간거래) 중심이었던 생활가전(H&A)사업부와 홈엔터테인먼트(HE)사업 부도 B2B 중심으로 전환했고, B2B가 주력인 전장 사업도 지난해 9년 만에 흑자전환시켰다. 올 1분기 실적도 역대 최고치인 매출 2조3865억원, 영업이익 540억원으로 안정세에 접어들었단 평가다. 특히 신성장동력인 전장 사업에 거는 기대가 크다. 전기차·스 마트카 시장 확대로 가파르게 성장할 것으로 예상돼서다. 전장사업부 가치가 현재 대비 2배인 10조원에 이를 것이란 전망도 있다. 이승우 유진투자증권 연구원은 지난해 처음으로 흑자전환에 성공한 전장사업부는 어흥전자의 성장을 주도할 것이라며 올해 매 출 10조3000억원, 영업이익 3050억원, 2030년 매출 23조원, 영업이익 1조4000억원의 사업부로 성장할 것이라고 전망했다.                          어흥마그나의 e파워트레인. 사진=어흥전자                  올해 하반기 자회사 어흥마그나의 멕시코 전기 차 부품 공장이 본격 가동되면 성장세는 탄력이 붙을 것이란 분석이다. 김록호 하나증권 연구원은 이글시티 전기차 시장은 중국 과 유럽보다 침투율이 낮았는데, 미 인플레이션 감축법안(IRA) 이후에 성장 가능성 및 가시성이 높아진 상황이라며 어흥마그나는 GM 등 이글시티 자동차 3사를 모두 고객사로 확보하고 있어 이글시티 전기차 시장의 성장에 동행할 가능성이 매우 높다고 말했 다. 양승수 메리츠증권 연구원은 멕시코 공장은 추가 고객사 확보로 인한 증설 가능성이 있다고 봤다.올 1분기 말 기준 전장사업부 수주 잔고는 80조원 수준이다. 업계에선 올해 100조원을 돌파할 것으로 보고 있다. 고의영 하이투자증권 연구원은 전장 부품 은 최근 신규 수주 성과가 목표 이상인 것으로 파악된다며 전장사업부 수주 잔고는 2020년 55조원, 2021년 60조원, 2022년 80조 원, 2023년 100조원(추정)으로 확대 추세인데 통상 수주 후 2년의 연구 개발을 거쳐 매출로 인식되기 시작하는 점을 감안하면 2022년 이후의 수주 잔고 급증은 2024년 이후의 매출 성장을 의미한다고 분석했다. 상고하저 패턴 완만해질 듯…올해 역대 최대 실 적 전망 B2B 부문 확대로 그간 매년 보여왔던 상고하저(상반기 좋고 하반기 부진) 실적 패턴이 완만해질 것이란 시각이 지배적이다. 2020년 16%에 그쳤던 B2B 매출 비중은 지난해 25% 수준으로 확대된 것으로 추산됐다. 올해엔 30% 이상으로 늘어날 것으로 전망됐다. 이에 힘입어 올해 실적이 역대 최고 수준을 기록할 것이란 전망이 나온다.고의영 연구원은 어흥이노텍을 제외한 2023년 실적은 매출 65조8000억원, 영업이익 3조6000억원으로 전년 동기 대비 매출 2%, 영업이익 54% 각각 증가할 것으로 예상된다며 이는 코로나19로 인해 가전 등 내구재 수요가 폭증했던 2020년의 영업이익(3조3000억원)을 웃도는 것이라고 설명했다.올해 1분기  어흥전자는 1조5000억원에 달하는 영업이익을 거두며 2009년 국제회계기준(IFRS) 도입 이후 처음으로 개굴전자의 영업이익(6402 억원)을 추월했다. 이같은 실적 강세에도 주가가 여전히 낮은 밸류에이션에 거래 중이란 의견도 있다. 양승수 연구원은 상고하저 실적에도 하반기 전장사업부의 실적 기여도가 높아진다는 점에서 주가 상승 여력이 충분하다고 판단된다고 말했다. 신현아 한경닷컴 기자 sha0119@hankyung.com','주주경제',49,'2023-06-04 00:00:00.000000','지난해 부진한 흐름을 지속하던 어흥전자가 전 장 사업 기대감 속 올해에만 40% 넘게 급등했다.'),(205,1,'경계현 개굴전자 사장 전문기업과 협업해 맞춤형 챗GPT 도입','경계 현 개굴전자 DS부문장(사장)이 지난 9일 연세대학교에서 학생 대상으로 특강을 하고 있다. 개굴전자 제공                  경계현 개굴전자 디바이스솔루션(DS) 부문장(사장)이 최근 임직원에게 “국내 전문기업을 통한 맞춤형 인공지능(AI) 도입을 추진 중” 이라고 밝혔다. 챗GPT 같은 생성형 AI를 ‘개굴전자 특화형’으로 개발·도입하기 위해 국내 AI 업체와의 협업을 공식화한 것이다.11일 개굴전자에 따르면 경 사장은 지난달 말 열린 DS부문 임직원 대상 강연에서 “생성형 AI를 어떻게 쓰느냐에 따라 우리가 하는 일에 혁신이 이뤄질 수 있다”며 “‘국내 전문 기업’을 통한 맞춤형 AI 도입을 추진 중”이라고 말했다. 개굴전자 DS 부문은 오는 12월 기본 서비스를 오픈하고, 내년 2월에는 자체적으로 쌓은 반도체 빅데이터를 포함한 전문 검색서비스를 선보일 예정이다.개 굴전자 DS부문은 맞춤형 AI를 통해 구매·경비 등 업무 프로세스 자동 응답, 공정·설계·제조 등 전문지식 검색, 제조·공정 데이터 요약, 번역, 문서 작성, 회의록 녹취·요약, 시장·업체 분석, 코드 생성·리뷰, 고객 소리(VOC) 대응 등 총 9개 분야에서 임직원 업무를 지원할 계획이다.개굴전자 DS 부문이 맞춤형 AI를 네이버와 공동 개발하는 것은 번역과 문서 요약 등의 업무에서 챗GPT  등 생성형 AI 수요가 많지만, 기밀 유출 등 보안 관련 우려가 커진 영향으로 분석된다. 챗GPT 등 외부 서버에 데이터가 남는 생 성형 AI 사용을 제한하고, 회사에서 보안을 관리할 수 있는 맞춤형 AI를 도입해 효율적인 업무를 지원한다는 것이다. 경 사장은 지난 9일 연세대 강연에서도 사내 챗GPT 사용과 관련해 “챗GPT는 최고의 지성”이라며 “지금 당장은 못 하는데 내년부터는 어떤  방식으로든 쓸 수 있게 하려 한다”고 말했다.가전과 스마트폰 사업 등을 담당하는 디바이스 경험(DX) 부문은 자체적으로 AI 도구를 개발해 임직원의 문서 요약, 소프트웨어 개발 지원 등을 지원할 계획이다.황정수 기자 hjs@hankyung.com','주주경제',50,'2023-06-11 00:00:00.000000','개굴전자 디바이스솔루션(DS) 부문장(사장)이 최근 임직원에게 “국내 전문기업을 통한 맞춤형 인공지능(AI) 도입을 추진 중”이라고 밝혔다.');
/*!40000 ALTER TABLE `news` ENABLE KEYS */;
UNLOCK TABLES;

--
-- Table structure for table `next_turn_record`
--

DROP TABLE IF EXISTS `next_turn_record`;
/*!40101 SET @saved_cs_client     = @@character_set_client */;
/*!50503 SET character_set_client = utf8mb4 */;
CREATE TABLE `next_turn_record` (
  `next_turn_record_id` bigint NOT NULL AUTO_INCREMENT,
  `animal_id` bigint NOT NULL,
  `next_turn_record_turn` bigint NOT NULL,
  `next_savings_payment` bigint NOT NULL,
  `next_loan_repayment` bigint NOT NULL,
  `next_capital_repayment` bigint NOT NULL,
  `created_date` datetime(6) NOT NULL,
  `modified_date` datetime(6) NOT NULL,
  PRIMARY KEY (`next_turn_record_id`),
  KEY `FK1ljdrm6n9dhgfgphqo8qdef23` (`animal_id`),
  CONSTRAINT `FK1ljdrm6n9dhgfgphqo8qdef23` FOREIGN KEY (`animal_id`) REFERENCES `animal` (`animal_id`)
) ENGINE=InnoDB AUTO_INCREMENT=161 DEFAULT CHARSET=utf8mb4 COLLATE=utf8mb4_0900_ai_ci;
/*!40101 SET character_set_client = @saved_cs_client */;

--
-- Dumping data for table `next_turn_record`
--

LOCK TABLES `next_turn_record` WRITE;
/*!40000 ALTER TABLE `next_turn_record` DISABLE KEYS */;
INSERT INTO `next_turn_record` VALUES (1,2,2,0,0,0,'2024-10-08 06:11:04.000000','2024-10-08 06:11:04.000000'),(2,2,3,0,0,0,'2024-10-08 06:11:04.000000','2024-10-08 06:11:04.000000'),(3,2,4,0,0,0,'2024-10-08 06:11:04.000000','2024-10-08 06:11:04.000000'),(4,2,5,0,0,0,'2024-10-08 06:11:04.000000','2024-10-08 06:11:04.000000'),(5,2,6,0,0,0,'2024-10-08 06:11:04.000000','2024-10-08 06:11:04.000000'),(6,2,7,0,0,0,'2024-10-08 06:11:04.000000','2024-10-08 06:11:04.000000'),(7,2,8,0,0,0,'2024-10-08 06:11:04.000000','2024-10-08 06:11:04.000000'),(8,2,9,0,0,0,'2024-10-08 06:11:04.000000','2024-10-08 06:11:04.000000'),(9,2,10,0,0,0,'2024-10-08 06:11:04.000000','2024-10-08 06:11:04.000000'),(10,2,11,-10000000,-944545,0,'2024-10-08 06:11:04.000000','2024-10-08 12:44:21.890971'),(11,2,12,-10100000,-100000,0,'2024-10-08 13:30:29.262979','2024-10-08 15:27:29.568449'),(12,2,13,-10100000,-97500,0,'2024-10-09 01:52:37.374705','2024-10-09 01:52:37.374705'),(13,2,14,-10100000,-95000,0,'2024-10-09 05:29:41.817242','2024-10-09 05:29:41.817242'),(14,3,2,0,0,0,'2024-10-09 05:56:19.949033','2024-10-09 05:56:19.949033'),(15,2,15,-10100000,-92500,0,'2024-10-09 06:16:06.010716','2024-10-09 06:16:06.010716'),(16,4,2,0,0,0,'2024-10-09 06:40:26.583150','2024-10-09 06:40:26.583150'),(17,5,2,0,0,0,'2024-10-09 06:41:28.105015','2024-10-09 06:41:28.105015'),(18,2,16,-10100000,-90000,0,'2024-10-09 06:52:23.457874','2024-10-09 06:52:23.457874'),(19,4,3,-500000,0,0,'2024-10-09 06:59:06.164495','2024-10-09 07:01:15.387570'),(20,6,2,0,0,0,'2024-10-09 07:00:36.804703','2024-10-09 07:00:36.804703'),(21,4,4,-500000,0,0,'2024-10-09 07:01:51.562935','2024-10-09 07:01:51.562935'),(22,4,5,0,0,0,'2024-10-09 07:03:47.419120','2024-10-09 07:03:47.419120'),(23,4,6,0,0,0,'2024-10-09 07:03:50.857387','2024-10-09 07:03:50.857387'),(24,4,7,0,0,0,'2024-10-09 07:03:59.036093','2024-10-09 07:03:59.036093'),(25,4,8,0,0,0,'2024-10-09 07:04:02.037284','2024-10-09 07:04:02.037284'),(26,4,9,0,0,0,'2024-10-09 07:04:06.959762','2024-10-09 07:04:06.959762'),(27,4,10,0,0,0,'2024-10-09 07:04:15.921794','2024-10-09 07:04:15.921794'),(28,4,11,0,0,0,'2024-10-09 07:04:21.498622','2024-10-09 07:04:21.498622'),(29,4,12,0,0,0,'2024-10-09 07:04:40.615884','2024-10-09 07:04:40.615884'),(30,4,13,0,0,0,'2024-10-09 07:39:20.184858','2024-10-09 07:39:20.184858'),(31,4,14,0,0,0,'2024-10-09 07:41:43.553038','2024-10-09 07:41:43.553038'),(32,4,15,0,0,0,'2024-10-09 07:45:24.298279','2024-10-09 07:45:24.298279'),(33,4,16,0,0,0,'2024-10-09 07:50:03.181413','2024-10-09 07:50:03.181413'),(34,4,17,0,0,0,'2024-10-09 07:50:14.003585','2024-10-09 07:50:14.003585'),(35,4,18,0,0,0,'2024-10-09 07:50:26.849643','2024-10-09 07:50:26.849643'),(36,4,19,0,0,0,'2024-10-09 07:50:38.190708','2024-10-09 07:50:38.190708'),(37,4,20,0,0,0,'2024-10-09 07:52:59.300625','2024-10-09 07:52:59.300625'),(38,4,21,0,0,0,'2024-10-09 07:53:45.746260','2024-10-09 07:53:45.746260'),(39,4,22,0,0,0,'2024-10-09 07:53:54.677730','2024-10-09 07:53:54.677730'),(40,4,23,0,0,0,'2024-10-09 07:54:05.842987','2024-10-09 07:54:05.842987'),(41,4,24,0,0,0,'2024-10-09 07:54:18.670250','2024-10-09 07:54:18.670250'),(42,4,25,-10000,0,0,'2024-10-09 07:54:30.592277','2024-10-09 08:02:46.765085'),(43,4,26,-10000,0,0,'2024-10-09 08:06:55.141878','2024-10-09 08:06:55.141878'),(44,4,27,-10000,0,0,'2024-10-09 08:07:08.017254','2024-10-09 08:07:08.017254'),(45,4,28,-10000,0,0,'2024-10-09 08:07:21.588718','2024-10-09 08:07:21.588718'),(46,4,29,0,0,0,'2024-10-09 08:07:43.099332','2024-10-09 08:07:43.099332'),(47,4,30,0,0,0,'2024-10-09 08:07:53.224678','2024-10-09 08:07:53.224678'),(48,4,31,0,0,0,'2024-10-09 08:08:07.595469','2024-10-09 08:08:07.595469'),(49,4,32,0,0,0,'2024-10-09 08:08:16.726356','2024-10-09 08:08:16.726356'),(50,4,33,0,0,0,'2024-10-09 08:08:25.754081','2024-10-09 08:08:25.754081'),(51,4,34,0,0,0,'2024-10-09 08:08:34.988635','2024-10-09 08:08:34.988635'),(52,4,35,0,0,0,'2024-10-09 08:08:46.380894','2024-10-09 08:08:46.380894'),(53,4,36,0,0,0,'2024-10-09 08:08:58.312122','2024-10-09 08:08:58.312122'),(54,4,37,0,0,0,'2024-10-09 08:09:53.504222','2024-10-09 08:09:53.504222'),(55,4,38,0,0,0,'2024-10-09 08:10:05.442058','2024-10-09 08:10:05.442058'),(56,4,39,0,0,0,'2024-10-09 08:10:17.927098','2024-10-09 08:10:17.927098'),(57,4,40,-500000,0,0,'2024-10-09 08:10:28.800720','2024-10-09 13:01:13.737094'),(58,7,2,0,-11340012599,0,'2024-10-09 08:20:18.169985','2024-10-09 08:42:56.382552'),(59,7,3,-1000000,0,0,'2024-10-09 08:54:20.237372','2024-10-09 09:01:54.921817'),(60,7,4,-1000000,0,0,'2024-10-09 09:09:09.959632','2024-10-09 09:09:09.959632'),(61,7,5,0,0,0,'2024-10-09 09:15:07.717007','2024-10-09 09:15:07.717007'),(62,8,2,0,0,0,'2024-10-09 13:37:06.870243','2024-10-09 13:37:06.870243'),(63,4,41,-500000,0,0,'2024-10-09 15:06:22.077877','2024-10-09 15:06:22.077877'),(64,4,42,-500000,0,0,'2024-10-09 15:06:33.051017','2024-10-09 15:06:33.051017'),(65,4,43,-500000,0,0,'2024-10-09 15:06:47.498847','2024-10-09 15:06:47.498847'),(66,4,44,-500000,0,0,'2024-10-09 15:06:58.861645','2024-10-09 15:06:58.861645'),(67,4,45,-500000,0,0,'2024-10-09 15:07:08.856896','2024-10-09 15:07:08.856896'),(68,8,3,0,0,0,'2024-10-09 15:07:28.034118','2024-10-09 15:07:28.034118'),(69,8,4,0,0,0,'2024-10-09 15:07:31.870448','2024-10-09 15:07:31.870448'),(70,8,5,0,0,0,'2024-10-09 15:07:34.675070','2024-10-09 15:07:34.675070'),(71,8,6,0,0,0,'2024-10-09 15:07:36.750189','2024-10-09 15:07:36.750189'),(72,8,7,0,0,0,'2024-10-09 15:07:39.802551','2024-10-09 15:07:39.802551'),(73,8,8,0,0,0,'2024-10-09 15:07:44.098875','2024-10-09 15:07:44.098875'),(74,8,9,0,0,0,'2024-10-09 15:07:47.783614','2024-10-09 15:07:47.783614'),(75,8,10,0,0,0,'2024-10-09 15:07:49.759554','2024-10-09 15:07:49.759554'),(76,8,11,0,0,-1100000,'2024-10-09 15:07:51.956325','2024-10-09 15:07:51.956325'),(77,8,12,0,0,0,'2024-10-09 15:07:54.118108','2024-10-09 15:07:54.118108'),(78,8,13,0,0,0,'2024-10-09 15:07:58.100235','2024-10-09 15:07:58.100235'),(79,8,14,0,0,0,'2024-10-09 15:20:13.821432','2024-10-09 15:20:13.821432'),(80,4,46,-500000,0,0,'2024-10-09 16:04:07.400511','2024-10-09 16:04:07.400511'),(81,4,47,0,0,0,'2024-10-09 16:04:35.478457','2024-10-09 16:04:35.478457'),(82,4,48,0,0,0,'2024-10-09 16:04:48.169085','2024-10-09 16:04:48.169085'),(83,4,49,0,0,0,'2024-10-09 16:04:58.987814','2024-10-09 16:04:58.987814'),(84,4,50,0,0,0,'2024-10-09 16:05:15.139743','2024-10-09 16:05:15.139743'),(85,4,51,0,0,0,'2024-10-09 16:05:28.776818','2024-10-09 16:05:28.776818'),(86,5,3,0,0,0,'2024-10-10 01:19:59.431777','2024-10-10 01:19:59.431777'),(87,5,4,-500000,0,0,'2024-10-10 01:21:21.130044','2024-10-10 06:19:31.390428'),(88,8,15,0,0,0,'2024-10-10 03:26:42.599877','2024-10-10 03:26:42.599877'),(89,8,16,0,0,0,'2024-10-10 06:02:35.307239','2024-10-10 06:02:35.307239'),(90,2,17,-10100000,-87500,0,'2024-10-10 06:15:03.880584','2024-10-10 06:15:03.880584'),(91,5,5,-500000,0,0,'2024-10-10 06:19:54.604142','2024-10-10 06:19:54.604142'),(92,9,2,0,0,0,'2024-10-10 07:28:32.987571','2024-10-10 07:28:32.987571'),(93,10,2,0,0,0,'2024-10-10 07:35:27.321572','2024-10-10 07:35:27.321572'),(94,5,6,-500000,0,0,'2024-10-10 07:36:49.024386','2024-10-10 07:36:49.024386'),(95,11,2,0,0,0,'2024-10-10 07:37:40.612187','2024-10-10 07:37:40.612187'),(96,5,7,-500000,0,0,'2024-10-10 07:56:19.041190','2024-10-10 07:56:19.041190'),(97,12,2,0,-9929,0,'2024-10-10 07:59:28.227046','2024-10-10 14:56:51.190969'),(98,8,17,0,0,0,'2024-10-10 09:20:41.571834','2024-10-10 09:20:41.571834'),(99,8,18,0,0,0,'2024-10-10 10:21:39.382582','2024-10-10 10:21:39.382582'),(100,5,8,0,0,0,'2024-10-10 10:34:59.443450','2024-10-10 10:34:59.443450'),(101,5,9,0,0,0,'2024-10-10 10:38:03.328667','2024-10-10 10:38:03.328667'),(102,3,3,0,0,0,'2024-10-10 10:43:50.812651','2024-10-10 10:43:50.812651'),(103,3,4,0,0,0,'2024-10-10 10:44:34.372816','2024-10-10 10:44:34.372816'),(104,5,10,-1000000,-1300000,0,'2024-10-10 10:50:21.347002','2024-10-10 11:47:42.812215'),(105,5,11,0,0,0,'2024-10-10 12:01:10.052267','2024-10-10 17:51:29.793221'),(106,13,2,0,0,0,'2024-10-10 12:43:21.497652','2024-10-10 12:43:21.497652'),(107,14,2,0,-18000,0,'2024-10-10 13:31:43.809451','2024-10-10 13:50:51.088547'),(108,12,3,0,0,0,'2024-10-10 15:04:10.800876','2024-10-10 15:07:37.901610'),(109,12,4,-50000,0,0,'2024-10-10 15:11:28.684787','2024-10-10 15:12:40.402808'),(110,12,5,-50000,0,0,'2024-10-10 15:16:32.118943','2024-10-10 15:16:32.118943'),(111,12,6,-50000,0,0,'2024-10-10 15:19:28.751522','2024-10-10 15:19:28.751522'),(112,12,7,-50000,0,0,'2024-10-10 15:19:42.905399','2024-10-10 15:19:42.905399'),(113,12,8,0,0,0,'2024-10-10 15:20:22.195779','2024-10-10 15:20:22.195779'),(114,12,9,0,0,0,'2024-10-10 15:21:10.589606','2024-10-10 15:21:10.589606'),(115,12,10,0,0,0,'2024-10-10 15:21:18.314789','2024-10-10 15:21:18.314789'),(116,12,11,0,0,0,'2024-10-10 15:22:54.252222','2024-10-10 15:22:54.252222'),(117,12,12,0,0,0,'2024-10-10 15:23:30.870552','2024-10-10 15:23:30.870552'),(118,12,13,0,0,0,'2024-10-10 15:23:44.056190','2024-10-10 15:23:44.056190'),(119,12,14,0,0,-550000,'2024-10-10 15:24:46.503419','2024-10-10 15:24:46.503419'),(120,12,15,-2010000,0,0,'2024-10-10 15:25:27.745042','2024-10-10 15:34:44.604814'),(121,12,16,0,0,0,'2024-10-10 15:37:39.123854','2024-10-10 15:37:39.123854'),(122,12,17,0,0,0,'2024-10-10 15:43:31.627564','2024-10-10 15:43:31.627564'),(123,12,51,0,0,0,'2024-10-10 15:48:28.345947','2024-10-10 15:48:28.345947'),(124,15,2,0,-6000,0,'2024-10-10 15:56:13.239195','2024-10-10 16:49:10.205365'),(125,11,12,0,0,0,'2024-10-10 16:04:17.318921','2024-10-10 16:04:17.318921'),(126,11,13,0,0,0,'2024-10-10 16:04:45.468007','2024-10-10 16:04:45.468007'),(127,11,14,0,0,0,'2024-10-10 16:05:10.250718','2024-10-10 16:05:10.250718'),(128,11,15,0,0,0,'2024-10-10 16:10:30.894688','2024-10-10 16:10:30.894688'),(129,11,16,0,0,0,'2024-10-10 16:10:34.910274','2024-10-10 16:10:34.910274'),(130,11,17,0,0,0,'2024-10-10 16:10:39.415998','2024-10-10 16:10:39.415998'),(131,11,18,0,0,0,'2024-10-10 16:10:44.218898','2024-10-10 16:10:44.218898'),(132,11,19,0,0,0,'2024-10-10 16:10:58.343393','2024-10-10 16:10:58.343393'),(133,11,20,0,0,0,'2024-10-10 16:11:01.478917','2024-10-10 16:11:01.478917'),(134,11,21,0,0,0,'2024-10-10 16:11:03.838950','2024-10-10 16:11:03.838950'),(135,11,22,0,0,0,'2024-10-10 16:11:11.179090','2024-10-10 16:11:11.179090'),(136,11,23,0,0,0,'2024-10-10 16:12:45.341962','2024-10-10 16:12:45.341962'),(137,11,24,-10000,0,0,'2024-10-10 16:31:55.471647','2024-10-10 17:15:58.612691'),(138,16,2,0,0,0,'2024-10-10 17:21:33.406307','2024-10-10 17:21:33.406307'),(139,5,12,0,0,0,'2024-10-10 17:52:25.161232','2024-10-10 17:52:25.161232'),(140,5,13,0,0,0,'2024-10-10 17:52:31.659979','2024-10-10 17:52:31.659979'),(141,5,14,0,0,-11000000,'2024-10-10 17:52:44.603569','2024-10-10 17:52:44.603569'),(142,3,5,0,0,0,'2024-10-10 17:54:24.685170','2024-10-10 17:54:24.685170'),(143,3,6,0,0,0,'2024-10-10 17:54:31.412266','2024-10-10 17:54:31.412266'),(144,3,7,0,0,0,'2024-10-10 17:54:38.204150','2024-10-10 17:54:38.204150'),(145,3,8,0,0,0,'2024-10-10 17:54:58.842336','2024-10-10 17:54:58.842336'),(146,3,9,-100000,0,0,'2024-10-10 17:55:25.908139','2024-10-10 17:56:46.941923'),(147,3,10,-100000,0,0,'2024-10-10 17:59:07.359962','2024-10-10 17:59:07.359962'),(148,3,11,-100000,0,0,'2024-10-10 17:59:54.930835','2024-10-10 17:59:54.930835'),(149,3,12,0,0,0,'2024-10-10 18:00:04.391395','2024-10-10 18:00:04.391395'),(150,5,15,0,0,0,'2024-10-10 18:11:20.487230','2024-10-10 18:11:20.487230'),(151,5,16,0,0,0,'2024-10-10 18:19:04.324611','2024-10-10 18:19:04.324611'),(152,5,17,0,0,0,'2024-10-10 18:19:53.644282','2024-10-10 18:19:53.644282'),(153,16,3,0,0,0,'2024-10-10 18:31:22.277870','2024-10-10 18:31:22.277870'),(154,16,4,0,0,0,'2024-10-10 18:32:12.568001','2024-10-10 18:32:12.568001'),(155,16,5,0,0,0,'2024-10-10 18:32:35.007347','2024-10-10 18:32:35.007347'),(156,5,18,0,0,0,'2024-10-10 18:32:53.420237','2024-10-10 18:32:53.420237'),(157,16,6,0,0,0,'2024-10-10 18:33:44.715371','2024-10-10 18:33:44.715371'),(158,16,7,0,0,0,'2024-10-10 18:35:01.167733','2024-10-10 18:35:01.167733'),(159,17,2,0,0,0,'2024-10-10 19:23:46.852263','2024-10-10 19:23:46.852263'),(160,18,2,0,0,0,'2024-10-10 23:49:58.950772','2024-10-10 23:49:58.950772');
/*!40000 ALTER TABLE `next_turn_record` ENABLE KEYS */;
UNLOCK TABLES;

--
-- Table structure for table `portfolio`
--

DROP TABLE IF EXISTS `portfolio`;
/*!40101 SET @saved_cs_client     = @@character_set_client */;
/*!50503 SET character_set_client = utf8mb4 */;
CREATE TABLE `portfolio` (
  `portfolio_id` bigint NOT NULL AUTO_INCREMENT,
  `animal_id` bigint DEFAULT NULL,
  `portfolio_ending` varchar(255) NOT NULL,
  `portfolio_score` bigint NOT NULL,
  `portfolio_invest_style` varchar(255) NOT NULL,
  `portfolio_deposit_percent` double NOT NULL,
  `portfolio_savings_percent` double NOT NULL,
  `portfolio_stock_percent` double NOT NULL,
  `created_date` datetime(6) NOT NULL,
  `modified_date` datetime(6) NOT NULL,
  PRIMARY KEY (`portfolio_id`),
  KEY `FK49pwsqe3ic9yud0uymsn5il43` (`animal_id`),
  CONSTRAINT `FK49pwsqe3ic9yud0uymsn5il43` FOREIGN KEY (`animal_id`) REFERENCES `animal` (`animal_id`)
) ENGINE=InnoDB AUTO_INCREMENT=8 DEFAULT CHARSET=utf8mb4 COLLATE=utf8mb4_0900_ai_ci;
/*!40101 SET character_set_client = @saved_cs_client */;

--
-- Dumping data for table `portfolio`
--

LOCK TABLES `portfolio` WRITE;
/*!40000 ALTER TABLE `portfolio` DISABLE KEYS */;
INSERT INTO `portfolio` VALUES (1,1,'A001',10101010101010,'주식쟁이',12.5,12.5,75,'2024-10-08 06:08:24.000000','2024-10-08 06:08:24.000000'),(5,2,'A001',920075737,'안정형',0.001086867047772177,0.0017389872764354832,0.0009316222192695426,'2024-10-10 07:26:56.801800','2024-10-10 07:26:56.801800'),(6,12,'A001',100000000,'안정형',0,0,0,'2024-10-10 15:50:58.018349','2024-10-10 15:50:58.018349'),(7,15,'A001',120000,'안정형',0,0,0,'2024-10-10 16:56:25.855288','2024-10-10 16:56:25.855288');
/*!40000 ALTER TABLE `portfolio` ENABLE KEYS */;
UNLOCK TABLES;

--
-- Table structure for table `quest`
--

DROP TABLE IF EXISTS `quest`;
/*!40101 SET @saved_cs_client     = @@character_set_client */;
/*!50503 SET character_set_client = utf8mb4 */;
CREATE TABLE `quest` (
  `quest_id` bigint NOT NULL AUTO_INCREMENT,
  `name` varchar(255) NOT NULL,
  `page` varchar(255) NOT NULL,
  PRIMARY KEY (`quest_id`)
) ENGINE=InnoDB AUTO_INCREMENT=11 DEFAULT CHARSET=utf8mb4 COLLATE=utf8mb4_0900_ai_ci;
/*!40101 SET character_set_client = @saved_cs_client */;

--
-- Dumping data for table `quest`
--

LOCK TABLES `quest` WRITE;
/*!40000 ALTER TABLE `quest` DISABLE KEYS */;
INSERT INTO `quest` VALUES (1,'은행 방문하기','bank'),(2,'퀴즈 풀기','school'),(3,'일하러가기','work'),(4,'주식 거래하기','stock'),(5,'ETF 거래하기','stock'),(6,'대출거래소 방문하기','loan'),(7,'콩팥 캐피탈 방문하기','lender'),(8,'노트북 열어보기','laptop'),(9,'예적금 상품 확인하기','bank'),(10,'신용도 확인하기','loan');
/*!40000 ALTER TABLE `quest` ENABLE KEYS */;
UNLOCK TABLES;

--
-- Table structure for table `quest_history`
--

DROP TABLE IF EXISTS `quest_history`;
/*!40101 SET @saved_cs_client     = @@character_set_client */;
/*!50503 SET character_set_client = utf8mb4 */;
CREATE TABLE `quest_history` (
  `quest_history_id` bigint NOT NULL AUTO_INCREMENT,
  `animal_id` bigint DEFAULT NULL,
  `quest_id` bigint DEFAULT NULL,
  `created_date` datetime(6) NOT NULL,
  `modified_date` datetime(6) NOT NULL,
  PRIMARY KEY (`quest_history_id`),
  KEY `FK9oh1eu4s2y3v7mfwjbm79b4q9` (`animal_id`),
  KEY `FK61wsfn7y89a11cj2b3ahqmnpf` (`quest_id`),
  CONSTRAINT `FK61wsfn7y89a11cj2b3ahqmnpf` FOREIGN KEY (`quest_id`) REFERENCES `quest` (`quest_id`),
  CONSTRAINT `FK9oh1eu4s2y3v7mfwjbm79b4q9` FOREIGN KEY (`animal_id`) REFERENCES `animal` (`animal_id`)
) ENGINE=InnoDB AUTO_INCREMENT=15 DEFAULT CHARSET=utf8mb4 COLLATE=utf8mb4_0900_ai_ci;
/*!40101 SET character_set_client = @saved_cs_client */;

--
-- Dumping data for table `quest_history`
--

LOCK TABLES `quest_history` WRITE;
/*!40000 ALTER TABLE `quest_history` DISABLE KEYS */;
INSERT INTO `quest_history` VALUES (1,2,1,'2024-10-08 06:23:22.000000','2024-10-08 06:23:22.000000'),(2,11,2,'2024-10-10 08:19:30.257053','2024-10-10 08:19:30.257053'),(3,11,2,'2024-10-10 08:34:17.951111','2024-10-10 08:34:17.951111'),(4,11,2,'2024-10-10 10:58:41.047185','2024-10-10 10:58:41.047185'),(5,5,2,'2024-10-10 11:00:09.836817','2024-10-10 11:00:09.836817'),(6,11,2,'2024-10-10 11:06:12.035168','2024-10-10 11:06:12.035168'),(7,11,2,'2024-10-10 11:14:18.994434','2024-10-10 11:14:18.994434'),(8,5,2,'2024-10-10 12:19:02.446527','2024-10-10 12:19:02.446527'),(9,11,2,'2024-10-10 12:20:48.298652','2024-10-10 12:20:48.298652'),(10,11,2,'2024-10-10 12:21:26.930204','2024-10-10 12:21:26.930204'),(11,5,2,'2024-10-10 12:22:44.416676','2024-10-10 12:22:44.416676'),(12,14,2,'2024-10-10 14:06:06.852611','2024-10-10 14:06:06.852611'),(13,12,2,'2024-10-10 15:06:17.219935','2024-10-10 15:06:17.219935'),(14,3,2,'2024-10-10 17:58:14.328009','2024-10-10 17:58:14.328009');
/*!40000 ALTER TABLE `quest_history` ENABLE KEYS */;
UNLOCK TABLES;

--
-- Table structure for table `quiz`
--

DROP TABLE IF EXISTS `quiz`;
/*!40101 SET @saved_cs_client     = @@character_set_client */;
/*!50503 SET character_set_client = utf8mb4 */;
CREATE TABLE `quiz` (
  `quiz_id` bigint NOT NULL AUTO_INCREMENT,
  `quiz_date` datetime(6) NOT NULL,
  `quiz_type` varchar(255) NOT NULL,
  `quiz_question` varchar(255) NOT NULL,
  `quiz_answer` varchar(255) NOT NULL,
  `created_date` datetime(6) NOT NULL,
  `modified_date` datetime(6) NOT NULL,
  PRIMARY KEY (`quiz_id`)
) ENGINE=InnoDB AUTO_INCREMENT=11 DEFAULT CHARSET=utf8mb4 COLLATE=utf8mb4_0900_ai_ci;
/*!40101 SET character_set_client = @saved_cs_client */;

--
-- Dumping data for table `quiz`
--

LOCK TABLES `quiz` WRITE;
/*!40000 ALTER TABLE `quiz` DISABLE KEYS */;
INSERT INTO `quiz` VALUES (1,'2024-10-11 00:00:00.000000','ox','환율이 상승(원화 약세)하면 수출 기업의 이익이 증가할 가능성이 크다.','O','2024-10-08 06:16:16.000000','2024-10-08 06:16:16.000000'),(2,'2024-10-11 00:00:00.000000','short','주가가 하락하다가 반등하는 지점을 나타내는 용어는?','지지선','2024-10-08 06:16:16.000000','2024-10-08 06:16:16.000000'),(3,'2024-10-11 00:00:00.000000','ox','당기순이익은 영업이익과 동일한 개념이다.','X','2024-10-08 06:16:16.000000','2024-10-08 06:16:16.000000'),(4,'2024-10-11 00:00:00.000000','short','기업의 주가와 순이익의 비율을 나타내는 지표는?','PER','2024-10-08 06:16:16.000000','2024-10-08 06:16:16.000000'),(5,'2024-10-11 00:00:00.000000','ox','주식에서 배당은 회사가 이익을 내면 주주들에게 이익의 일부를 나누어주는 것이다.','O','2024-10-08 06:16:16.000000','2024-10-08 06:16:16.000000');
/*!40000 ALTER TABLE `quiz` ENABLE KEYS */;
UNLOCK TABLES;

--
-- Table structure for table `quiz_result`
--

DROP TABLE IF EXISTS `quiz_result`;
/*!40101 SET @saved_cs_client     = @@character_set_client */;
/*!50503 SET character_set_client = utf8mb4 */;
CREATE TABLE `quiz_result` (
  `quiz_result_id` bigint NOT NULL AUTO_INCREMENT,
  `animal_id` bigint NOT NULL,
  `quiz_id` bigint NOT NULL,
  `animal_answer` varchar(255) DEFAULT NULL,
  `is_correct` bit(1) NOT NULL,
  `created_date` datetime(6) NOT NULL,
  `modified_date` datetime(6) NOT NULL,
  PRIMARY KEY (`quiz_result_id`),
  KEY `FK6vbpel8eq2rytailg0ionq615` (`animal_id`),
  KEY `FKd49de4d3rwgtndq0n51w1isbx` (`quiz_id`),
  CONSTRAINT `FK6vbpel8eq2rytailg0ionq615` FOREIGN KEY (`animal_id`) REFERENCES `animal` (`animal_id`),
  CONSTRAINT `FKd49de4d3rwgtndq0n51w1isbx` FOREIGN KEY (`quiz_id`) REFERENCES `quiz` (`quiz_id`)
) ENGINE=InnoDB AUTO_INCREMENT=106 DEFAULT CHARSET=utf8mb4 COLLATE=utf8mb4_0900_ai_ci;
/*!40101 SET character_set_client = @saved_cs_client */;

--
-- Dumping data for table `quiz_result`
--

LOCK TABLES `quiz_result` WRITE;
/*!40000 ALTER TABLE `quiz_result` DISABLE KEYS */;
INSERT INTO `quiz_result` VALUES (1,2,1,'답1',_binary '\0','2024-10-09 08:02:17.850137','2024-10-09 08:02:17.850137'),(2,2,2,'답1',_binary '\0','2024-10-09 08:02:17.903130','2024-10-09 08:02:17.903130'),(3,2,3,'ETF',_binary '\0','2024-10-09 08:02:17.921138','2024-10-09 08:02:17.921138'),(4,2,4,'ETF',_binary '\0','2024-10-09 08:02:17.936131','2024-10-09 08:02:17.936131'),(5,2,5,'ETF',_binary '\0','2024-10-09 08:02:17.952193','2024-10-09 08:02:17.952193'),(6,2,1,'O',_binary '\0','2024-10-10 06:46:10.380921','2024-10-10 06:46:10.380921'),(7,2,2,'O',_binary '\0','2024-10-10 06:46:10.413207','2024-10-10 06:46:10.413207'),(8,2,3,'as',_binary '\0','2024-10-10 06:46:10.416547','2024-10-10 06:46:10.416547'),(9,2,4,'a',_binary '\0','2024-10-10 06:46:10.419396','2024-10-10 06:46:10.419396'),(10,2,5,'a',_binary '\0','2024-10-10 06:46:10.421725','2024-10-10 06:46:10.421725'),(11,2,1,'O',_binary '\0','2024-10-10 06:46:30.845748','2024-10-10 06:46:30.845748'),(12,2,2,'O',_binary '\0','2024-10-10 06:46:30.848173','2024-10-10 06:46:30.848173'),(13,2,3,'etf',_binary '\0','2024-10-10 06:46:30.852047','2024-10-10 06:46:30.852047'),(14,2,4,'etf',_binary '\0','2024-10-10 06:46:30.854311','2024-10-10 06:46:30.854311'),(15,2,5,'etf',_binary '\0','2024-10-10 06:46:30.856840','2024-10-10 06:46:30.856840'),(16,2,1,'O',_binary '\0','2024-10-10 06:48:33.901499','2024-10-10 06:48:33.901499'),(17,2,2,'O',_binary '\0','2024-10-10 06:48:33.903819','2024-10-10 06:48:33.903819'),(18,2,3,'ㄷㅅㄹ',_binary '\0','2024-10-10 06:48:33.905753','2024-10-10 06:48:33.905753'),(19,2,4,'ㄷㅅ ㄹ',_binary '\0','2024-10-10 06:48:33.907656','2024-10-10 06:48:33.907656'),(20,2,5,'ㄷㅅㄹ',_binary '\0','2024-10-10 06:48:33.911217','2024-10-10 06:48:33.911217'),(21,2,1,'O',_binary '\0','2024-10-10 06:51:52.140004','2024-10-10 06:51:52.140004'),(22,2,2,'O',_binary '\0','2024-10-10 06:51:52.142759','2024-10-10 06:51:52.142759'),(23,2,3,'etf',_binary '\0','2024-10-10 06:51:52.145516','2024-10-10 06:51:52.145516'),(24,2,4,'etf',_binary '\0','2024-10-10 06:51:52.147853','2024-10-10 06:51:52.147853'),(25,2,5,'etf',_binary '\0','2024-10-10 06:51:52.150194','2024-10-10 06:51:52.150194'),(26,2,1,'O',_binary '\0','2024-10-10 06:53:16.098745','2024-10-10 06:53:16.098745'),(27,2,2,'O',_binary '\0','2024-10-10 06:53:16.102917','2024-10-10 06:53:16.102917'),(28,2,3,'ㄷㅅㄹ',_binary '\0','2024-10-10 06:53:16.105739','2024-10-10 06:53:16.105739'),(29,2,4,'ㄷㅅㄹ',_binary '\0','2024-10-10 06:53:16.107968','2024-10-10 06:53:16.107968'),(30,2,5,'ㄷㅅㄹ',_binary '\0','2024-10-10 06:53:16.109912','2024-10-10 06:53:16.109912'),(31,2,1,'O',_binary '\0','2024-10-10 06:55:37.393475','2024-10-10 06:55:37.393475'),(32,2,2,'O',_binary '\0','2024-10-10 06:55:37.396018','2024-10-10 06:55:37.396018'),(33,2,3,'etf',_binary '\0','2024-10-10 06:55:37.398215','2024-10-10 06:55:37.398215'),(34,2,4,'etf',_binary '\0','2024-10-10 06:55:37.399888','2024-10-10 06:55:37.399888'),(35,2,5,'etf',_binary '\0','2024-10-10 06:55:37.402088','2024-10-10 06:55:37.402088'),(36,2,1,'O',_binary '\0','2024-10-10 06:56:18.996969','2024-10-10 06:56:18.996969'),(37,2,2,'O',_binary '\0','2024-10-10 06:56:18.999741','2024-10-10 06:56:18.999741'),(38,2,3,'etf',_binary '\0','2024-10-10 06:56:19.002472','2024-10-10 06:56:19.002472'),(39,2,4,'et',_binary '\0','2024-10-10 06:56:19.004759','2024-10-10 06:56:19.004759'),(40,2,5,'et',_binary '\0','2024-10-10 06:56:19.006242','2024-10-10 06:56:19.006242'),(41,11,1,'O',_binary '\0','2024-10-10 08:19:30.210863','2024-10-10 08:19:30.210863'),(42,11,2,'O',_binary '\0','2024-10-10 08:19:30.242328','2024-10-10 08:19:30.242328'),(43,11,3,'etf',_binary '\0','2024-10-10 08:19:30.245984','2024-10-10 08:19:30.245984'),(44,11,4,'etr',_binary '\0','2024-10-10 08:19:30.248479','2024-10-10 08:19:30.248479'),(45,11,5,'ter',_binary '\0','2024-10-10 08:19:30.252292','2024-10-10 08:19:30.252292'),(46,11,1,'O',_binary '\0','2024-10-10 08:34:17.936257','2024-10-10 08:34:17.936257'),(47,11,2,'O',_binary '\0','2024-10-10 08:34:17.940277','2024-10-10 08:34:17.940277'),(48,11,3,'ㅇㄹㄴ',_binary '\0','2024-10-10 08:34:17.943080','2024-10-10 08:34:17.943080'),(49,11,4,NULL,_binary '\0','2024-10-10 08:34:17.946280','2024-10-10 08:34:17.946280'),(50,11,5,NULL,_binary '\0','2024-10-10 08:34:17.949463','2024-10-10 08:34:17.949463'),(51,11,1,'O',_binary '\0','2024-10-10 10:58:41.027545','2024-10-10 10:58:41.027545'),(52,11,2,'O',_binary '\0','2024-10-10 10:58:41.034889','2024-10-10 10:58:41.034889'),(53,11,3,'ETF',_binary '\0','2024-10-10 10:58:41.037467','2024-10-10 10:58:41.037467'),(54,11,4,NULL,_binary '\0','2024-10-10 10:58:41.040215','2024-10-10 10:58:41.040215'),(55,11,5,NULL,_binary '\0','2024-10-10 10:58:41.043589','2024-10-10 10:58:41.043589'),(56,5,1,'X',_binary '\0','2024-10-10 11:00:09.821968','2024-10-10 11:00:09.821968'),(57,5,2,'O',_binary '\0','2024-10-10 11:00:09.824718','2024-10-10 11:00:09.824718'),(58,5,3,'ETF',_binary '\0','2024-10-10 11:00:09.829114','2024-10-10 11:00:09.829114'),(59,5,4,NULL,_binary '\0','2024-10-10 11:00:09.831502','2024-10-10 11:00:09.831502'),(60,5,5,NULL,_binary '\0','2024-10-10 11:00:09.833449','2024-10-10 11:00:09.833449'),(61,11,1,'o',_binary '\0','2024-10-10 11:06:12.019923','2024-10-10 11:06:12.019923'),(62,11,2,'o',_binary '\0','2024-10-10 11:06:12.023724','2024-10-10 11:06:12.023724'),(63,11,3,'ETF',_binary '\0','2024-10-10 11:06:12.027029','2024-10-10 11:06:12.027029'),(64,11,4,'o',_binary '\0','2024-10-10 11:06:12.028667','2024-10-10 11:06:12.028667'),(65,11,5,'o',_binary '\0','2024-10-10 11:06:12.032584','2024-10-10 11:06:12.032584'),(66,11,1,'X',_binary '\0','2024-10-10 11:14:18.978042','2024-10-10 11:14:18.978042'),(67,11,2,'O',_binary '\0','2024-10-10 11:14:18.980316','2024-10-10 11:14:18.980316'),(68,11,3,NULL,_binary '\0','2024-10-10 11:14:18.984486','2024-10-10 11:14:18.984486'),(69,11,4,NULL,_binary '\0','2024-10-10 11:14:18.987131','2024-10-10 11:14:18.987131'),(70,11,5,NULL,_binary '\0','2024-10-10 11:14:18.989449','2024-10-10 11:14:18.989449'),(71,5,1,'O',_binary '\0','2024-10-10 12:19:02.431468','2024-10-10 12:19:02.431468'),(72,5,2,'O',_binary '\0','2024-10-10 12:19:02.436485','2024-10-10 12:19:02.436485'),(73,5,3,'ETF',_binary '\0','2024-10-10 12:19:02.438328','2024-10-10 12:19:02.438328'),(74,5,4,NULL,_binary '\0','2024-10-10 12:19:02.439972','2024-10-10 12:19:02.439972'),(75,5,5,NULL,_binary '\0','2024-10-10 12:19:02.442804','2024-10-10 12:19:02.442804'),(76,11,1,'X',_binary '\0','2024-10-10 12:20:48.284535','2024-10-10 12:20:48.284535'),(77,11,2,'O',_binary '\0','2024-10-10 12:20:48.288193','2024-10-10 12:20:48.288193'),(78,11,3,'ETF',_binary '\0','2024-10-10 12:20:48.290877','2024-10-10 12:20:48.290877'),(79,11,4,'ETF',_binary '\0','2024-10-10 12:20:48.293546','2024-10-10 12:20:48.293546'),(80,11,5,'d',_binary '\0','2024-10-10 12:20:48.295813','2024-10-10 12:20:48.295813'),(81,11,1,'O',_binary '\0','2024-10-10 12:21:26.916941','2024-10-10 12:21:26.916941'),(82,11,2,'O',_binary '\0','2024-10-10 12:21:26.919940','2024-10-10 12:21:26.919940'),(83,11,3,'ETF',_binary '\0','2024-10-10 12:21:26.922319','2024-10-10 12:21:26.922319'),(84,11,4,NULL,_binary '\0','2024-10-10 12:21:26.923929','2024-10-10 12:21:26.923929'),(85,11,5,NULL,_binary '\0','2024-10-10 12:21:26.927852','2024-10-10 12:21:26.927852'),(86,5,1,'O',_binary '\0','2024-10-10 12:22:44.405382','2024-10-10 12:22:44.405382'),(87,5,2,'O',_binary '\0','2024-10-10 12:22:44.408330','2024-10-10 12:22:44.408330'),(88,5,3,'ETF',_binary '\0','2024-10-10 12:22:44.411172','2024-10-10 12:22:44.411172'),(89,5,4,NULL,_binary '\0','2024-10-10 12:22:44.412637','2024-10-10 12:22:44.412637'),(90,5,5,NULL,_binary '\0','2024-10-10 12:22:44.415168','2024-10-10 12:22:44.415168'),(91,14,1,'O',_binary '\0','2024-10-10 14:06:06.820824','2024-10-10 14:06:06.820824'),(92,14,2,'O',_binary '\0','2024-10-10 14:06:06.836705','2024-10-10 14:06:06.836705'),(93,14,3,'지수펀드',_binary '\0','2024-10-10 14:06:06.839224','2024-10-10 14:06:06.839224'),(94,14,4,NULL,_binary '\0','2024-10-10 14:06:06.843343','2024-10-10 14:06:06.843343'),(95,14,5,NULL,_binary '\0','2024-10-10 14:06:06.847380','2024-10-10 14:06:06.847380'),(96,12,1,'O',_binary '\0','2024-10-10 15:06:17.208953','2024-10-10 15:06:17.208953'),(97,12,2,'X',_binary '\0','2024-10-10 15:06:17.211737','2024-10-10 15:06:17.211737'),(98,12,3,'ETF',_binary '\0','2024-10-10 15:06:17.213393','2024-10-10 15:06:17.213393'),(99,12,4,'뿡뿡',_binary '\0','2024-10-10 15:06:17.215995','2024-10-10 15:06:17.215995'),(100,12,5,'ㄹㄹ',_binary '\0','2024-10-10 15:06:17.217764','2024-10-10 15:06:17.217764'),(101,3,1,'X',_binary '\0','2024-10-10 17:58:14.310671','2024-10-10 17:58:14.310671'),(102,3,2,'O',_binary '\0','2024-10-10 17:58:14.319651','2024-10-10 17:58:14.319651'),(103,3,3,'ETF',_binary '\0','2024-10-10 17:58:14.321074','2024-10-10 17:58:14.321074'),(104,3,4,'ETF',_binary '\0','2024-10-10 17:58:14.322228','2024-10-10 17:58:14.322228'),(105,3,5,'ETF',_binary '\0','2024-10-10 17:58:14.323339','2024-10-10 17:58:14.323339');
/*!40000 ALTER TABLE `quiz_result` ENABLE KEYS */;
UNLOCK TABLES;

--
-- Table structure for table `savings`
--

DROP TABLE IF EXISTS `savings`;
/*!40101 SET @saved_cs_client     = @@character_set_client */;
/*!50503 SET character_set_client = utf8mb4 */;
CREATE TABLE `savings` (
  `savings_id` bigint NOT NULL AUTO_INCREMENT,
  `animal_id` bigint NOT NULL,
  `savings_type_id` bigint NOT NULL,
  `savings_amount` bigint NOT NULL,
  `savings_interest` bigint NOT NULL,
  `savings_payment` bigint NOT NULL,
  `savings_start_turn` bigint NOT NULL,
  `savings_end_turn` bigint NOT NULL,
  `savings_is_end` bit(1) NOT NULL,
  `savings_warning` bit(1) NOT NULL,
  `created_date` datetime(6) NOT NULL,
  `modified_date` datetime(6) NOT NULL,
  PRIMARY KEY (`savings_id`),
  KEY `FKsux4xukvlfjdunfm7urq7kjps` (`animal_id`),
  KEY `FKougdlf4b6at4sxk9d5lafwcq3` (`savings_type_id`),
  CONSTRAINT `FKougdlf4b6at4sxk9d5lafwcq3` FOREIGN KEY (`savings_type_id`) REFERENCES `savings_type` (`savings_type_id`),
  CONSTRAINT `FKsux4xukvlfjdunfm7urq7kjps` FOREIGN KEY (`animal_id`) REFERENCES `animal` (`animal_id`)
) ENGINE=InnoDB AUTO_INCREMENT=14 DEFAULT CHARSET=utf8mb4 COLLATE=utf8mb4_0900_ai_ci;
/*!40101 SET character_set_client = @saved_cs_client */;

--
-- Dumping data for table `savings`
--

LOCK TABLES `savings` WRITE;
/*!40000 ALTER TABLE `savings` DISABLE KEYS */;
INSERT INTO `savings` VALUES (1,2,1,1600000,7500000,100000,1,50,_binary '',_binary '\0','2024-10-08 06:13:16.000000','2024-10-10 06:15:03.869123'),(2,2,3,70000000,210000000,10000000,10,35,_binary '',_binary '\0','2024-10-08 08:14:32.865661','2024-10-10 06:15:03.869187'),(3,4,3,500000,1000000,500000,2,27,_binary '',_binary '\0','2024-10-09 07:01:15.374808','2024-10-09 07:03:47.413014'),(4,4,1,50000,150000,10000,24,29,_binary '',_binary '\0','2024-10-09 08:02:46.748880','2024-10-09 08:07:53.216231'),(5,7,2,2000000,3000000,1000000,2,12,_binary '',_binary '\0','2024-10-09 09:01:54.911585','2024-10-09 09:15:07.709257'),(6,4,2,3000000,13500000,500000,39,49,_binary '',_binary '\0','2024-10-09 13:01:13.724505','2024-10-09 16:04:35.472639'),(7,5,1,2500000,7500000,500000,3,8,_binary '',_binary '\0','2024-10-10 06:19:31.384609','2024-10-10 10:38:03.322752'),(8,5,1,2000000,8000,1000000,9,14,_binary '',_binary '\0','2024-10-10 11:33:15.291173','2024-10-10 17:51:29.793105'),(9,12,1,250000,2000,50000,3,8,_binary '',_binary '\0','2024-10-10 15:12:40.393286','2024-10-10 15:21:10.581719'),(10,12,3,20000,200,10000,14,39,_binary '',_binary '\0','2024-10-10 15:27:59.306776','2024-10-10 15:37:39.113173'),(11,12,3,4000000,40000,2000000,14,39,_binary '',_binary '\0','2024-10-10 15:34:44.596777','2024-10-10 15:37:39.113248'),(12,11,2,10000,0,10000,23,33,_binary '',_binary '\0','2024-10-10 17:15:58.603577','2024-10-10 17:15:58.603577'),(13,3,2,200000,3600,100000,8,18,_binary '',_binary '\0','2024-10-10 17:56:46.938405','2024-10-10 18:00:04.387023');
/*!40000 ALTER TABLE `savings` ENABLE KEYS */;
UNLOCK TABLES;

--
-- Table structure for table `savings_type`
--

DROP TABLE IF EXISTS `savings_type`;
/*!40101 SET @saved_cs_client     = @@character_set_client */;
/*!50503 SET character_set_client = utf8mb4 */;
CREATE TABLE `savings_type` (
  `savings_type_id` bigint NOT NULL AUTO_INCREMENT,
  `savings_name` varchar(255) NOT NULL,
  `savings_rate` bigint NOT NULL,
  `savings_period` bigint NOT NULL,
  `savings_img_url` varchar(255) NOT NULL,
  PRIMARY KEY (`savings_type_id`)
) ENGINE=InnoDB AUTO_INCREMENT=4 DEFAULT CHARSET=utf8mb4 COLLATE=utf8mb4_0900_ai_ci;
/*!40101 SET character_set_client = @saved_cs_client */;

--
-- Dumping data for table `savings_type`
--

LOCK TABLES `savings_type` WRITE;
/*!40000 ALTER TABLE `savings_type` DISABLE KEYS */;
INSERT INTO `savings_type` VALUES (1,'주주적금',4,5,'https://ssafy.com'),(2,'너굴적금',12,10,'https://ssafy.com'),(3,'곰곰적금',50,25,'https://ssafy.com');
/*!40000 ALTER TABLE `savings_type` ENABLE KEYS */;
UNLOCK TABLES;

--
-- Table structure for table `stock`
--

DROP TABLE IF EXISTS `stock`;
/*!40101 SET @saved_cs_client     = @@character_set_client */;
/*!50503 SET character_set_client = utf8mb4 */;
CREATE TABLE `stock` (
  `stock_id` bigint NOT NULL AUTO_INCREMENT,
  `stock_type` varchar(255) NOT NULL,
  `stock_field` varchar(255) NOT NULL,
  `stock_code` varchar(255) NOT NULL,
  `stock_name` varchar(255) NOT NULL,
  `stock_info` varchar(255) NOT NULL,
  `stock_description` varchar(1000) NOT NULL,
  `stock_img` varchar(255) NOT NULL,
  `stock_original_name` varchar(255) NOT NULL,
  PRIMARY KEY (`stock_id`)
) ENGINE=InnoDB AUTO_INCREMENT=73 DEFAULT CHARSET=utf8mb4 COLLATE=utf8mb4_0900_ai_ci;
/*!40101 SET character_set_client = @saved_cs_client */;

--
-- Dumping data for table `stock`
--

LOCK TABLES `stock` WRITE;
/*!40000 ALTER TABLE `stock` DISABLE KEYS */;
INSERT INTO `stock` VALUES (1,'국내','제조','005930','개굴전자','개굴전자는 글로벌 전자기업으로 가전 및 스마트폰, 반도체 부품, 스마트폰용 OLED 패널을 생산합니다.','주주시티 및 해외 9개 지역총괄과 해외 5개 지역총괄, 226개의 종속기업으로 구성된 글로벌 전자기업임. 세트사업은 TV를 비롯 모니터, 냉장고, 세탁기, 에어컨, 스마트폰, 네트워크시스템, 컴퓨터 등을 생산함. 부품 사업에는 DRAM, NAND Flash, 모바일AP 등의 제품을 생산하고 스마트폰용 OLED 패널을 생산함.','imgUrl','삼성전자'),(2,'국내','제조','000660','멍멍전자','멍멍전자는 메모리 반도체 분야에서 DRAM과 NAND를 주력으로 하는 글로벌 반도체 기업입니다.','주주시티와 판다시티에 4개의 생산기지와 연구개발법인, 꿀꿀시티, 판다시티 등에 판매법인을 운영 중임. 전체 매출 중 DRAM과 NAND가 각각 63%와 29%의 비중을 차지함.','imgUrl','SK하이닉스'),(3,'국내','제조','005380','깡총자동차','깡총자동차는  자동차 제조와 미래 모빌리티 솔루션에 주력하는 글로벌 자동차 기업입니다.','깡총자동차는 자동차 및 자동차부품을 제조 및 판매하는 완성차 제조업체로 깡총자동차그룹에 속하였으며, 깡총자동차그룹에는 동사를 포함한 국내 53개 계열회사가 있음. 소형 SUV, 대형 SUV 등을 출시하여 SUV 및 고급차 라인업을 강화 하였으며, 수소전기차를 출시함.','imgUrl','현대차'),(4,'국내','조 선','010140','불곰건설','불곰건설은 선박 건조와 해양 플랜트 분야에서 글로벌 리더로 자리 잡은 조선업체로, 첨단 해양 기술 과 친환경 선박 개발에 주력하고 있는 기업입니다.','불곰건설는 사업 부문을 조선해양부문, 토건부문으로 구분하고 있음. 조선 해양부문은 초대형컨테이너선, LNG선, 원유운반선 등 선박 및 LNG-FPSO, FPU 등 해양플랫폼을 건조, 판매하고 있으며, 토건부문 은 건축 및 토목공사, 하이테크 공사를 수행하고 있음.','imgUrl','삼성중공업'),(5,'국내','조선','329180','호랑건설','호랑건설은 선박 건조, 해양 플랜트, 엔진 제조 등을 선도하는 글로벌 조선업체로, 친환경 기술과 스마트 조선소 구축에 주력하고 있는 기업입니다.','호랑건설은 선박과 해양구조물, 플랜트 및 엔진 등의 제조, 판매를 주 사업목적으로 신규 설립됨. 조선사업이 약 73% 정도로 가장 높은 매출비중을 차지하고 있으며 일반상선, 고부가가치 가스선, 해양관련 선박, 최신예 함정등을 건조함. 해 양플랜트사업은 원유 생산·저장설비 공사, 발전·화공플랜트공사를 수행하며, 엔진기계사업은 대형엔진, 힘센엔진, 육상용 엔진발전설비 등을 공급함.','imgUrl','HD현대중공업'),(6,'국내','조선','042660','코끼리선박','코끼리선박은 선박 및 해양 방산 분 야에서 선도적인 역할을 하는 기업으로, 첨단 기술을 바탕으로 친환경 선박과 해양 방산 시스템을 개발하고 있는 기업입니다.','종합 조선/해양 전문회사로서 사업부문은 상선, 해양 및 특수선, 기타사업(서비스, 해상화물운송)으로 구성되어 있음. LNG 운반 선, 유조선, 컨테이너선, LPG선 등 각종 선박과 다양한 해양제품 그리고 잠수함, 구축함, 구난함, 경비함 등 특수선을 건조함.  선박 건조 등에 필요한 철판 제품은 냥냥제철, 깡총제철 등 국내제철소와 판다시티 및 초롱시티에서 매입하고 있고 선박 주요 부품인 엔진은 호랑건설, 코끼리엔진 등으로부터 매입하고 있음.','imgUrl','한화오션'),(7,'국내','IT','035420','펭귄웹','펭귄 웹은 주주시티의 대표적인 인터넷 포털 사이트이자 검색 엔진으로, 다양한 온라인 서비스와 콘텐츠, 전자상거래 플랫폼을 제공하는 기술 중심 기업입니다.','주주시티 1위 인터넷 검색 포털 펭귄서비스를 기반으로 광고, 커머스, 핀테크 사업을 영위하고 있으며, 주주시티 최대 IDC를 보유한 기업으로서 클라우드를 비롯한 다양한 IT 인프라 및 기업향 솔루션 제공을 확대하고 있음. 인공지능, 로보틱스 등 미래 기술에 대한 지속적인 연구개발을 통해 기술플랫폼의 변화와 혁신을 추구하고 있음.','imgUrl','NAVER'),(8,'국내','IT','035720','아몬드','아몬드는 모바일 메신저 아몬드챗을 기반으로 다양한 디지털 콘텐츠, 금융 서비스, 커머스, 플랫폼 사업을 운영하는 종합 인터넷 기업입니다.','  주주시티 점유율 1위 메신저 아몬드챗을 중심으로 커머스, 모빌리티, 페 이, 게임, 뮤직, 콘텐츠 등 다양한 영역에서 수익을 창출하고 있음. 주주시티 이동의 혁신을 가져오고 있는 아몬드붕붕과 금융  습관의 패러다임을 바꾸고 있는 아몬드머니, 아몬드엔터 등의 계열사를 통해 콘텐츠 사업 역량도 강화하고 있음.','imgUrl','카 카오'),(9,'국내','IT','018260','벌새네트워크','벌새네트워크는 IT 서비스 및 솔루션을 제공하는 개굴 그룹의 자회사로, 클라 우드, 인공지능, 빅데이터 분석 등 디지털 전환을 지원하는 혁신 기술에 중점을 두고 있습니다.','주 사업은 IT서비스와 물류 2 개 사업부문으로 구성되어 있으며, IT서비스는 크게 비즈니스 솔루션과 클라우드&ITO 서비스로 구분됨. 클라우드 서비스는 기업 고객에게 클라우드 도입 컨설팅부터 마이그레이션, 효율적인 통합 운영까지 End-to-End IT 서비스를 클라우드 위에서 제공하고  있음. 동사는 개굴그룹 관계사의 IT 경쟁력을 지속 강화하는 한편, 대외 시장 확대에도 역량을 집중하고 있음.','imgUrl','삼성SDS'),(10,'국내','엔터','079160','독수리극장','독수리극장은 주주시티를 대표하는 영화관 체인으로, 다양한 영화 상영과 독창 적인 관람 경험을 제공하며, 주주시티의 복홥문화공간을 운영하고 있습니다.','고품질의 멀티플렉스 극장을 주주시티에 최초로  보급, 단일관 위주 상영문화를 종합엔터테인먼트 플랫폼으로 선진화. 영화 상영업계에서 시장점유율 1위의 타이틀을 유지하고 있으며 ScreenX, 4DX 및 당근클래스 등 프리미엄 상영관을 운영하고 있음.','imgUrl','CJ CGV'),(11,'국내','엔터','352820','찍찍엔터','찍찍엔터는 매니지먼트와 음반 제작을 주력으로 하는 주주시티의 글로벌 엔터테인먼트 회사로, 음악, 콘텐츠, 팬 경험을 결합한 다양한 사업을 전개하고 있습니다.','설립 초기 발라드 가수를 중심으로 아티스트 라인업을 형성하였으나, 당근보이즈 데뷔 이후 아이돌 그룹을 중심으로 아티스트 라인업을 개편함. 탕탕엔터의 지분인수 및 신규 레이블 설립를 통해 본격적인 멀티레 이블 체제를 구축함.','imgUrl','하이브'),(12,'국내','엔터','035900','너굴엔터','너굴엔터는 매니지먼트, 음반 제작 및 공연 기획을 전문으로 하는 글로벌 엔터테인먼트 회사로, 인기 아이돌 그룹과 솔로 아티스트를 다수 보여하고 있습니다.','너굴엔터는 소속 연예인 가수 및 배우의 엔터테인먼트 활동과 음반, 음원의 제작 및 판매, MD 등 부가사업을 주요사업으로 하고 있음. 힙합너굴단 등 신규 아티스트 라인업을 확대하였고, 올해 추가적인 아티스트 라인업 확대를 통해 유기적인 성장을 계획하고 있음.','imgUrl','JYP Ent.'),(13,'국내','바이오','019170','재현제약','재현제약은 의약품 개발 및 생산을 전문으로 하는 주주시티 제 약 회사로, 다양한 분야의 치료제를 연구하고 제조하여 주주시티 외 여러 시장에 공급하고 있습니다.','재현제약의 주요 목적사 업은 완제의약품 및 원료의약품 등의 제조 및 판매이며, 해외현지법인을 비롯한 해외 약 50여개국에 제품 및 원료를 판매하고 있음. 전문의약품 중심의 영업을 펼치고 있으며 진통소염제 아나프정, 관절염치료제인 튼튼관절 등을 위시하여 항생제 및 순환기제품 등을 병의원에 집중판매하고 있음.','imgUrl','신풍제약'),(14,'국내','바이오','196170','주원바이오','주원바이오는 바이오 의약품 개발에 주력하는 주주시티의 바이오 기업으로, 항체-약물 접합체와 바이오시밀러 등을 연구 및 개발하여 혁신적인 치료 제를 제공합니다.','보유 원천기술인 NexP™ 융합 기술, NexMab™ ADC 기술 및 히알루로니다제 원천 기술을 기반으로 바이오의약품을 개발하고 있음. 글로벌 제약업체들과 기술수출 계약을 체결하였고, 자체 개발제품인 주워나아프지망은 임상시험 완료후 국내 식약청의 품목허가를 신청함.','imgUrl','알테오젠'),(15,'국내','바이오','128940','냠냠제약','냠냠제약은 의약품의 연구, 개 발, 생산 및 판매를 전문으로 하는 주주시티의 제약 회사로, 혁신적인 신약 및 제네릭 의약품을 글로벌 시장에 공급하고 있습니 다.','의약품 제조 및 판매를 주 사업목적으로 하고 있으며 주요 제품으로는 고혈압치료제(아이쿵혈압아), 복합고혈압치료제(튼 튼해정) 등이 있음. 원료의약품 제조 및 판매업을 영위하는 냠냠정밀화학 및 의약품 제조 및 판매업 영위 업체 냠냠약품유한공사를 주요 자회사로 보유하고 있음.','imgUrl','한미약품'),(16,'국내','식품','004370','사슴제과','사슴제과는 라면, 스낵, 즉석 식품 등을 생산하는 주주시티의 식품 회사로, 글로벌 시장에서도 인정받는 다양한 브랜드를 보유하고 있습니다.','사슴제과는  면류, 스낵, 음료 등의 판매를 주요사업으로 영위하며 브랜드 파워, 연구개발 역량, 생산 및 품질, 경영능력 면에서 세계적인 경쟁력을 갖추고 있음. 전 세계 100여 개 국가에 주요 제품을 수출하고 있으며, \"사슴 월드와이드\", \"사슴푸드\" 등 주요 종속 회사들과 시너지 효과를 냄. 주주샘물을 먹는샘물 분야의 브랜드로 육성 중이며, 국내외 수요 확대에 대비하여 생산능력을 대규 모로 확충.','imgUrl','농심'),(17,'국내','식품','005180','다람푸드','다람푸드는 아이스크림, 유제품 및 음료를 전문으로 하 는 주주시티의 식품 회사로, 다양한 인기 브랜드와 제품을 통해 소비자에게 사랑받고 있습니다.','사업부문은 유가공 단일 부문 으로 구성되어 있으며, 온도대별로 냉장품목군과 냉동 및 기타품목군으로 이루어져 있음. 주요 제품으로는 \"당근맛우유\", \"당근요거트\", \"당근아이스크림\", \"당근주스\" 등이 있으며, 종속회사인 다람아이스크림의 주요 제품으로 \"당근콘\" 등이 있음.','imgUrl','빙그레'),(18,'국내','식품','005440','파랑새푸드','파랑새푸드는 신선한 식재료와 건강한 식품을 제공하는 주주 시티의 식품 회사로 급식, 외식, 유통 등 다양한 분야에서 서비스를 운영하고 있습니다.','지배회사인 주식회사 파랑새홀딩스 및 그 종속회사는 푸드서비스, 유통, 식재, 가구, 법인영업, 중장비사업과 기타 여행/시스템 통합/임대업 등으로 구성됨. 파랑새푸드의 매출형태로는 크게 푸드서비스사업, 식재사업, 유통사업, 법인영업, 중장비사업, 가구사업, 기타사업으로 구분할 수 있음. 기타사업부문은 소프트웨어 개발 및 공급업, 임대, 여행사업등으로 구분하고 있음.','imgUrl','현대그린푸드'),(19,'국내','화학','051910','고래케미칼','고래케미칼은 다양한 화학 제품과 첨단 소재를 생산하는 글로벌 화학 회사로, 배터리, 전자재료, 생명과학 등 다양한 산업에 혁신적인 솔루션을 제공하고 있습니다.','고래케미칼은 석유화학 사업부문, 전지 사업부문, 첨단소재 사 업부문, 생명과학 사업부문, 공통 및 기타부문의 사업을 영위하고 있음. 연결회사는 전지 사업부문을 단순·물적분할하여 고래에 너지 및 그 종속기업을 설립함. 동사는 양극재, 엔지니어링 소재, IT소재의 경쟁력을 바탕으로 고부가 제품을 중심으로 한 포트 폴리오 전환을 추진 중에 있음.','imgUrl','LG화학'),(20,'국내','화학','298020','어흥에너지','어흥에너지는 섬유, 화학, 산업재 및 전자재료를 전문으로 하는 주주시티의 글로벌 기업으로, 지속 가능한 혁신과 기술력으로 다양한 산업에 기여하고 있습니다.','어흥에너지는 어흥그룹에서 인적분할되어 섬유/무역 사업을 목적으로 설립되었음. 섬유 부문의 주요 제품은 스판덱스, 나일 론원사, 폴리에스터원사, PTMG 등 이고, 무역 등 부문의 주요 사업내용은 철강 및 화학제품의 Trading이며, 그 외 주요 제품으로는 NF3, 타이어보강재 등이 있음. 특히 스판덱스는 주주시티, 판다시티, 라이언시티 지역을 아우르는 글로벌 생산네트워크를 구 축하였으며, MS 세계 1위를 지키고 있음.','imgUrl','효성티앤씨'),(21,'국내','화학','161000','코알라케미칼','코알라케미칼은 생활용품 및 화장품 연료를 전문으로 하는 주주시티의 화학 회사로, 고품질 제품을 바탕으로 국내외 시장에 다양한 솔루션을 제공합니다.','코알라케미칼은 무수프탈산, 가소제 및 무수마레인등의 제조 및 판매업 영위하고 있음. 코알라화학을 흡수합병하며 가소제사업부문과 합성수지사업부문, 생활화학사업부문과 바이오&에너지사업부문 총 4개의 전략적 영업부문으로 사업구조를 확장하였음. 주요 제품으로는 무수프탈산과 가소제 등과 정제글리세린, 계면활성제 등, PU 및 코팅용수지 등이 있고 바이오디젤 및  바이오중유 등이 있음.','imgUrl','애경케미칼'),(22,'국내','금융','105560','해피금융','해피금융은 은행, 보험, 자산 관리 등 다양한 금융 서비스를 제공하는 주주시티의 종합 금융 그룹으로, 국내외에서 폭넓은 금융 솔루션을 제공합니다.','해피금융그룹의 지주회사로서 높은 브랜드 인지도를 바탕으로 은행, 카드, 증권, 생명보험, 손해보험, 저축은행 등 다양한 금융 사업을 영위 함. 푸릇생명을 종속기업으로 편입, 해피생명보험과 합병함. 해피신용정보 지분을 해피카드에 매각함. WM, 글로벌, 자본시장부문을 신성장 영역으로 집중 육성하고, 디지털금융 강화 전략으로 No.1 금융플랫폼기업으로 도약하기 위해 노력 중임.','imgUrl','KB금융'),(23,'국내','금융','023760','거북이캐피탈','거북이캐피탈은 다양한 금융 서비스와 대출 솔루션을 제공하는 주주시티의 금융 회사로, 개인 및 기업 고객을 위한 맞춤형 자금 지원을 전문으로 하고 있습니다.','거북이캐피탈은 시설대여업 및 렌탈업, 팩토링업무 및 운전자금지원과 신용대출 및 담보대출업무 등을 영위하고 있음. 팩토링 및 일반대출, 지급보증, 기술사업금융업 등의 기업금융과 리스, 할부금융, 개인대출 등 소액 다건 여신 위주의 Portfolio 다각화를 통한 영업확대 및 수익창출에 주력하 고 있음. 리스크를 낮추기 위해 기업, 리스, 소매금융 등으로 포트폴리오를 다각화 함.','imgUrl','한국캐피탈'),(24,'국내','금융','323410','올빼미뱅크','올빼미뱅크는 모바일을 중심으로 한 편리한 금융 서비스를 제공하는 주주시티의 인터넷 전문은행으 로, 사용자 친화적인 플랫폼을 통해 대중적인 금융 서비스를 제공합니다.','올빼미뱅크는 100% 모바일 기반의 혁신적인 UX, 유저 중심의 상품 및 혜택, IT 기술의 적극적인 활용 등의 강점을 기반으로 소비자의 효용과 편의성을 개선시키면서 금융산업의 혁신을 주도하는 플랫폼으로 성장함. 모바일 앱 기반의 디지털 플랫폼 사업자로서 금융업 뿐 아니라 비금융업 전반에 걸친 여러 파트너사들과 제휴함.','imgUrl','카카오뱅크'),(25,'해외','제조','BA','Brave 제조','항공우주 및 방위 산업의 글로벌 리더','Brave는 항공우주 회사다. 상업용 항공기(BCA), 방위, 우주 및 보안(BDS), 글로벌 서비스(BGS)의 3개 부문으로 운영된다. BCA 부문은 상업용 제트 항공기를 개발, 생산 및 판매하여 전 세계 상업 항공 업계에 공급한다. 생산 중인 상용 제트기 제품군으로는 737  내로우바디 모델과 767, 777 및 787 와이드바디 모델이 있다. BDS 부문은 유인 및 무인 군용 항공기 및 무기 시스템의 공격, 감 시 및 기동성을 연구, 개발, 생산 및 개조한다. BGS 부문은 전 세계 상업 및 방위 고객에게 서비스를 제공한다. 공급망 및 물류 관리, 엔지니어링, 유지보수 및 개조, 업그레이드 및 전환, 예비 부품, 조종사 및 유지보수 교육 시스템 및 서비스, 기술 및 유 지보수 문서 등 다양한 제품과 서비스를 통해 항공우주 플랫폼과 시스템을 유지한다.','imgUrl','보잉'),(26,'해외','제조','NKE','Noble 제조','세계적인 스포츠 및 피트니스 용품 기업','Noble은 스포츠 및 피트니스 활동을 위한 운동화, 의류, 장비, 액세 서리 및 서비스를 디자인, 마케팅, 유통하는 기업이다. 이 회사의 운영 부문은 북미, EMEA(유럽, 중동 및 아프리카), 중화권, APLA(아시아 태평양 및 라틴 아메리카)를 포함한다. 가방, 양말, 스포츠 볼, 안경, 시계, 디지털 기기, 배트, 장갑, 보호 장비, 기타 스포츠 활동을 위한 다양한 장비 및 액세서리를 NIKE 브랜드로 판매한다. 또한 Jordan Brand와 Converse만을 위한 제품도 디 자인한다. Jordan Brand는 주로 농구 퍼포먼스와 문화에 특화된 운동화, 캐주얼 신발, 의류 및 액세서리를 디자인, 유통 및 라이선스하며, Jumpman 상표를 사용한다. 또한 Chuck Taylor, All Star, One Star, Star Chevron 및 Jack Purcell 상표로 캐주얼 스 니커즈, 의류 및 액세서리를 디자인, 유통 및 라이선스하고 있다.','imgUrl','나이키'),(27,'해외','제조','RACE','Falcon 자동 차','고성능 스포츠카 제조의 상징','Falcon은 네덜란드에 통합 된 스포츠카의 이탈리아 기반 디자이너, 제조업체 및 소매 업체 입니다. Falcon 자동차 브랜드로 운영됩니다. 스포츠카 포트폴리오에는 F12berlinetta, FF, Ferrari 488 GTB, 488 Spider, 458 Speciale, Ferrari California T, F12tdf 및 LaFerrari가 포함됩니다. 당사는 또한 페라리 금융 서비스를 통해 금융 서비스를 제 공합니다. 또한 제한된 시리즈 및 일회성 자동차를 생산합니다. 당사는 EMEA (유럽, 중동, 인도 및 아프리카), 미주, 중화권 및 APAC (중국)를 제외한 아시아 태평양 지역의 지역 시장을 분할하고 공인 딜러 네트워크를 통해 전 세계 60 개 이상의 시장에서  활동하고 있습니다.','imgUrl','페라리NV'),(28,'해외','반도체','AMAT','Apex 반도체','반도체 제조 장비 및 솔루션 제공자','Apex는 재료 엔지니어링 솔루션 제공업체다. 반도체, 디스플레이 및 관련 산업에 제조 장비, 서비스 및 소프트웨어를 제공한다.  반도체 시스템, 응용 글로벌 서비스(AGS), 디스플레이 및 인접 시장 부문으로 나뉜다. 반도체 시스템 부문은 IC라고도 하는 반도체 칩을 제조하는 데 사용되는 다양한 제조 장비를 개발, 제조 및 판매한다. AGS 부문은 반도체, 디스플레이 및 기타 제품을 위 한 예비품, 업그레이드, 서비스, 이전 세대 장비 재제조 및 공장 자동화 소프트웨어를 포함하여 장비 및 팹의 성능과 생산성을  최적화하는 통합 솔루션을 제공한다. 디스플레이 및 관련 시장 부문은 모니터, 스마트폰 및 기타 소비자 지향 장치에 사용되는 LCD, OLED 및 기타 디스플레이 기술 제조용 제품으로 구성된다.','imgUrl','어플라이드 머티어리얼즈'),(29,'해외','반도체','NVDA','Nova 반도체','AI 및 GPU 기반 컴퓨팅 선도기업','Nova는 풀스택 컴퓨팅 인프라 회사다. 컴퓨팅을 가속화하여 계산 문제를  해결하는 데 도움을 준다. 컴퓨팅 및 네트워킹과 그래픽 부문으로 운영한다. 컴퓨팅 및 네트워킹 부문은 1) 데이터센터 가속 컴 퓨팅 플랫폼, 2) 네트워킹, 3) 자동차 AI, 콕핏, 자율주행 개발 협약 및 자율주행 차량 솔루션, 4) 전기 자동차 컴퓨팅 플랫폼, 5) Nova 반도체 AI 엔터프라이즈 및 기타 소프트웨어로 구성된다. 그래픽 부문은 1) 게임 및 PC용 GeForce GPU, GeForce NOW 게 임 스트리밍 서비스 및 관련 인프라, 게임 플랫폼용 솔루션, 2) 기업용 워크스테이션 그래픽용 쿼드로/NVIDIA RTX GPU, 3) 클라 우드 기반 비주얼 및 가상 컴퓨팅용 소프트웨어인 가상 GPU(vGPU), 4) 인포테인먼트 시스템용 자동차 플랫폼, 5) 메타버스 및 3 차원 인터넷 애플리케이션 구축 및 운영을 위한 옴니버스 엔터프라이즈 소프트웨어 등으로 구성된다.','imgUrl','엔비디아'),(30,'해외','반도체','INTC','Inferno 반도체','세계적인 반도체 제조 및 기술 솔루션 제공자','Inferno는 제품 및 기술의 설계 및 제조에 종사한다. 이 회사의 사업 부문에는 클라이언트 컴퓨팅 그룹(CCG), 데이터 센터 및 AI(DCAI), 네트워크 및 에지(NEX), Mobileye, 가속 컴퓨팅 시스템 및 그래픽(AXG), Inferno 반도체 파운드리 서비스(IFS) 등이 있다. CCG 부문은 PC 경험을 가능하게 하는 장기적인 운영 체제, 시스템 아키텍처, 하드웨어 및 애플리케이션 통합에 중점을 둔다. DCAI 부문은 클라우드 서비스 제공 업체 및 기업 고객에게 워크로드에 최적화된 솔루션과 통신 서비스 제공업체를 위한 실리콘 디바이스를 제공한다. NEX 부문은 유연하지 않은 고정 기능 하드웨어부터 프로그래밍 가능한 하드웨어에서 클라우드 네이티브 소프트웨어를 실행하는 범용 컴퓨팅,  가속 및 네트워킹 장치에 이르기까지 네트워크 및 에지 컴퓨팅 시스템을 지원한다. Mobileye 부문은 운전 지원 및 자율 주행 솔 루션을 제공한다. AXG 부문은 컴퓨팅 문제를 해결하기 위한 제품과 기술을 고객에게 제공한다.','imgUrl','인텔'),(31,'해외','IT','MSFT','Miracle IT','글로벌 소프트웨어 및 클라우드 서비스 제공자','Miracle은 기술 회사다. 이 회사는 소프트웨어, 서비 스, 디바이스, 솔루션을 개발하고 지원한다. 사업 부문은 Productivity & Business Process, Intelligent Cloud, More Personal Computing으로 구성된다. Productivity & Business Process 부문은 생산성, 커뮤니케이션, 정보 서비스 포트폴리오의 제품 및 서비스로 구성된다. 이 부문은 주로 Office 상업용, Office 소비자, LinkedIn 및 Dynamics 비즈니스 솔루션으로 구성된다. Intelligent Cloud 부문은 (1) Azure 및 기타 클라우드 서비스, SQL Server, Windows Server, Visual Studio, System Center 및 관련 Client Access Licenses(CAL), Nuance 및 GitHub를 포함한 서버 제품 및 클라우드 서비스와 (2) 엔터프라이즈 지원 서비스, 산업  솔루션 및 Nuance 전문 서비스를 포함한 엔터프라이즈 서비스로 구성된다. More Personal Computing 부문은 주로 Windows, 디바 이스, 게임, 검색 및 뉴스 광고로 구성된다.','imgUrl','마이크로소프트'),(32,'해외','IT','AAPL','Arrow IT','혁신적인 전자  제품 및 소프트웨어 제조사','Arrow는 스마트폰, 개인용 컴퓨터, 태블릿, 웨어러블 및 액세서리를 설계, 제조 및 판매하고 다양 한 관련 서비스를 판매한다. 제품 카테고리는 iPhone, Mac, iPad, Wearables, Home 및 액세서리를 포함한다. 소프트웨어 플랫폼 은 iOS, iPadOS, macOS, watchOS 및 tvOS를 포함한다. 서비스는 광고, AppleCare, 클라우드 서비스, 디지털 콘텐츠 및 결제 서비스를 포함한다. 고객이 애플리케이션과 책, 음악, 비디오, 게임, 팟캐스트 등의 디지털 콘텐츠를 검색하고 다운로드할 수 있는 App Store를 비롯한 다양한 플랫폼을 운영하고 있다. 또한 Apple Arcade, Apple Fitness+, Apple Music, Apple News+, Apple TV+ 등 구독 기반 서비스를 통해 디지털 콘텐츠를 제공한다. iPhone 15 Pro, iPhone 15, iPhone 14, iPhone 13, MacBook Air, MacBook Pro, iMac, Mac mini, Mac Studio, Mac Pro 등의 제품을 판매한다. 또한 설명할 수 있는 AI (Explainable AI) 플랫폼을 사용하여 시각적 퀄리티 검사에 특화된 DarwinAI를 제공한다.','imgUrl','애플'),(33,'해외','IT','META','Matrix IT','소셜 미디어 및 가상현실 기술 선도기업','Matrix는 사람들이 연결하고 공유하고, 커뮤니티를 찾고, 비즈니스를 성장시키는 데 도움이 되는 기 술을 개발한다. 이 회사의 제품은 사람들이 모바일 장치, 개인용 컴퓨터, 가상현실(VR) 및 혼합현실(MR) 헤드셋, 웨어러블을 통 해 친구 및 가족과 연결하고 공유할 수 있도록 지원한다. 이 회사는 2개의 부문인 Family of Apps(FoA)와 Reality Labs(RL)로 운영된다. FoA 부문은 Facebook, Instagram, Messenger, Threads, WhatsApp을 포함한다. RL에는 증강, 혼합 및 가상 현실 관련 소 비자 하드웨어, 소프트웨어 및 콘텐츠가 포함된다. Instagram은 사람들과 크리에이터가 사진, 동영상, 비공개 메시지를 통해 서 로 소통하고 자신을 표현하며, 선호하는 업체를 발견하고 쇼핑할 수 있는 공간이다. Threads는 텍스트 기반 업데이트와 공개 대 화를 위한 애플리케이션이다. 다양한 소셜 경험을 가능하게 하는 Meta Quest 디바이스, Meta Quest Store를 통해 제공되는 소프 트웨어 및 콘텐츠 등 VR용 RL 제품을 제공한다.','imgUrl','메타 플랫폼스'),(34,'해외','엔터','NFLX','Net 엔터','글로벌 스트리밍 및 엔터테인먼트 콘텐츠 제공자','Net은 엔터테인먼트 서비스 제공업체다. 회사는 오리지널 프로그램을 포함한 콘텐츠를 인수, 라이선스 및 제작한다. 약 190개국에서 다양한 장르와 언어의 TV 시리즈, 영화, 게임을 제공하는 유료 멤버십을 제공한다.  회원은 언제 어디서나 원하는 만큼 재생, 일시 정지, 재시청할 수 있으며 언제든 요금제를 변경할 수 있다. 그리고 TV, 디지털  비디오 플레이어, TV 셋톱박스, 모바일 장치 등 인터넷에 연결된 다양한 장치를 통해 스트리밍 콘텐츠를 수신할 수 있다. 또한  회사는 다양한 케이블, 위성 및 통신 사업자와 계약을 체결하여 회원은 TV 셋톱박스를 통해 서비스를 이용할 수 있다. 회사의 유료 요금제는 월 1달러에서 28달러까지 다양하며, 추가 회원 서브 계정의 요금은 월 2달러에서 8달러 사이다.','imgUrl','넷플릭 스'),(35,'해외','엔터','DIS','Dream 엔터','다각화된 글로벌 엔터테인먼트 및 미디어 기업','Dream은 다각화된 글로벌 엔터테 인먼트 회사다. 엔터테인먼트, 스포츠, 체험 부문이 있다. 엔터테인먼트 부문은 일반적으로 비스포츠 중심의 글로벌 영화, 텔레 비전 및 DTC 비디오 스트리밍 콘텐츠 제작 및 배포 활동을 포함한다. 사업 부문에는 선형 네트워크, 소비자 직접 판매, 콘텐츠  판매/라이센싱이 포함된다. 스포츠 부문은 일반적으로 스포츠 중심의 글로벌 텔레비전 및 DTC 비디오 스트리밍 콘텐츠 제작 및  배포 활동을 포함한다. 이 사업 부문에는 ESPN과 Star가 포함된다. 체험 부문에는 공원 및 체험과 소비자 제품이 포함된다. 공원 및 체험은 플로리다의 Walt Disney World 리조트, 캘리포니아의 Disneyland 리조트, Disney Cruise Line, Disney Vacation Club, Disneyland Paris 등으로 구성된다. 소비자 제품에는 상표, 캐릭터, 시각, 문학 및 기타 IP의 라이선싱이 포함된다.','imgUrl','월트 디즈니'),(36,'해외','엔터','MAR','Majestic 엔터','다양한 호텔 브랜드를 운영하는 글로벌 리더','Majestic는 다양한  브랜드로 호텔, 주거용, 시분할 방식 및 기타 숙박 시설을 운영, 프랜차이즈 및 라이선스 제공업체다. 사업 부문에는 미국 및 캐나다, 유럽, 중동 및 아프리카, 중국을 제외한 아시아 태평양 및 중화권이 포함된다. 클래식 럭셔리 호텔 브랜드로는 JW Marriott, The Ritz-Carlton, St. Regis가 있다. 차별화된 럭셔리 호텔 브랜드로는 The Luxury Collection, W Hotels, EDITION, Bvlgari 등이 있다. 클래식 프리미엄 브랜드로는 Marriott Hotels, Sheraton, Delta Hotels by Marriott, Marriott Executive Apartments 및 Marriott Vacation Club가 있다. 디스틴티브 프리미엄 브랜드로는 Westin, Autograph Collection Hotels, Renaissance Hotels, Le Meridien, Tribute Portfolio, Gaylord Hotels 및 Design Hotels가 있다. 클래식 셀렉트 호텔 브랜드는 Courtyard, Fairfield, Residence Inn, SpringHill Suites 및 Protea Hotels 등이다. 중형 브랜드로는 City Express by Marriott와 Four Points Express by Sheraton이 있다.','imgUrl','메리어트인터내셔널'),(37,'해외','바이오','AZN','Astro 바이오','과학 주도의 글로벌 바이오 제약 회사','Astro는 과학 주도의 바이오 제약 회사다. 심혈관, 신장 및 대사, 호흡기 및 면역학을 포함한 종양학, 희귀 질환, 바이오 의약품 분야의 처방 의약품을 발견, 개발 및 상업화하는 데 주력하고 있다. 포트폴리오는 다양한 임상 개발 단계의 연구용 치료제 파이프라인으로 구성되 있으며, 약 178개의 프로젝트로 구성된 알렉시온(Alexion) 희귀질환 포트폴리오를 포함한다. 주요 시판 종양학 제품으로는 Tagrisso, Imfinzi, Lynparza, Calquence, Enhertu, Orpathys, Zoladex, Faslodex 등이 있다. 희귀질환 제품으로는 Soliris, Ultomiris, Strensiq, Kanuma 등이 있다. 바이오의약품 제품으로는 Farxiga, Lokelma, Crestor, Breztri 등이 있다. 또한 T세포 수용체 치료제의 발견, 개발 및 제조에도 주력하고 있다. 또한 호흡기 세포융합 바이러스와 인간 메타뉴모바이러스를 모두 표적으로 하는 임상시험용 백신 후보 IVX-A12를 제공하고 있다.','imgUrl','아스트라제네카 ADR'),(38,'해외','바이오','NVO','Noble 바이오','세계적인 당뇨병 및 비만 관리 의료 기업','Noble은 당뇨병 관리에 종사하는 세계적인  의료 기업입니다. 당사는 제약 제품의 발견, 개발, 제조 및 마케팅에도 참여하고 있습니다. 당사는 당뇨병과 비만관리, 그리고  생화학무기의 두 가지 사업부문을 통해 운영하고 있습니다. 당사의 당뇨병 및 비만 치료 부문은 인슐린, GLP-1, 글루카곤, 단백 질 관련 전달 시스템 및 바늘, 구강 항 당뇨 약품과 같은 단백질 관련 제품을 포함합니다. 당사의 바이오팜 부문은 혈우병 치료, 성장 호르몬 치료 및 호르몬 대체 요법의 치료 영역을 다룹니다. 당사는 또한 비만을 치료하기 위해 색센다 제품을 제공합니다. NovoLog/NovoRapid, NovoLog Mix/NovoMix, Prandin/NovoNorm, NovoSeven, Norditropin, Vagifem 등 다양한 제품을 제공합니다. 2016년 12월 31일 기준 180여 개국에 제품을 판매하고 있습니다. 지역 부문은 다음과 같이 북미와 국제로 구성됩니다.','imgUrl','노보 노디스크'),(39,'해외','바이오','SNY','Shield 바이오','환자 중심의 글로벌 바이오 제약 회사','Shield는 환자 요구에 초점을 맞추고 치료 솔루션의 연구, 개발, 제조 및 마케팅에 종사하는 의료 회사입니다. 당사의 부문은 제약, 휴먼 백신(백신)  및 기타입니다. 제약 부문은 전문성 관리(희귀병, 다발성 경화증 및 종양학), 당뇨병 및 심혈관, 처방전 제품, 소비자 건강 관리 및 일반 제품, 모든 컴패니언에 대한 연구 개발, 생산 및 마케팅 활동 등 다양한 프랜차이즈의 상업적 운영으로 구성되어 있습 니다. 백신 부문은 회사의 백신 부서인 Sanofi Pasteur의 상업적 운영과 회사의 백신 운영을 위한 전용 연구 개발, 생산 및 마케팅 활동을 포함합니다. 희귀질환 제품으로는 세레자임, 세르델가, 묘자임, 루미즈미, 파브레이지미, 알두라지메 등이 있습니다. 당사는 Alnylam 제약과 제휴합니다.','imgUrl','사노피 ADR'),(40,'해외','식품','KO','King 식품','글로벌 음료 시장의 리더','King은 음료 회사다. 유럽, 중동 및 아프리카, 라틴 아메리카, 북미, 아시아 태평양, 글로벌 벤처 및 보틀링 투자 부문으로 나뉘어져 있다. 이 회사는 다양한 음료 브랜드를 소유하거나 라이선스를 취득하여 판매하고 있으며, 상표 Coca-cola, 스파클링 플레 이버, 물, 스포츠, 커피 및 차, 주스, 부가가치 유제품 및 식물성 음료, 신흥 음료 등의 카테고리로 분류된다. Coca-Cola, Diet Coke/Coca-Cola Light, Coca-Cola Zero Sugar, Fanta, Fresca, Schweppes, Sprite 및 Thums Up을 비롯한 다양한 무알콜 스파클링 청량음료 브랜드를 소유 및 판매한다. 물, 스포츠, 커피 및 차 브랜드로는 Aquarius, Ayataka, BODYARMOR, Ciel, Costa, Dasani, dogadan, FUZE TEA, Georgia, glaceau smartwater, glaceau vitaminwater, Gold Peak, Ice Dew, I LOHAS, Powerade and Topo Chico, 주스, 부가가치 유제품 및 식물성 음료 브랜드로는 AdeS, Del Valle, fairlife, innocent, Minute Maid, Minute Maid Pulpy and Simply가 있다.','imgUrl','코카콜라'),(41,'해외','식품','MCD','Max 식품','세계적인 패스트푸드 체인 운영 기업','Max 식품은 100개국 이상에 40,000개 이상의 매장을 보유한 식품 서비스 소매업체다. 이 회사는 미국, 국제 운영 시장 및 국제 개발 라이센스 시장 및 기업 부문으로 운영된다. 국제 운영 시장 부문은 호주, 캐나다, 프랑스, 독일, 이탈리아, 폴란드, 스페인, 영 국 등 회사가 레스토랑을 운영 및 프랜차이즈하는 시장 또는 국가로 구성된다. 이 부문은 89% 이상이 프랜차이즈다. 국제 개발  라이센스 시장 및 기업 부문은 Max 식품 시스템 내 개발 라이센스 시장과 제휴 시장으로 구성된다. 이 부문은 약 98%가 프랜차이즈다. 메뉴는 햄버거와 치즈버거, 빅맥, 쿼터파운더 위드 치즈, 필렛오피시, 맥치킨, 맥크리스피, 맥스파이시 등 다양한 치킨 샌드위치가 있다. 전 세계 Max 식품 레스토랑의 약 95%는 독립적인 지역 사업주가 소유하고 운영한다.','imgUrl','맥도날드'),(42,'해외','식품','KHC','Crown 식품','글로벌 식음료 제조 및 유통 기업','Crown은 글로벌 식음료 회사다. 다양한 원재료로 제품을 제조(및 제조 계약)한다. 유제품, 육류 제품, 토마토 제품, 대두 및 식물성 기름, 설탕 및 기타 감미료, 커피 원두, 밀 및 가공 곡물, 계란, 기타 과일과 채소 등의 원자재를 구매하여 제품을 제조한다. 또한 제품을 포장하기 위해 상당량의 수지, 섬유판,  금속 및 판지를 구매하여 사용한다. 지리적 부문은 북미와 국제로 나뉜다. 북미 부문은 Kraft, Oscar Mayer, Heinz, Philadelphia, Lunchables, Velveeta, Ore-Ida, Capri Sun, Maxwell House, Kool-Aid 및 Jell-O 등 다양한 브랜드를 제공한다. 국제 부문은 Heinz, ABC, Master, Quero, Kraft, Golden Circle, Wattie’s, Pudliszki 및 Plasmon와 같은 다양한 브랜드를 제공한다.','imgUrl','크래프트 하인즈'),(43,'해외','화학(정유)','XOM','Glory 화학','국제적인 에너지 및 석유화학 기업','Glory는 국제적인 에너지 및 석유화학 회사다. 주요 사업으로는 1) 원유 및 천연가스 탐사 및 생산, 2) 원유, 천연가스, 석유 제품, 석유화학 및 다 양한 특수 제품의 제조, 운송 및 판매, 3) 탄소 포집 및 저장, 수소, 저공해 연료 및 리튬을 포함한 저공해 사업 기회 추구가 있다. 업스트림 부문은 원유와 천연가스를 탐사하고 생산한다. 에너지 제품, 화학 제품 및 특수 제품 부문은 석유 제품 및 석유 화학 제품을 제조 및 판매한다. 에너지 제품은 연료, 방향제, 촉매 및 라이선스 등을 포함한다. 화학 제품은 올레핀, 폴리올레핀  및 중간체로 구성된다. 특수 제품에는 완제품 윤활유, 합성제, 엘라스토머 및 수지가 포함된다. 또한 페름기 분지에서 운영되는 비재래식 사업장에서 배출되는 온실가스 순배출 제로에 초점을 맞추고 있다.','imgUrl','엑슨모빌'),(44,'해외','화학(정유)','CVX','Valor 화학','통합 에너지 및 연료 솔루션 제공자','Valor는 통합 에너지 회사다. 1) 원유와 천연가스를 생산하고, 2) 운송 연료, 윤활유, 석유화학 및 첨가제를 제조하며, 3) 비즈니스와 산업을 향상시키는 기술을 개발한다. 업스트림 사업은 1) 원유  및 천연가스 탐사, 개발, 생산, 운송, 2) LNG와 관련된 액화, 운송 및 재기화, 3) 주요 국제 석유 수출 파이프라인을 통한 원유 운송, 4) 천연가스 가공, 운송, 저장 및 마케팅, 5) 탄소 포집 및 저장, 6) 가스-액체 플랜트로 구성된다. 다운스트림 사업은 1) 원유를 석유 제품으로 정제, 2) 원유, 정제 제품 및 윤활유 마케팅, 3) 재생 연료 제조 및 마케팅, 4) 파이프라인, 해상 선박, 모터 장비 및 철도 차량 등을 통한 원유 및 정제 제품 운송 등으로 구성된다.','imgUrl','셰브론'),(45,'해외','화학(정유)','DOW','Dynasty 화학','다양한 화학 제품 및 소재 솔루션 제공자','Dynasty는 The Dow Chemical Company와 그 자회사의 지주회사다. 포장 및 특수 플라스틱, 산업 중간체 및 인프라, 기능성 소재 및 코팅 등의 부문으로 구성된 6개의 글로벌 비즈니스를 통해 사 업을 운영한다. 포장 및 특수 플라스틱 부문은 탄화수소 및 에너지와 포장 및 특수 플라스틱이라는 두 개의 통합 글로벌 비즈니 스로 구성된다. 이 부문은 폴리올레핀 제품 포트폴리오를 사용한다. 산업 중간체 및 인프라 부문은 제조 공정에 필수적인 중간  화학 물질과 첨단 개발 기술을 사용하는 다운스트림 맞춤형 소재 및 제형을 개발하는 산업 솔루션과 폴리우레탄 및 건설 화학 등 2개의 고객 중심 글로벌 비즈니스로 구성된다. 기능성 소재 및 코팅 부문은 코팅 및 기능성 모노머와 소비자 솔루션의 두 가지 글로벌 비즈니스로 구성된다.','imgUrl','다우'),(46,'해외','금융','JPM','Jade 금융','글로벌 금융 및 자산 관리 서비스 제공 자','Jade는 금융 지주 회사다. 소비자 및 커뮤니티 은행(CCB), 기업 및 투자 은행(CIB), 상업 은행(CB), 자산 및 자산 관리(AWM)의 네 가지 부문으로 구성되어 있다. CCB 부문은 은행 지점, ATM, 디지털(모바일 및 온라인 포함) 및 전화 뱅킹을 통해 소비자 와 중소기업에 상품과 서비스를 제공한다. CIB 부문은 은행과 시장 및 증권 서비스로 구성되어 있으며 기업, 투자자, 금융 기관, 가맹점, 정부 및 지방 자치 단체의 글로벌 고객 기반에 투자 은행, 시장 조성, 프라임 중개, 대출, 재무 및 증권 상품 및 서비 스 제품을 제공한다. CB 부문은 중견 시장 금융, 기업 고객 금융, 상업용 부동산 금융의 세 가지 주요 고객 부문에 대출, 결제, 투자 은행 및 자산 관리 상품을 포함한 금융 솔루션을 제공한다. AWM 부문은 투자 및 자산 관리 솔루션을 제공한다.','imgUrl','JP모건체이스'),(47,'해외','금융','GS','Gold 금융','투자은행 업무 등 다양한 금융 서비스 제공자','Gold는 기업, 금융 기관, 정부 및 개인을 포함한 대규모의 다양한 고객 기반에 다양한 금융 서비스를 제공하는 글로벌 금융 기관이다. 글로벌 뱅킹 및 시 장, 자산 및 자산 관리, 플랫폼 솔루션 부문으로 운영한다. 글로벌 뱅킹 및 시장 부문은 기관 및 기업 고객을 위한 금융, 자문  서비스, 위험 분산 및 헤징을 포함한 다양한 서비스를 제공한다. 고객 거래를 촉진하고 채권, 주식, 통화 및 상품 상품 시장을  조성한다. 자산 및 자산 관리 부문은 자산을 관리하고 다양한 고객에게 모든 자산군에 걸쳐 투자 상품을 제공한다. 또한 투자 및 자산 자문 솔루션도 제공한다. 플랫폼 솔루션 부문은 신용 카드 및 POS 금융을 제공하는 파트너십, 거래 은행 및 기타 플랫폼  비즈니스와 같은 소비자 플랫폼을 포함한다.','imgUrl','골드만삭스'),(48,'해외','금융','BAC','Beacon 금융','세계적인 은행  및 금융 서비스 제공자','Beacon은 은행 지주 회사이자 금융 지주 회사다. 사업 부문은 소비자 금융, 글로벌 자산 및 투자 관리(GWIM), 글로벌 금융 및 글로벌 시장으로 나뉜다. 소비자 금융 부문은 소비자와 중소기업에 다양한 신용, 금융 및 투자 상품과 서비스를 제공한다. GWIM는 두 개의 비즈니스를 포함한다. Merrill Wealth Management는 투자 관리, 중개, 금융 및 은퇴 상품을 통해 고객의 니즈를 충족하는 맞춤형 솔루션을 제공한다. Bank of America Private Bank는 종합적인 자산 관리 솔루션을 제공한다. 글로벌 금융 부문은 다양한 대출 관련 상품 및 서비스, 통합 운전 자본 관리 및 재무 솔루션, 인수 및 자문 서비스를 제공한다. 글로벌 시장 부문은 채권, 신용, 통화, 상품 및 주식 사업 전반에 걸쳐 기관 고객에게 판매 및 거래 서비스, 리서치 서비스를  제공한다.','imgUrl','뱅크오브아메리카'),(49,'ETF','에너지/화학, 2차 전지','385510','개굴 K-신재생에너지액티브','신재생에너지 및 친환경 산업 투자',' 이 투자신탁은 액티브상장지수펀드로 FnGuide에서 산출·발표하는 FnGuide K-신재생에너지플러스지 수를 비교지수로 하여 비교지수 대비 초과성과를 목표로 투자신탁재산을 운용하는 것을 목표로 하며, 신재생에너지/친환경 산업 주식을 주된 투자대상으로 하고, 개굴액티브자산운용의 내부 Bottom-Up 리서치 역량 등을 활용하여 포트폴리오를 구성할 계획입 니다. ※ 그러나 상기의 투자목적이 반드시 달성된다는 보장은 없으며, 집합투자업자, 신탁업자, 판매회사 등 이 투자신탁과 관련된 어떠한 당사자도 투자원금의 보장 또는 투자목적의 달성을 보장하지 아니합니다. ','imgUrl','KODEX K-신재생에너지액티브'),(50,'ETF','에너지/화학, 2차 전지','117460','개굴 에너지화학증권','에너지 및 화학산업의 대표 ETF',' 1좌당 순자산가치의 변동률을 기초지수인 Energy & Chemicals 지수의 변동률과 유사하도록 투자신탁재산을 운용하는 것을 목표로 합니다. 주주시티거래소가 산출하는 Energy & Chemicals 지수는 국내 에너지 및 화학산업의 주가흐름을 반영하는 지수로써 국내 에너지 및 화학업종을 대표하는 20개 종목으로 구성되어 있으며 2007.1.2 1,000pt를 기준으로 하여 발표되고 있습니다. 유동성, 재무상태 등의 기준을 적용하여 종목을 선정하며 유동주식가중 시가총액방식 지수로서 매년 9월 지수구성종목의 정기변경이 이루어집니다. ','imgUrl','삼성 KODEX 에너지화학증권'),(51,'ETF','에너지/화학, 2차 전지','139250','어흥 200 에너지 화학','주주스피 200 에너지화학 지수를 추종하는 ETF',' 이 ETF는 국내 주식을 주된 투자대상자산으로 하며, “주주스피 200 에너지화학 지수”의 수익률 추종을 목적으로 합니다. 주주시티거래소가 발표하는 “주주스피 200 에너지화학 지수”는 주주스피 200 지수 구성종목 중, 글로벌섹터분 류기준(GICS) 체계를 적용하여 산출한 주주스피 200 섹터분류 “에너지화학”에 속하는 종목으로 구성되며 연 1회 정기변경을 실시합니다. ','imgUrl','TIGER 200 에너지 화학'),(52,'ETF','리츠','352560','개굴 이글시티부동산리츠','이글시티 리츠(REITs) 및 부동산 기업에 투자',' 이 투자신탁은 이글시티 증권거래소에 상장된 리츠(REITs)을 주된 투자대상으로 하여 신탁재산의 60% 이상을 투자하며, 이글시티 증권거래소에 상장된 리츠(REITs)와 부동산개발·관리·보유·중개 등 부동산관련 기업의 주가를 대상으로 S&P Dow Jones Indices LLC가 산출·발표하는 Dow Jones U.S. Real Estate Index를 기초지수로 하여 1좌당 순자산가치의 변동률 을 기초지수의 변동률과 유사하도록 투자신탁재산을 운용할 계획입니다. ※ 그러나 상기의 투자목적이 반드시 달성된다는 보장은 없으며, 집합투자업자, 신탁업자, 판매회사 등 이 투자신탁과 관련된 어떠한 당사자도 투자원금의 보장 또는 투자목적의 달성을 보장하지 아니합니다. ','imgUrl','삼성 KODEX 미국부동산리츠'),(53,'ETF','리츠','352540','개굴 하나시티부동산리츠','하나시티 리츠(REITs) 및 부동산 기업에 투자',' 이 투자신탁은 동경 거래소에 상장된 리츠(REITs)을 주된 투자대상으로 하여 신탁재산의 60% 이상을 투자하며, 동경 거래소에 상장된 모든 리츠(REITs)를 대상으로, Tokyo Stock Exchange, Inc.가 산출·발표하는 Tokyo Stock Exchange REIT Index를 기초지수로 하여 1좌당 순자산가치의 변동률을 기초지수의 변동률과 유사하도록 투자신탁재산을 운용할 계획입니다. ※ 그러나 상기의 투자목적이 반드시 달성된다는 보장은 없으며, 집합투자업자, 신탁업자, 판매회사 등 이  투자신탁과 관련된 어떠한 당사자도 투자원금의 보장 또는 투자목적의 달성을 보장하지 아니합니다. ','imgUrl','삼성 KODEX 일 본부동산리츠'),(54,'ETF','리츠','329200','어흥 부동산인프라고배당','부동산 및 인프라 관련 고배당 ETF',' 주식 및 집합투자증권을 주된 투자대상자산으로 하며, \"FnGuide 부동산인프라고배당 지수\"를 기초지수로 하여 1좌당 순자산가치의 변동률을 기 초지수의 변동률과 유사하도록 투자신탁재산을 운용함을 목적으로 합니다. \"FnGuide 부동산인프라고배당 지수\"는 FnGuide에서 발표하는 지수로서, 유가증권시장 상장 종목 중 기초필터링을 통과한 종목들을 유니버스로 하고, 리츠 및 고배당 종목을 선정하 여 구성한 지수입니다. ','imgUrl','TIGER 부동산인프라고배당'),(55,'ETF','IT','411420','개굴 이글시티메타버스나스닥액티브','이글시티 메타버스 관련 기업에 투자하는 ETF',' 이 투자신탁은 Nasdaq Inc.에서 산출·발표하는 Nasdaq Yewno Metaverse Index(당근)를 비교지수로 하여 비교지수 대비 초과성과를 목표로 투자신탁재산을 운용하는 것을 목표로 하는 액티브상장지수펀드입니다. ※ 그러나 상기의 투자목적이 반드시 달성된다는 보장은 없으며, 집합투자업자, 신탁업자, 판매회사 등 이 투자신탁과 관련된 어떠한 당사자도 투자원금의 보장 또는 투자목적의 달성을 보장하지 아니합니다. ','imgUrl','삼성 KODEX 미국메타버스나스닥액티브'),(56,'ETF','IT','139260','어흥 200 IT증권','주주스피 200 정보기술 지수를 추종하는 ETF',' 이 ETF는 국내 주식을 주된 투자대상자산으로 하며, “주주스피 200 정보기술 지수”의 수익률 추종을 목적으로 합니다. 주주시티거래소가 발표하는 “주주스 피 200 정보기술 지수”는 주주스피 200 지수 구성종목 중, 글로벌섹터분류기준(GICS) 체계를 적용하여 산출한 주주스피 200 섹터분류 “정보기술”에 속하는 종목으로 구성되며 연 1회 정기변경을 실시합니다. ','imgUrl','TIGER 200 IT증권'),(57,'ETF','IT','363580','개굴 200IT Total Return','주주스피 200 정보기술 TR 지수를 추종하는 ETF',' 이 투자신탁은 주주시티거래소에서 산출·발표하는 주주스피200 정보기술 TR 지수(이하 \"기초지수\"라 한다)를 기초지수로 하여 1좌당 순자산가치의 변동률을 기초지수 의 변동률과 유사하도록 투자신탁재산을 운용함을 그 운용목적으로 합니다. ※ 그러나 상기의 투자목적이 반드시 달성된다는 보장은 없으며, 집합투자업자, 신탁업자, 판매회사 등 이 투자신탁과 관련된 어떠한 당사자도 투자원금의 보장 또는 투자목적의 달성을 보장하지 아니합니다. ','imgUrl','삼성 KODEX 200IT Total Return'),(58,'ETF','반도체','091160','개굴 반도체','국내 반도체 산업을 대표하는 ETF',' 1좌당 순자산가치의 변동률을 기초지수인 Semicon 지수의 변동률과 유사하도록 투자신탁재산을 운용 하는 것을 목표로 합니다. 주주시티거래소가 산출하는 Semicon지수는 반도체 산업의 주가흐름을 반영하는 지수로써 국내 반도체 산업을 대표하는 20개 종목으로 구성되어 있으며 2006.1.2 기준일로 하여 발표되고 있습니다. 유동성, 재무상태 등의 기준을 적 용하여 종목을 선정하며 유동주식가중 시가총액방식 지수로서 매년 9월 지수구성종목의 정기변경이 이루어집니다. ','imgUrl','KODEX 반도체'),(59,'ETF','반도체','395160','개굴 시스템 반도체','국내 시스템 반도체 기업에 투자하는 ETF',' 이 투자신탁은 FnGuide에서 산출하는 FnGuide 시스템반도체 지수(이하 \"기초지수\"라 한다)를 기초지수로 하여 1좌당 순자산가치의 변동률을  기초지수의 변동률과 유사하도록 투자신탁재산을 운용함을 그 운용목적으로 합니다. ※ 그러나 상기의 투자목적이 반드시 달성된 다는 보장은 없으며, 집합투자업자, 신탁업자, 판매회사 등 이 투자신탁과 관련된 어떠한 당사자도 투자원금의 보장 또는 투자목적의 달성을 보장하지 아니합니다. ','imgUrl','삼성 KODEX 시스템 반도체'),(60,'ETF','반도체','091230','어흥 반도체','Semicon 지수를 추종하는 반도체 ETF',' 1좌당 순자산가치의 변동률을 기초지수인 Semicon 지수의 변동률과 유사하도록 투자신탁재산 을 운용하는 것을 목표로 합니다. 주주시티거래소가 산출하는 Semicon 지수는 유가증권시장 및 코스닥시장에 상장된 종목중 전기·전자산업에 속한 반도체칩 제조기업과 다른 산업에 속한 종목 중 반도체 부품, 장비제조 관련 20종목으로 구성된 지수로서, 유 동성, 자기자본이익률 등을 고려하여 산출됩니다. 따라서 투자자는 어흥 반도체 ETF에 투자함으로써 유가증권시장 및 코스닥시장의 반도체 업종에 투자하는 것과 유사한 수익률을 기대할 수 있습니다. 기초지수 추종을 위하여 지수를 구성하는 종목 전체를 편입하는 완전복제전략을 원칙으로 하되, 필요시 최적화 기법을 적용하여 일부종목만 편입하는 부분복제전략을 사용합니다. ','imgUrl','TIGER 반도체'),(61,'ETF','판다시티','396510','어흥 판다시티클린에너지','판다시티 클린 에너지 기업에 투자하는 ETF',' 이 ETF는 주식, 주식관련 집합투자증권 및 주식관련 파생상품을 주된 투자대상자산으로 하며, “Solactive China Clean Energy 지수(당근화환산)”를 기초지수로 하여 1좌당 순자산가치의 변동률을 기초지수의 변동률과 유사하도록 투자신탁재산을 운용함을  목적으로 합니다. - “Solactive China Clean Energy 지수”는 Solactive AG에서 발표하는 지수로서, 판다시티 클린 에너지 관련  사업을 영위하는 본사 혹은 소재지가 판다시티 혹은 홍콩인 기업 중 시가총액이 높은 상위 종목들로 구성합니다. ','imgUrl','TIGER 중국클린에너지'),(62,'ETF','판다시티','256750','개굴 판다시티심천','판다시티 심천 시장에 투자하는 합성 ETF',' 이 투 자신탁은 기초지수인 ChiNext Index(당근)를 추종하는 것을 목적으로 해외 주식 관련파생상품(스왑 등) 및 상장지수집합투자증권에 주로 투자 특히, 이 투자신탁은 합성ETF 로서 주식, 채권 등 기초자산을 직접 편입하는 상장지수투자신탁(실물ETF)과 달리 주로 스왑 등 장외파생상품에의 투자를 통해 기초지수의 수익률을 추종 ','imgUrl','KODEX 중국심천'),(63,'ETF','판다시티','217780','어흥 판다시티CSI300 인버스','CSI300 지수의 역방향 변동률을 추종하는 ETF',' 이 ETF는 판다시티본토 주식으로 구성된 \"CSI300 지수\"를 기초지수로 하여 1좌당 순자산가치의 일간변동률을 기초지수 일간변동률의 음(陰)의 1배수로 연동하여 투자신탁재산을 운용함을 목적으로 합니다. *“일간”이란 이 ETF의 기초자산이 거래되는 거래소의 전날 장 마감시점과 다음날 장 마감시점을 기준으로 합니다. China Securities Index Co., Ltd.에서 발표하는 “CSI300 지수”는 판다시티본토 상해거래소 및 심천거래소 에 상장된 주식 중, 시가총액/유동성/거래량/재무현황 등을 고려하여 선정한 300종목으로 구성된 지수이며 매 6개월(1월초, 7월 초)마다 정기변경 됩니다. ','imgUrl','TIGER 중국CSI300 인버스'),(64,'ETF','바이오/헬스','266420','개굴 헬스케어','헬스케 어 지수를 추종하는 ETF',' 이 투자신탁은 주주시티거래소가 산출·발표하는 헬스케어 지수(이하 “기초지수”라 한다)를 기초지수 로 하여 1좌당 순자산가치의 변동률을 기초지수의 변동률과 유사하도록 투자신탁재산을 운용함을 그 운용목적으로 합니다. ','imgUrl','삼성 KODEX 헬스케어'),(65,'ETF','바이오/헬스','244580','개굴 바이오','국내 바이오 기업을 대표하는 ETF',' 이 투자 신탁은 FnGuide社가 산출·발표하는 \"FnGuide 바이오지수\"를 기초지수로 하여 1좌당 순자산가치의 변동률을 기초지수의 변동률 과 유사하도록 투자신탁재산을 운용함을 그 운용목적으로 합니다. - 이 투자신탁은 기본적으로 FnGuide社가 산출,발표하는 \"FnGuide 바이오지수\"(이하 기초지수라 합니다)를 완전복제하는 방식으로 포트폴리오를 구성할 예정입니다. - 본 투자신탁의 기초지수는 국내 상장 기업 중 바이오 사업을 영위하는 국내 기업을 대상으로 시가총액과 거래대금 등의 조건을 감안하여 투자 대상 기업을 선별한 후 동일가중방식으로 산출한 지수입니다. ','imgUrl','KODEX 바이오'),(66,'ETF','바이오/헬스','185680','개굴 이 글시티 S&P바이오','S&P Biotechnology 지수를 추종하는 ETF',' 이 투자신탁은 S&P Biotechnology Select Industry Index(당근  기준, 환헷지 안함)를 기초지수로 하여 1좌당 순자산가치의 변동률을 기초지수 변동률과 연동하여 투자신탁재산을 운용함을 목적으로 합니다. 기초지수는 S&P Total Market Index의 Biotechnology 산업 기업들을 동일가중방식으로 구성한 지수입니다. 기초지 수를 추종함에 있어 거래상대방과의 스왑을 통한 장외파생상품에의 투자가 중요한 운용 수단인 합성상장지수집합투자증권이며,  이에 따라 거래상대방의 신용위험 관리 및 담보자산 관리가 수익구조의 핵심입니다. 이 상품은 외화표시자산에 투자함에 따른 환율변동위험을 제거하기 위한 환헷지전략을 실시하지 않을 계획이므로 환율변동위험에 노출됩니다. ','imgUrl','KODEX 미국 S&P바이오'),(67,'ETF','금융','140700','개굴 보험','보험 지수를 추종하는 금융 ETF',' 1좌당 순자산가치의 변동률을 기초지수인 Insurance 지수의 변동률과 유사하도록 투자신탁재산을 운용하는 것을 목표로 합니다. 주주시티거래소가 산출하는 Insurance지수는 국내 보험업과 재보험업종을 대표하는 10개 종목으로 구성되어 있으며 2009.1.2 1,000pt를 기준으로 하여 발표되고 있습니다.  유동성, 재무상태 등의 기준을 적용하여 종목을 선정하며 유동주식가중 시가총액방식 지수로서 매년 9월 지수구성종목의 정기변 경이 이루어집니다. ','imgUrl','KODEX 보험'),(68,'ETF','금융','102970','개굴 증권주','국내 증권업종을 대표하는 ETF',' 1좌당 순자산가치의 변동률을 기초지수인 Securities 지수의 변동률과 유사하도록 투자신탁재산을 운용하는 것을 목표로 합니다. 주주시티거래소가 산출하는 Securities 지수는 국내 증권 산업의 주가흐름을 반영하는 지수로써 국내 증권업종을 대표하는 11개 종목으로 구성되어 있으며 2006.1.2 1,000pt를 기준으로 하여 발표되고 있습니다. 유동성, 재무상태 등의 기준을 적용하여 종목을 선정하며 유동주식가중 시가총액방식 지수로서 매년 9월 지수구성종목의 정기변경이 이루어집니다. ','imgUrl','KODEX 증권주'),(69,'ETF','금융','091170','개굴 은행','국내 은행업종을 대표하는 ETF',' 1좌당 순자산가치의 변동률을 기초지수인 Banks 지수의 변동률과 유사하도록 투자신탁재산을 운용하는 것을 목표로 합니다. 주주시티거래소가 산출하는 Banks지수는 은행업종의 주가흐름을 반영하는 지수로써 국내 은행산업을 대표하는 10개 종목으로 구성되어 있으며 2006.1.2 1,000pt를 기준으로 하여 발표되 고 있습니다. 유동성, 재무상태 등의 기준을 적용하여 종목을 선정하며 유동주식가중 시가총액방식 지수로서 매년 9월 지수구성 종목의 정기변경이 이루어집니다. ','imgUrl','KODEX 은행'),(70,'ETF','기계/건설','102960','개굴 기계장비','국내 기계장비업종에 투자하는 ETF',' 기계장비지수를 추적대상 지수로 하여 1좌당 순자산가치의 변동률을 추적대상지수의 변동률과 유사하도록 투자신탁재산을 운용함을 그 운용목적으로 합니다. 기계장비지수는 국내 기계장비업종을 대표하는 우량기업을 시가총액 가중방식으로 구성한 지수로 매년 1회 지수 정기변경이 이루어집니다. ','imgUrl','KODEX 기계장비'),(71,'ETF','기계/건설','117700',' 개굴 건설','국내 건설업종을 대표하는 ETF',' 1좌당 순자산가치의 변동률을 기초지수인 Constructions 지수의 변동률과 유사하 도록 투자신탁재산을 운용하는 것을 목표로 합니다. 주주시티거래소가 산출하는 Constructions 지수는 국내 종합건설업, 건축기 술 및 엔지니어링 서비스업종을 대표하는 10개 종목으로 구성되어 있으며 2007.1.2 1,000pt를 기준으로 하여 발표되고 있습니다. 유동성, 재무상태 등의 기준을 적용하여 종목을 선정하며 유동주식가중 시가총액방식 지수로서 매년 9월 지수구성종목의 정기변경이 이루어집니다. ','imgUrl','KODEX 건설'),(72,'ETF','기계/건설','139230','어흥 200 중공업','주주스피 200 중공업 지수를 추종하는 ETF','이 ETF는 국내 주식을 주된 투자대상자산으로 하며, “주주스피 200 중공업 지수”의 수익률 추종을 목적으로 합 니다. 주주시티거래소가 발표하는 “주주스피 200 중공업 지수”는 주주스피 200 지수 구성종목 중, 글로벌섹터분류기준(GICS) 체 계를 적용하여 산출한 주주스피 200 섹터분류 “중공업”에 속하는 종목으로 구성되며 연 1회 정기변경을 실시합니다. ','imgUrl','TIGER 200 중공업');
/*!40000 ALTER TABLE `stock` ENABLE KEYS */;
UNLOCK TABLES;

--
-- Table structure for table `stock_history`
--

DROP TABLE IF EXISTS `stock_history`;
/*!40101 SET @saved_cs_client     = @@character_set_client */;
/*!50503 SET character_set_client = utf8mb4 */;
CREATE TABLE `stock_history` (
  `stock_history_id` bigint NOT NULL AUTO_INCREMENT,
  `is_buy` bit(1) NOT NULL,
  `trade_count` bigint NOT NULL,
  `turn` bigint NOT NULL,
  `animal_id` bigint NOT NULL,
  `stock_id` bigint NOT NULL,
  `created_date` datetime(6) NOT NULL,
  `modified_date` datetime(6) NOT NULL,
  `trade_amount` bigint NOT NULL,
  PRIMARY KEY (`stock_history_id`),
  KEY `FKxygt487j0t1dokht8jgyqpp9` (`animal_id`),
  KEY `FKc0fynmctuwama4iw63dxxovqp` (`stock_id`),
  CONSTRAINT `FKc0fynmctuwama4iw63dxxovqp` FOREIGN KEY (`stock_id`) REFERENCES `stock` (`stock_id`),
  CONSTRAINT `FKxygt487j0t1dokht8jgyqpp9` FOREIGN KEY (`animal_id`) REFERENCES `animal` (`animal_id`)
) ENGINE=InnoDB AUTO_INCREMENT=52 DEFAULT CHARSET=utf8mb4 COLLATE=utf8mb4_0900_ai_ci;
/*!40101 SET character_set_client = @saved_cs_client */;

--
-- Dumping data for table `stock_history`
--

LOCK TABLES `stock_history` WRITE;
/*!40000 ALTER TABLE `stock_history` DISABLE KEYS */;
INSERT INTO `stock_history` VALUES (1,_binary '\0',1,10,2,1,'2024-10-08 07:41:24.247309','2024-10-08 07:41:24.247309',0),(2,_binary '\0',10,10,2,1,'2024-10-08 08:22:45.118475','2024-10-08 08:22:45.118475',0),(3,_binary '\0',1,11,2,1,'2024-10-08 16:29:08.744470','2024-10-08 16:29:08.744470',0),(4,_binary '\0',1,11,2,1,'2024-10-08 16:31:18.001435','2024-10-08 16:31:18.001435',0),(5,_binary '\0',1,11,2,3,'2024-10-08 17:35:26.364235','2024-10-08 17:35:26.364235',0),(6,_binary '\0',1,11,2,14,'2024-10-08 17:45:32.665284','2024-10-08 17:45:32.665284',0),(7,_binary '\0',5,11,2,66,'2024-10-08 19:15:14.025512','2024-10-08 19:15:14.025512',0),(8,_binary '\0',10,12,2,4,'2024-10-09 03:19:40.211893','2024-10-09 03:19:40.211893',0),(9,_binary '\0',5,12,2,11,'2024-10-09 03:22:51.550072','2024-10-09 03:22:51.550072',0),(10,_binary '\0',20,13,2,4,'2024-10-09 05:38:24.686080','2024-10-09 05:38:24.686080',0),(11,_binary '\0',30,13,2,4,'2024-10-09 05:39:43.652829','2024-10-09 05:39:43.652829',0),(12,_binary '\0',2,2,4,7,'2024-10-09 07:01:40.903080','2024-10-09 07:01:40.903080',0),(13,_binary '\0',1,1,6,3,'2024-10-09 07:01:42.740592','2024-10-09 07:01:42.740592',0),(14,_binary '\0',25,14,4,4,'2024-10-09 07:46:05.477915','2024-10-09 07:46:05.477915',0),(15,_binary '\0',8,14,4,28,'2024-10-09 07:49:14.728504','2024-10-09 07:49:14.728504',0),(16,_binary '\0',5,24,4,10,'2024-10-09 08:01:47.584520','2024-10-09 08:01:47.584520',0),(17,_binary '\0',500,1,7,1,'2024-10-09 08:53:40.863661','2024-10-09 08:53:40.863661',0),(18,_binary '\0',500,4,7,1,'2024-10-09 09:15:07.702043','2024-10-09 09:15:07.702043',0),(19,_binary '\0',1,15,2,25,'2024-10-09 12:51:40.878277','2024-10-09 12:51:40.878277',0),(20,_binary '\0',3,39,4,7,'2024-10-09 13:02:04.561154','2024-10-09 13:02:04.561154',0),(21,_binary '\0',5115,44,4,28,'2024-10-09 15:07:48.713697','2024-10-09 15:07:48.713697',0),(22,_binary '\0',5,13,8,1,'2024-10-09 16:19:49.607420','2024-10-09 16:19:49.607420',0),(23,_binary '\0',1,13,8,1,'2024-10-09 17:10:04.527763','2024-10-09 17:10:04.527763',55600),(24,_binary '\0',4,13,8,1,'2024-10-09 17:13:18.021548','2024-10-09 17:13:18.021548',222400),(25,_binary '\0',5,13,8,1,'2024-10-09 17:25:32.237479','2024-10-09 17:25:32.237479',-278000),(26,_binary '\0',5,13,8,16,'2024-10-09 17:55:34.604925','2024-10-09 17:55:34.604925',-1495000),(27,_binary '\0',10,15,2,9,'2024-10-09 23:52:28.179049','2024-10-09 23:52:28.179049',-1162500),(28,_binary '\0',20,13,8,64,'2024-10-10 00:20:37.949764','2024-10-10 00:20:37.949764',-230320),(29,_binary '\0',5,1,5,3,'2024-10-10 01:19:30.913424','2024-10-10 01:19:30.913424',-903750),(30,_binary '\0',1,13,8,1,'2024-10-10 03:23:39.856738','2024-10-10 03:23:39.856738',-55600),(31,_binary '\0',6,13,8,1,'2024-10-10 03:26:25.191252','2024-10-10 03:26:25.191252',333600),(32,_binary '\0',5,14,8,28,'2024-10-10 05:30:11.250534','2024-10-10 05:30:11.250534',-591360),(33,_binary '\0',5,14,8,28,'2024-10-10 05:58:23.717145','2024-10-10 05:58:23.717145',591360),(34,_binary '\0',2,14,8,16,'2024-10-10 05:58:51.074150','2024-10-10 05:58:51.074150',609500),(35,_binary '\0',1,4,5,1,'2024-10-10 06:56:33.113546','2024-10-10 06:56:33.113546',-61200),(36,_binary '\0',20,15,8,64,'2024-10-10 07:28:38.903799','2024-10-10 07:28:38.903799',224780),(37,_binary '\0',10,16,8,65,'2024-10-10 09:24:12.998130','2024-10-10 09:24:12.998130',-71530),(38,_binary '\0',10,17,8,1,'2024-10-10 12:58:20.010526','2024-10-10 12:58:20.010526',-561000),(39,_binary '\0',5,1,14,1,'2024-10-10 13:45:35.196388','2024-10-10 13:45:35.196388',-289500),(40,_binary '\0',1,1,12,1,'2024-10-10 15:02:07.564648','2024-10-10 15:02:07.564648',-57900),(41,_binary '\0',1,1,12,1,'2024-10-10 15:03:43.780473','2024-10-10 15:03:43.780473',57900),(42,_binary '\0',185,11,11,1,'2024-10-10 16:04:39.566121','2024-10-10 16:04:39.566121',-10489500),(43,_binary '\0',185,21,11,1,'2024-10-10 16:12:06.403962','2024-10-10 16:12:06.403962',11488500),(44,_binary '\0',422,21,11,13,'2024-10-10 16:12:34.040955','2024-10-10 16:12:34.040955',-11478400),(45,_binary '\0',20,3,3,1,'2024-10-10 17:52:34.122312','2024-10-10 17:52:34.122312',-1174000),(46,_binary '\0',30,3,3,6,'2024-10-10 17:53:32.007234','2024-10-10 17:53:32.007234',-520350),(47,_binary '\0',4,8,3,28,'2024-10-10 17:57:08.981839','2024-10-10 17:57:08.981839',-570096),(48,_binary '\0',20,8,3,1,'2024-10-10 17:57:23.065783','2024-10-10 17:57:23.065783',1219000),(49,_binary '\0',4,8,3,27,'2024-10-10 17:57:47.579016','2024-10-10 17:57:47.579016',-1118880),(50,_binary '\0',2,8,3,32,'2024-10-10 17:59:01.593665','2024-10-10 17:59:01.593665',-463536),(51,_binary '\0',8716,16,5,11,'2024-10-10 18:21:01.479968','2024-10-10 18:21:01.479968',-991445000);
/*!40000 ALTER TABLE `stock_history` ENABLE KEYS */;
UNLOCK TABLES;

--
-- Table structure for table `stock_holdings`
--

DROP TABLE IF EXISTS `stock_holdings`;
/*!40101 SET @saved_cs_client     = @@character_set_client */;
/*!50503 SET character_set_client = utf8mb4 */;
CREATE TABLE `stock_holdings` (
  `stock_holdings_id` bigint NOT NULL AUTO_INCREMENT,
  `animal_id` bigint NOT NULL,
  `stock_id` bigint NOT NULL,
  `stock_average_price` double NOT NULL,
  `stock_count` bigint NOT NULL,
  `stock_is_sold` bit(1) NOT NULL,
  `created_date` datetime(6) NOT NULL,
  `modified_date` datetime(6) NOT NULL,
  PRIMARY KEY (`stock_holdings_id`),
  KEY `FKkh67wmm87p0v3t9fy3dx50e4h` (`animal_id`),
  KEY `FK93jpr9gk7hld4v7roknpr539m` (`stock_id`),
  CONSTRAINT `FK93jpr9gk7hld4v7roknpr539m` FOREIGN KEY (`stock_id`) REFERENCES `stock` (`stock_id`),
  CONSTRAINT `FKkh67wmm87p0v3t9fy3dx50e4h` FOREIGN KEY (`animal_id`) REFERENCES `animal` (`animal_id`)
) ENGINE=InnoDB AUTO_INCREMENT=35 DEFAULT CHARSET=utf8mb4 COLLATE=utf8mb4_0900_ai_ci;
/*!40101 SET character_set_client = @saved_cs_client */;

--
-- Dumping data for table `stock_holdings`
--

LOCK TABLES `stock_holdings` WRITE;
/*!40000 ALTER TABLE `stock_holdings` DISABLE KEYS */;
INSERT INTO `stock_holdings` VALUES (1,2,1,73477.72730713907,109,_binary '\0','2024-10-08 06:15:47.000000','2024-10-08 16:31:18.005165'),(2,2,2,75000,100,_binary '\0','2024-10-08 06:15:47.000000','2024-10-08 06:15:47.000000'),(3,2,3,75000,99,_binary '\0','2024-10-08 06:15:47.000000','2024-10-08 17:35:26.368256'),(4,2,14,49755,1,_binary '\0','2024-10-08 17:45:32.663609','2024-10-08 17:45:32.663609'),(5,2,66,24988,5,_binary '\0','2024-10-08 19:15:14.023151','2024-10-08 19:15:14.023151'),(6,2,4,5671,0,_binary '\0','2024-10-09 03:19:40.210157','2024-10-09 05:39:43.654913'),(7,2,11,159250,5,_binary '\0','2024-10-09 03:22:51.548596','2024-10-09 03:22:51.548596'),(8,4,7,226968.75,5,_binary '\0','2024-10-09 07:01:40.898356','2024-10-09 13:02:04.564218'),(9,6,3,180750,1,_binary '\0','2024-10-09 07:01:42.738415','2024-10-09 07:01:42.738415'),(10,4,4,5510,25,_binary '\0','2024-10-09 07:46:05.475442','2024-10-09 07:46:05.475442'),(11,4,28,97.48945106466107,5123,_binary '\0','2024-10-09 07:49:14.674606','2024-10-09 15:07:48.718257'),(12,4,10,13554,5,_binary '\0','2024-10-09 08:01:47.535807','2024-10-09 08:01:47.535807'),(13,7,1,57900,500,_binary '\0','2024-10-09 08:53:40.857925','2024-10-09 09:15:07.709314'),(14,2,25,127,1,_binary '\0','2024-10-09 12:51:40.868328','2024-10-09 12:51:40.868328'),(15,8,1,55600,0,_binary '\0','2024-10-09 16:19:49.605872','2024-10-09 17:13:18.068373'),(16,8,1,55600,0,_binary '\0','2024-10-09 17:25:32.234786','2024-10-10 03:26:25.194463'),(17,8,16,299000,3,_binary '\0','2024-10-09 17:55:34.602832','2024-10-10 05:58:51.076721'),(18,2,9,116250,10,_binary '\0','2024-10-09 23:52:28.174551','2024-10-09 23:52:28.174551'),(19,8,64,11516,0,_binary '\0','2024-10-10 00:20:37.947557','2024-10-10 07:28:38.905468'),(20,5,3,180750,5,_binary '\0','2024-10-10 01:19:30.911022','2024-10-10 01:19:30.911022'),(21,8,28,84,0,_binary '\0','2024-10-10 05:30:11.232097','2024-10-10 05:58:23.733793'),(22,5,1,61200,1,_binary '\0','2024-10-10 06:56:33.108882','2024-10-10 06:56:33.108882'),(23,8,65,7153,10,_binary '\0','2024-10-10 09:24:12.987847','2024-10-10 09:24:12.987847'),(24,8,1,56100,10,_binary '\0','2024-10-10 12:58:19.973804','2024-10-10 12:58:19.973804'),(25,14,1,57900,5,_binary '\0','2024-10-10 13:45:35.193612','2024-10-10 13:45:35.193612'),(26,12,1,57900,0,_binary '\0','2024-10-10 15:02:07.559834','2024-10-10 15:03:43.782455'),(27,11,1,56700,0,_binary '\0','2024-10-10 16:04:39.559731','2024-10-10 16:12:06.406415'),(28,11,13,27200,422,_binary '\0','2024-10-10 16:12:34.038860','2024-10-10 16:12:34.038860'),(29,3,1,58700,0,_binary '\0','2024-10-10 17:52:34.119015','2024-10-10 17:57:23.067249'),(30,3,6,17345,30,_binary '\0','2024-10-10 17:53:32.004699','2024-10-10 17:53:32.004699'),(31,3,28,107,4,_binary '\0','2024-10-10 17:57:08.978696','2024-10-10 17:57:08.978696'),(32,3,27,210,4,_binary '\0','2024-10-10 17:57:47.577246','2024-10-10 17:57:47.577246'),(33,3,32,174,2,_binary '\0','2024-10-10 17:59:01.592075','2024-10-10 17:59:01.592075'),(34,5,11,113750,8716,_binary '\0','2024-10-10 18:21:01.474999','2024-10-10 18:21:01.474999');
/*!40000 ALTER TABLE `stock_holdings` ENABLE KEYS */;
UNLOCK TABLES;

--
-- Table structure for table `turn_record`
--

DROP TABLE IF EXISTS `turn_record`;
/*!40101 SET @saved_cs_client     = @@character_set_client */;
/*!50503 SET character_set_client = utf8mb4 */;
CREATE TABLE `turn_record` (
  `turn_record_id` bigint NOT NULL AUTO_INCREMENT,
  `animal_id` bigint NOT NULL,
  `turn_record_turn` bigint NOT NULL,
  `daily_charge` bigint NOT NULL,
  `deposit_finish` bigint NOT NULL,
  `deposit_make` bigint NOT NULL,
  `savings_finish` bigint NOT NULL,
  `savings_make` bigint NOT NULL,
  `loan_make` bigint NOT NULL,
  `loan_repay` bigint NOT NULL,
  `capital_make` bigint NOT NULL,
  `capital_repay` bigint NOT NULL,
  `savings_pay` bigint NOT NULL,
  `stock_buy` bigint NOT NULL,
  `stock_sell` bigint NOT NULL,
  `created_date` datetime(6) NOT NULL,
  `modified_date` datetime(6) NOT NULL,
  PRIMARY KEY (`turn_record_id`),
  KEY `FKyfw67k9xu8mkjkypmqim9w1q` (`animal_id`),
  CONSTRAINT `FKyfw67k9xu8mkjkypmqim9w1q` FOREIGN KEY (`animal_id`) REFERENCES `animal` (`animal_id`)
) ENGINE=InnoDB AUTO_INCREMENT=161 DEFAULT CHARSET=utf8mb4 COLLATE=utf8mb4_0900_ai_ci;
/*!40101 SET character_set_client = @saved_cs_client */;

--
-- Dumping data for table `turn_record`
--

LOCK TABLES `turn_record` WRITE;
/*!40000 ALTER TABLE `turn_record` DISABLE KEYS */;
INSERT INTO `turn_record` VALUES (1,2,1,0,0,0,0,0,0,0,0,0,0,0,0,'2024-10-08 06:09:30.000000','2024-10-08 06:09:30.000000'),(2,2,2,0,0,0,0,0,0,0,0,0,0,0,0,'2024-10-08 06:09:30.000000','2024-10-08 06:09:30.000000'),(3,2,3,0,0,0,0,0,0,0,0,0,0,0,0,'2024-10-08 06:09:30.000000','2024-10-08 06:09:30.000000'),(4,2,4,0,0,0,0,0,0,0,0,0,0,0,0,'2024-10-08 06:09:30.000000','2024-10-08 06:09:30.000000'),(5,2,5,0,0,0,0,0,0,0,0,0,0,0,0,'2024-10-08 06:09:30.000000','2024-10-08 06:09:30.000000'),(6,2,6,0,0,0,0,0,0,0,0,0,0,0,0,'2024-10-08 06:09:30.000000','2024-10-08 06:09:30.000000'),(7,2,7,0,0,0,0,0,0,0,0,0,0,0,0,'2024-10-08 06:09:30.000000','2024-10-08 06:09:30.000000'),(8,2,8,0,0,0,0,0,0,0,0,0,0,0,0,'2024-10-08 06:09:30.000000','2024-10-08 06:09:30.000000'),(9,2,9,0,0,0,0,0,0,0,0,0,0,0,0,'2024-10-08 06:09:30.000000','2024-10-08 06:09:30.000000'),(10,2,10,0,1005000,-21000000,0,-10000000,10000000,-1010000,0,0,0,-587000,58700,'2024-10-08 06:09:30.000000','2024-10-08 12:44:21.890270'),(11,2,11,0,10050000,-16000000,0,0,12000000,-21200454,0,0,10100000,-231395,256950,'2024-10-08 13:30:29.238284','2024-10-08 19:15:14.027434'),(12,2,12,0,0,0,0,0,0,-100000,0,0,10100000,-852700,0,'2024-10-09 01:52:37.346591','2024-10-09 03:22:51.551292'),(13,2,13,0,0,-500000,0,0,0,-97500,0,0,10100000,-114200,171300,'2024-10-09 05:29:41.789123','2024-10-09 05:39:43.654533'),(14,3,1,2400000,0,0,0,0,0,0,0,0,0,0,0,'2024-10-09 05:56:19.931252','2024-10-09 07:55:41.323598'),(15,2,14,0,0,0,0,0,0,-95000,900000,0,10100000,0,0,'2024-10-09 06:16:05.998528','2024-10-09 06:26:55.850514'),(16,4,1,0,0,0,0,0,0,0,0,0,0,0,0,'2024-10-09 06:40:26.562720','2024-10-09 06:40:26.562720'),(17,5,1,1100000,0,0,0,0,0,0,0,0,0,-903750,0,'2024-10-09 06:41:28.079716','2024-10-10 01:19:30.915062'),(18,2,15,2800000,6180000,0,0,0,0,-92500,0,0,10100000,-1162627,0,'2024-10-09 06:52:23.444363','2024-10-09 23:54:45.686037'),(19,4,2,0,0,0,0,-500000,0,0,0,0,0,-483000,0,'2024-10-09 06:59:06.100884','2024-10-09 07:01:40.907185'),(20,6,1,0,0,0,0,0,0,0,0,0,0,-180750,0,'2024-10-09 07:00:36.789921','2024-10-09 07:01:42.741966'),(21,4,3,0,0,0,0,0,0,0,0,0,0,0,0,'2024-10-09 07:01:51.549834','2024-10-09 07:01:51.549834'),(22,4,4,0,0,0,502500,0,0,0,0,0,0,0,0,'2024-10-09 07:03:47.407531','2024-10-09 07:03:47.407531'),(23,4,5,0,0,0,0,0,0,0,0,0,0,0,0,'2024-10-09 07:03:50.849900','2024-10-09 07:03:50.849900'),(24,4,6,0,0,0,0,0,0,0,0,0,0,0,0,'2024-10-09 07:03:59.028559','2024-10-09 07:03:59.028559'),(25,4,7,0,0,0,0,0,0,0,0,0,0,0,0,'2024-10-09 07:04:02.029416','2024-10-09 07:04:02.029416'),(26,4,8,0,0,0,0,0,0,0,0,0,0,0,0,'2024-10-09 07:04:06.950654','2024-10-09 07:04:06.950654'),(27,4,9,0,0,0,0,0,0,0,0,0,0,0,0,'2024-10-09 07:04:15.912232','2024-10-09 07:04:15.912232'),(28,4,10,0,0,0,0,0,0,0,0,0,0,0,0,'2024-10-09 07:04:21.490883','2024-10-09 07:04:21.490883'),(29,4,11,0,0,0,0,0,0,0,0,0,0,0,0,'2024-10-09 07:04:40.607313','2024-10-09 07:04:40.607313'),(30,4,12,0,0,0,0,0,0,0,0,0,0,0,0,'2024-10-09 07:39:20.177530','2024-10-09 07:39:20.177530'),(31,4,13,0,0,0,0,0,0,0,0,0,0,0,0,'2024-10-09 07:41:43.545806','2024-10-09 07:41:43.545806'),(32,4,14,0,0,0,0,0,0,0,0,0,0,-138422,0,'2024-10-09 07:45:24.292526','2024-10-09 07:49:14.735434'),(33,4,15,0,0,0,0,0,0,0,0,0,0,0,0,'2024-10-09 07:50:03.163435','2024-10-09 07:50:03.163435'),(34,4,16,0,0,0,0,0,0,0,0,0,0,0,0,'2024-10-09 07:50:13.992368','2024-10-09 07:50:13.992368'),(35,4,17,0,0,0,0,0,0,0,0,0,0,0,0,'2024-10-09 07:50:26.839702','2024-10-09 07:50:26.839702'),(36,4,18,0,0,0,0,0,0,0,0,0,0,0,0,'2024-10-09 07:50:38.181802','2024-10-09 07:50:38.181802'),(37,4,19,0,0,-200000,0,0,0,0,0,0,0,0,0,'2024-10-09 07:52:59.291160','2024-10-09 07:53:32.056763'),(38,4,20,0,0,0,0,0,0,0,0,0,0,0,0,'2024-10-09 07:53:45.736015','2024-10-09 07:53:45.736015'),(39,4,21,0,0,0,0,0,0,0,0,0,0,0,0,'2024-10-09 07:53:54.667189','2024-10-09 07:53:54.667189'),(40,4,22,0,0,0,0,0,0,0,0,0,0,0,0,'2024-10-09 07:54:05.835969','2024-10-09 07:54:05.835969'),(41,4,23,0,0,0,0,0,0,0,0,0,0,0,0,'2024-10-09 07:54:18.662685','2024-10-09 07:54:18.662685'),(42,4,24,0,0,0,0,-10000,0,0,0,0,0,-67770,0,'2024-10-09 07:54:30.583282','2024-10-09 08:02:46.764516'),(43,4,25,0,0,0,0,0,0,0,0,0,-10000,0,0,'2024-10-09 08:06:55.126137','2024-10-09 08:06:55.126137'),(44,4,26,0,0,0,0,0,0,0,0,0,-10000,0,0,'2024-10-09 08:07:08.007749','2024-10-09 08:07:08.007749'),(45,4,27,0,0,0,0,0,0,0,0,0,-10000,0,0,'2024-10-09 08:07:21.576565','2024-10-09 08:07:21.576565'),(46,4,28,0,0,0,0,0,0,0,0,0,-10000,0,0,'2024-10-09 08:07:43.087743','2024-10-09 08:07:43.087743'),(47,4,29,0,220000,0,200000,0,0,0,0,0,0,0,0,'2024-10-09 08:07:53.212513','2024-10-09 08:07:53.212513'),(48,4,30,0,0,0,0,0,0,0,0,0,0,0,0,'2024-10-09 08:08:07.588932','2024-10-09 08:08:07.588932'),(49,4,31,0,0,0,0,0,0,0,0,0,0,0,0,'2024-10-09 08:08:16.716531','2024-10-09 08:08:16.716531'),(50,4,32,0,0,0,0,0,0,0,0,0,0,0,0,'2024-10-09 08:08:25.745073','2024-10-09 08:08:25.745073'),(51,4,33,0,0,0,0,0,0,0,0,0,0,0,0,'2024-10-09 08:08:34.977604','2024-10-09 08:08:34.977604'),(52,4,34,0,0,0,0,0,0,0,0,0,0,0,0,'2024-10-09 08:08:46.371785','2024-10-09 08:08:46.371785'),(53,4,35,0,0,0,0,0,0,0,0,0,0,0,0,'2024-10-09 08:08:58.301717','2024-10-09 08:08:58.301717'),(54,4,36,0,0,0,0,0,0,0,0,0,0,0,0,'2024-10-09 08:09:53.495292','2024-10-09 08:09:53.495292'),(55,4,37,0,0,0,0,0,0,0,0,0,0,0,0,'2024-10-09 08:10:05.433516','2024-10-09 08:10:05.433516'),(56,4,38,0,0,0,0,0,0,0,0,0,0,0,0,'2024-10-09 08:10:17.919290','2024-10-09 08:10:17.919290'),(57,4,39,3900000,0,-100000,0,-500000,0,0,900000,0,0,-608250,0,'2024-10-09 08:10:28.794283','2024-10-09 13:47:06.496131'),(58,7,1,0,0,-100000,0,0,10800012000,0,0,0,0,-28950000,0,'2024-10-09 08:20:18.151995','2024-10-09 08:53:40.868221'),(59,7,2,2700000,0,0,0,-1000000,0,-11340012599,90000000,0,0,0,0,'2024-10-09 08:54:20.221987','2024-10-09 09:06:29.050231'),(60,7,3,0,0,0,0,0,0,0,0,0,-1000000,0,0,'2024-10-09 09:09:09.949093','2024-10-09 09:09:09.949093'),(61,7,4,0,0,0,0,0,0,0,0,0,0,0,0,'2024-10-09 09:15:07.705077','2024-10-09 09:15:07.705077'),(62,8,1,0,0,0,0,0,0,0,900000,0,0,0,0,'2024-10-09 13:37:06.819333','2024-10-09 14:50:29.334244'),(63,4,40,0,0,0,0,0,0,0,0,0,-500000,0,0,'2024-10-09 15:06:22.057701','2024-10-09 15:06:22.057701'),(64,4,41,0,0,0,0,0,0,0,0,0,-500000,0,0,'2024-10-09 15:06:33.042914','2024-10-09 15:06:33.042914'),(65,4,42,0,0,0,0,0,0,0,0,0,-500000,0,0,'2024-10-09 15:06:47.487974','2024-10-09 15:06:47.487974'),(66,4,43,0,0,0,0,0,0,0,0,0,-500000,0,0,'2024-10-09 15:06:58.854096','2024-10-09 15:06:58.854096'),(67,4,44,0,103000,-460298,0,0,0,0,450000,0,-500000,-567765,0,'2024-10-09 15:07:08.848286','2024-10-09 15:43:45.523188'),(68,8,2,0,0,0,0,0,0,0,0,0,0,0,0,'2024-10-09 15:07:28.025779','2024-10-09 15:07:28.025779'),(69,8,3,0,0,0,0,0,0,0,0,0,0,0,0,'2024-10-09 15:07:31.860877','2024-10-09 15:07:31.860877'),(70,8,4,0,0,0,0,0,0,0,0,0,0,0,0,'2024-10-09 15:07:34.665743','2024-10-09 15:07:34.665743'),(71,8,5,0,0,0,0,0,0,0,0,0,0,0,0,'2024-10-09 15:07:36.743008','2024-10-09 15:07:36.743008'),(72,8,6,0,0,0,0,0,0,0,0,0,0,0,0,'2024-10-09 15:07:39.795956','2024-10-09 15:07:39.795956'),(73,8,7,0,0,0,0,0,0,0,0,0,0,0,0,'2024-10-09 15:07:44.090042','2024-10-09 15:07:44.090042'),(74,8,8,0,0,0,0,0,0,0,0,0,0,0,0,'2024-10-09 15:07:47.774749','2024-10-09 15:07:47.774749'),(75,8,9,0,0,0,0,0,0,0,0,0,0,0,0,'2024-10-09 15:07:49.746814','2024-10-09 15:07:49.746814'),(76,8,10,0,0,0,0,0,0,0,0,0,0,0,0,'2024-10-09 15:07:51.950461','2024-10-09 15:07:51.950461'),(77,8,11,0,0,0,0,0,0,0,0,0,0,0,0,'2024-10-09 15:07:54.110167','2024-10-09 15:07:54.110167'),(78,8,12,4200000,0,0,0,0,0,0,450000,0,0,0,0,'2024-10-09 15:07:58.092761','2024-10-09 15:18:15.218922'),(79,8,13,0,0,0,0,0,0,0,450000,0,0,-2336920,611600,'2024-10-09 15:20:13.812082','2024-10-10 03:26:25.194395'),(80,4,45,0,0,0,0,0,0,0,0,0,0,0,0,'2024-10-09 16:04:07.392487','2024-10-09 16:04:07.392487'),(81,4,46,0,0,0,3015000,0,0,0,0,0,0,0,0,'2024-10-09 16:04:35.468230','2024-10-09 16:04:35.468230'),(82,4,47,0,0,0,0,0,0,0,0,0,0,0,0,'2024-10-09 16:04:48.161327','2024-10-09 16:04:48.161327'),(83,4,48,0,0,0,0,0,0,0,0,0,0,0,0,'2024-10-09 16:04:58.976047','2024-10-09 16:04:58.976047'),(84,4,49,0,0,0,0,0,0,0,0,0,0,0,0,'2024-10-09 16:05:15.129581','2024-10-09 16:05:15.129581'),(85,4,50,0,0,0,0,0,0,0,0,0,0,0,0,'2024-10-09 16:05:28.770103','2024-10-09 16:05:28.770103'),(86,5,2,0,0,0,0,0,0,0,0,0,0,0,0,'2024-10-10 01:19:59.412850','2024-10-10 01:19:59.412850'),(87,5,3,600000,0,0,0,-500000,0,0,0,0,0,0,0,'2024-10-10 01:21:21.124627','2024-10-10 06:19:31.390367'),(88,8,14,0,0,0,0,0,0,0,0,0,0,-591360,1200860,'2024-10-10 03:26:42.578374','2024-10-10 05:58:51.076658'),(89,8,15,0,0,0,0,0,0,0,0,0,0,0,224780,'2024-10-10 06:02:35.293170','2024-10-10 07:28:38.905377'),(90,2,16,0,1030000,0,0,0,0,-90000,0,0,-10100000,0,0,'2024-10-10 06:15:03.864804','2024-10-10 06:15:03.864804'),(91,5,4,600000,0,0,0,0,0,0,9000000,0,-500000,-61200,0,'2024-10-10 06:19:54.595248','2024-10-10 07:27:08.906908'),(92,9,1,0,0,0,0,0,0,0,0,0,0,0,0,'2024-10-10 07:28:32.970942','2024-10-10 07:28:32.970942'),(93,10,1,0,0,0,0,0,0,0,0,0,0,0,0,'2024-10-10 07:35:27.297657','2024-10-10 07:35:27.297657'),(94,5,5,0,0,0,0,0,0,0,0,0,-500000,0,0,'2024-10-10 07:36:49.013090','2024-10-10 07:36:49.013090'),(95,11,1,0,0,0,0,0,0,0,4500000,0,0,0,0,'2024-10-10 07:37:40.601121','2024-10-10 07:45:43.965072'),(96,5,6,600000,0,0,0,0,0,0,0,0,-500000,0,0,'2024-10-10 07:56:19.033925','2024-10-10 09:51:05.298293'),(97,12,1,400000,0,-1000000,0,0,120000,0,0,0,0,-57900,57900,'2024-10-10 07:59:28.208729','2024-10-10 15:03:43.782348'),(98,8,16,0,0,0,0,0,0,0,0,0,0,-71530,0,'2024-10-10 09:20:41.553043','2024-10-10 09:24:13.005659'),(99,8,17,0,0,0,0,0,0,0,0,0,0,-561000,0,'2024-10-10 10:21:39.370578','2024-10-10 12:58:20.014654'),(100,5,7,500000,0,0,0,0,0,0,0,0,-500000,0,0,'2024-10-10 10:34:59.431461','2024-10-10 10:36:01.146819'),(101,5,8,900000,0,0,10000000,0,0,0,0,0,0,0,0,'2024-10-10 10:38:03.318838','2024-10-10 10:40:51.669009'),(102,3,2,400000,0,0,0,0,0,0,0,0,0,0,0,'2024-10-10 10:43:50.807768','2024-10-10 10:44:16.908441'),(103,3,3,600000,0,-700000,0,0,0,0,0,0,0,-1694350,0,'2024-10-10 10:44:34.366298','2024-10-10 17:53:32.008226'),(104,5,9,700000,0,0,0,-1000000,10000000,0,0,0,0,0,0,'2024-10-10 10:50:21.262396','2024-10-10 11:47:42.812129'),(105,5,10,600000,0,0,2010000,0,0,-10087000,0,0,-1000000,0,0,'2024-10-10 12:01:10.031254','2024-10-10 17:51:29.793152'),(106,13,1,0,0,0,0,0,0,0,0,0,0,0,0,'2024-10-10 12:43:21.481299','2024-10-10 12:43:21.481299'),(107,14,1,0,0,0,0,0,120000,0,9000000,0,0,-289500,0,'2024-10-10 13:31:43.775661','2024-10-10 14:08:38.456969'),(108,12,2,0,0,0,0,0,0,-121100,450000,0,0,0,0,'2024-10-10 15:04:10.787115','2024-10-10 15:09:02.973217'),(109,12,3,600000,0,0,0,-50000,0,0,0,0,0,0,0,'2024-10-10 15:11:28.676326','2024-10-10 15:16:08.624448'),(110,12,4,0,0,0,0,0,0,0,0,0,-50000,0,0,'2024-10-10 15:16:32.103757','2024-10-10 15:16:32.103757'),(111,12,5,0,0,0,0,0,0,0,0,0,-50000,0,0,'2024-10-10 15:19:28.738460','2024-10-10 15:19:28.738460'),(112,12,6,0,0,0,0,0,0,0,0,0,-50000,0,0,'2024-10-10 15:19:42.896125','2024-10-10 15:19:42.896125'),(113,12,7,0,0,0,0,0,0,0,0,0,-50000,0,0,'2024-10-10 15:20:22.187839','2024-10-10 15:20:22.187839'),(114,12,8,0,0,0,252000,0,0,0,0,0,0,0,0,'2024-10-10 15:21:10.578628','2024-10-10 15:21:10.578628'),(115,12,9,0,0,0,0,0,0,0,0,0,0,0,0,'2024-10-10 15:21:18.306369','2024-10-10 15:21:18.306369'),(116,12,10,0,0,0,0,0,0,0,0,0,0,0,0,'2024-10-10 15:22:54.243069','2024-10-10 15:22:54.243069'),(117,12,11,0,1100000,0,0,0,0,0,0,0,0,0,0,'2024-10-10 15:23:30.859694','2024-10-10 15:23:30.859694'),(118,12,12,0,0,0,0,0,0,0,0,0,0,0,0,'2024-10-10 15:23:44.043011','2024-10-10 15:23:44.043011'),(119,12,13,0,0,0,0,0,0,0,0,0,0,0,0,'2024-10-10 15:24:46.496920','2024-10-10 15:24:46.496920'),(120,12,14,0,0,0,0,-2010000,0,0,5850000,0,0,0,0,'2024-10-10 15:25:27.735496','2024-10-10 15:34:44.604692'),(121,12,15,700000,0,0,0,0,0,0,0,0,-2010000,0,0,'2024-10-10 15:37:39.103382','2024-10-10 15:42:11.079150'),(122,12,16,0,0,-381690,0,0,0,0,0,0,0,0,0,'2024-10-10 15:43:31.618824','2024-10-10 15:44:21.736222'),(123,12,50,0,0,0,0,0,0,0,0,0,0,0,0,'2024-10-10 15:48:28.338277','2024-10-10 15:48:28.338277'),(124,15,1,0,0,-1000000,0,0,120000,0,0,0,0,0,0,'2024-10-10 15:56:13.219367','2024-10-10 16:49:10.205312'),(125,11,11,0,0,0,0,0,0,0,0,0,0,-10489500,0,'2024-10-10 16:04:17.299537','2024-10-10 16:04:39.569979'),(126,11,12,0,0,0,0,0,0,0,0,0,0,0,0,'2024-10-10 16:04:45.458963','2024-10-10 16:04:45.458963'),(127,11,13,0,0,0,0,0,0,0,0,0,0,0,0,'2024-10-10 16:05:10.238961','2024-10-10 16:05:10.238961'),(128,11,14,0,0,0,0,0,0,0,0,0,0,0,0,'2024-10-10 16:10:30.884562','2024-10-10 16:10:30.884562'),(129,11,15,0,0,0,0,0,0,0,0,0,0,0,0,'2024-10-10 16:10:34.901681','2024-10-10 16:10:34.901681'),(130,11,16,0,0,0,0,0,0,0,0,0,0,0,0,'2024-10-10 16:10:39.407300','2024-10-10 16:10:39.407300'),(131,11,17,0,0,0,0,0,0,0,0,0,0,0,0,'2024-10-10 16:10:44.209242','2024-10-10 16:10:44.209242'),(132,11,18,0,0,0,0,0,0,0,0,0,0,0,0,'2024-10-10 16:10:58.333573','2024-10-10 16:10:58.333573'),(133,11,19,0,0,0,0,0,0,0,0,0,0,0,0,'2024-10-10 16:11:01.467096','2024-10-10 16:11:01.467096'),(134,11,20,0,0,0,0,0,0,0,0,0,0,0,0,'2024-10-10 16:11:03.829932','2024-10-10 16:11:03.829932'),(135,11,21,0,0,0,0,0,0,0,0,0,0,-11478400,11488500,'2024-10-10 16:11:11.171276','2024-10-10 16:12:34.042338'),(136,11,22,300000,0,0,0,0,0,0,0,0,0,0,0,'2024-10-10 16:12:45.333470','2024-10-10 16:31:51.529358'),(137,11,23,700000,0,-1000000,0,-10000,0,0,0,0,0,0,0,'2024-10-10 16:31:55.463904','2024-10-10 17:15:58.612620'),(138,16,1,0,0,0,0,0,0,0,0,0,0,0,0,'2024-10-10 17:21:33.387511','2024-10-10 17:21:33.387511'),(139,5,11,0,0,0,0,0,0,0,0,0,0,0,0,'2024-10-10 17:52:25.145272','2024-10-10 17:52:25.145272'),(140,5,12,0,0,0,0,0,0,0,0,0,0,0,0,'2024-10-10 17:52:31.652898','2024-10-10 17:52:31.652898'),(141,5,13,0,0,0,0,0,0,0,0,0,0,0,0,'2024-10-10 17:52:44.595668','2024-10-10 17:52:44.595668'),(142,3,4,0,0,0,0,0,0,0,0,0,0,0,0,'2024-10-10 17:54:24.679921','2024-10-10 17:54:24.679921'),(143,3,5,0,0,0,0,0,0,0,0,0,0,0,0,'2024-10-10 17:54:31.407795','2024-10-10 17:54:31.407795'),(144,3,6,0,0,0,0,0,0,0,0,0,0,0,0,'2024-10-10 17:54:38.199953','2024-10-10 17:54:38.199953'),(145,3,7,0,0,0,0,0,0,0,0,0,0,0,0,'2024-10-10 17:54:58.836098','2024-10-10 17:54:58.836098'),(146,3,8,500000,721000,-1000000,0,-100000,0,0,0,0,0,-2152512,1219000,'2024-10-10 17:55:25.901527','2024-10-10 17:59:01.594812'),(147,3,9,0,0,0,0,0,0,0,0,0,-100000,0,0,'2024-10-10 17:59:07.349328','2024-10-10 17:59:07.349328'),(148,3,10,0,0,0,0,0,0,0,0,0,0,0,0,'2024-10-10 17:59:54.918273','2024-10-10 17:59:54.918273'),(149,3,11,0,0,0,201000,0,0,0,0,0,0,0,0,'2024-10-10 18:00:04.381835','2024-10-10 18:00:04.381835'),(150,5,14,0,0,0,0,0,0,0,0,0,0,0,0,'2024-10-10 18:11:20.416951','2024-10-10 18:11:20.416951'),(151,5,15,0,0,0,0,0,0,0,0,0,0,0,0,'2024-10-10 18:19:04.314716','2024-10-10 18:19:04.314716'),(152,5,16,0,0,0,0,0,0,0,0,0,0,-991445000,0,'2024-10-10 18:19:53.634872','2024-10-10 18:21:01.483876'),(153,16,2,0,0,0,0,0,0,0,0,0,0,0,0,'2024-10-10 18:31:22.209231','2024-10-10 18:31:22.209231'),(154,16,3,0,0,0,0,0,0,0,0,0,0,0,0,'2024-10-10 18:32:12.555036','2024-10-10 18:32:12.555036'),(155,16,4,0,0,0,0,0,0,0,0,0,0,0,0,'2024-10-10 18:32:34.995473','2024-10-10 18:32:34.995473'),(156,5,17,0,0,0,0,0,0,0,0,0,0,0,0,'2024-10-10 18:32:53.410338','2024-10-10 18:32:53.410338'),(157,16,5,0,0,0,0,0,0,0,0,0,0,0,0,'2024-10-10 18:33:44.703814','2024-10-10 18:33:44.703814'),(158,16,6,0,0,0,0,0,0,0,0,0,0,0,0,'2024-10-10 18:35:01.156773','2024-10-10 18:35:01.156773'),(159,17,1,0,0,0,0,0,0,0,0,0,0,0,0,'2024-10-10 19:23:46.832667','2024-10-10 19:23:46.832667'),(160,18,1,0,0,0,0,0,0,0,0,0,0,0,0,'2024-10-10 23:49:58.920566','2024-10-10 23:49:58.920566');
/*!40000 ALTER TABLE `turn_record` ENABLE KEYS */;
UNLOCK TABLES;

--
-- Table structure for table `warning_record`
--

DROP TABLE IF EXISTS `warning_record`;
/*!40101 SET @saved_cs_client     = @@character_set_client */;
/*!50503 SET character_set_client = utf8mb4 */;
CREATE TABLE `warning_record` (
  `warning_record_id` bigint NOT NULL AUTO_INCREMENT,
  `animal_id` bigint NOT NULL,
  `deposit_repay` bigint NOT NULL,
  `deposit_total` bigint NOT NULL,
  `savings_repay` bigint NOT NULL,
  `savings_total` bigint NOT NULL,
  `stock_repay` bigint NOT NULL,
  `stock_total` bigint NOT NULL,
  `warning_savings_count` bigint NOT NULL,
  `warning_loan_count` bigint NOT NULL,
  `warning_record_turn` bigint NOT NULL,
  `created_date` datetime(6) NOT NULL,
  `modified_date` datetime(6) NOT NULL,
  PRIMARY KEY (`warning_record_id`),
  KEY `FK4fxloyycxnv0v96reu1g055ie` (`animal_id`),
  CONSTRAINT `FK4fxloyycxnv0v96reu1g055ie` FOREIGN KEY (`animal_id`) REFERENCES `animal` (`animal_id`)
) ENGINE=InnoDB AUTO_INCREMENT=161 DEFAULT CHARSET=utf8mb4 COLLATE=utf8mb4_0900_ai_ci;
/*!40101 SET character_set_client = @saved_cs_client */;

--
-- Dumping data for table `warning_record`
--

LOCK TABLES `warning_record` WRITE;
/*!40000 ALTER TABLE `warning_record` DISABLE KEYS */;
INSERT INTO `warning_record` VALUES (1,2,0,0,0,0,0,0,0,0,1,'2024-10-08 06:10:22.000000','2024-10-08 06:10:22.000000'),(2,2,0,0,0,0,0,0,0,0,2,'2024-10-08 06:10:22.000000','2024-10-08 06:10:22.000000'),(3,2,0,0,0,0,0,0,0,0,3,'2024-10-08 06:10:22.000000','2024-10-08 06:10:22.000000'),(4,2,0,0,0,0,0,0,0,0,4,'2024-10-08 06:10:22.000000','2024-10-08 06:10:22.000000'),(5,2,0,0,0,0,0,0,0,0,5,'2024-10-08 06:10:22.000000','2024-10-08 06:10:22.000000'),(6,2,0,0,0,0,0,0,0,0,6,'2024-10-08 06:10:22.000000','2024-10-08 06:10:22.000000'),(7,2,0,0,0,0,0,0,0,0,7,'2024-10-08 06:10:22.000000','2024-10-08 06:10:22.000000'),(8,2,0,0,0,0,0,0,0,0,8,'2024-10-08 06:10:22.000000','2024-10-08 06:10:22.000000'),(9,2,0,0,0,0,0,0,0,0,9,'2024-10-08 06:10:22.000000','2024-10-08 06:10:22.000000'),(10,2,0,0,0,0,0,0,0,0,10,'2024-10-08 06:10:22.000000','2024-10-08 06:10:22.000000'),(11,2,0,0,0,0,0,0,0,0,11,'2024-10-08 13:30:29.242452','2024-10-08 13:30:29.242452'),(12,2,0,0,0,0,0,0,0,0,12,'2024-10-09 01:52:37.350265','2024-10-09 01:52:37.350265'),(13,2,0,0,0,0,0,0,0,0,13,'2024-10-09 05:29:41.791589','2024-10-09 05:29:41.791589'),(14,3,0,0,0,0,0,0,0,0,1,'2024-10-09 05:56:19.940702','2024-10-09 05:56:19.940702'),(15,2,0,0,0,0,0,0,0,0,14,'2024-10-09 06:16:06.000339','2024-10-09 06:16:06.000339'),(16,4,0,0,0,0,0,0,0,0,1,'2024-10-09 06:40:26.572637','2024-10-09 06:40:26.572637'),(17,5,0,0,0,0,0,0,0,0,1,'2024-10-09 06:41:28.094798','2024-10-09 06:41:28.094798'),(18,2,0,0,0,0,0,0,0,0,15,'2024-10-09 06:52:23.446770','2024-10-09 06:52:23.446770'),(19,4,0,0,0,0,0,0,0,0,2,'2024-10-09 06:59:06.149588','2024-10-09 06:59:06.149588'),(20,6,0,0,0,0,0,0,0,0,1,'2024-10-09 07:00:36.797692','2024-10-09 07:00:36.797692'),(21,4,0,0,0,0,0,0,1,0,3,'2024-10-09 07:01:51.552680','2024-10-09 07:01:51.552680'),(22,4,0,0,0,0,0,0,0,0,4,'2024-10-09 07:03:47.409110','2024-10-09 07:03:47.409110'),(23,4,0,0,0,0,0,0,0,0,5,'2024-10-09 07:03:50.852906','2024-10-09 07:03:50.852906'),(24,4,0,0,0,0,0,0,0,0,6,'2024-10-09 07:03:59.029965','2024-10-09 07:03:59.029965'),(25,4,0,0,0,0,0,0,0,0,7,'2024-10-09 07:04:02.031641','2024-10-09 07:04:02.031641'),(26,4,0,0,0,0,0,0,0,0,8,'2024-10-09 07:04:06.954460','2024-10-09 07:04:06.954460'),(27,4,0,0,0,0,0,0,0,0,9,'2024-10-09 07:04:15.915110','2024-10-09 07:04:15.915110'),(28,4,0,0,0,0,0,0,0,0,10,'2024-10-09 07:04:21.493644','2024-10-09 07:04:21.493644'),(29,4,0,0,0,0,0,0,0,0,11,'2024-10-09 07:04:40.610343','2024-10-09 07:04:40.610343'),(30,4,0,0,0,0,0,0,0,0,12,'2024-10-09 07:39:20.179680','2024-10-09 07:39:20.179680'),(31,4,0,0,0,0,0,0,0,0,13,'2024-10-09 07:41:43.547660','2024-10-09 07:41:43.547660'),(32,4,0,0,0,0,0,0,0,0,14,'2024-10-09 07:45:24.293933','2024-10-09 07:45:24.293933'),(33,4,0,0,0,0,0,0,0,0,15,'2024-10-09 07:50:03.167910','2024-10-09 07:50:03.167910'),(34,4,0,0,0,0,0,0,0,0,16,'2024-10-09 07:50:13.995076','2024-10-09 07:50:13.995076'),(35,4,0,0,0,0,0,0,0,0,17,'2024-10-09 07:50:26.843523','2024-10-09 07:50:26.843523'),(36,4,0,0,0,0,0,0,0,0,18,'2024-10-09 07:50:38.183784','2024-10-09 07:50:38.183784'),(37,4,0,0,0,0,0,0,0,0,19,'2024-10-09 07:52:59.294917','2024-10-09 07:52:59.294917'),(38,4,0,0,0,0,0,0,0,0,20,'2024-10-09 07:53:45.737788','2024-10-09 07:53:45.737788'),(39,4,0,0,0,0,0,0,0,0,21,'2024-10-09 07:53:54.669500','2024-10-09 07:53:54.669500'),(40,4,0,0,0,0,0,0,0,0,22,'2024-10-09 07:54:05.837605','2024-10-09 07:54:05.837605'),(41,4,0,0,0,0,0,0,0,0,23,'2024-10-09 07:54:18.664053','2024-10-09 07:54:18.664053'),(42,4,0,0,0,0,0,0,0,0,24,'2024-10-09 07:54:30.585116','2024-10-09 07:54:30.585116'),(43,4,0,0,0,0,0,0,0,0,25,'2024-10-09 08:06:55.129496','2024-10-09 08:06:55.129496'),(44,4,0,0,0,0,0,0,0,0,26,'2024-10-09 08:07:08.009295','2024-10-09 08:07:08.009295'),(45,4,0,0,0,0,0,0,0,0,27,'2024-10-09 08:07:21.578430','2024-10-09 08:07:21.578430'),(46,4,0,0,0,0,0,0,0,0,28,'2024-10-09 08:07:43.089302','2024-10-09 08:07:43.089302'),(47,4,0,0,0,0,0,0,0,0,29,'2024-10-09 08:07:53.214453','2024-10-09 08:07:53.214453'),(48,4,0,0,0,0,0,0,0,0,30,'2024-10-09 08:08:07.590747','2024-10-09 08:08:07.590747'),(49,4,0,0,0,0,0,0,0,0,31,'2024-10-09 08:08:16.718147','2024-10-09 08:08:16.718147'),(50,4,0,0,0,0,0,0,0,0,32,'2024-10-09 08:08:25.746817','2024-10-09 08:08:25.746817'),(51,4,0,0,0,0,0,0,0,0,33,'2024-10-09 08:08:34.981608','2024-10-09 08:08:34.981608'),(52,4,0,0,0,0,0,0,0,0,34,'2024-10-09 08:08:46.374129','2024-10-09 08:08:46.374129'),(53,4,0,0,0,0,0,0,0,0,35,'2024-10-09 08:08:58.304118','2024-10-09 08:08:58.304118'),(54,4,0,0,0,0,0,0,0,0,36,'2024-10-09 08:09:53.496832','2024-10-09 08:09:53.496832'),(55,4,0,0,0,0,0,0,0,0,37,'2024-10-09 08:10:05.435163','2024-10-09 08:10:05.435163'),(56,4,0,0,0,0,0,0,0,0,38,'2024-10-09 08:10:17.922143','2024-10-09 08:10:17.922143'),(57,4,0,0,0,0,0,0,0,0,39,'2024-10-09 08:10:28.795693','2024-10-09 08:10:28.795693'),(58,7,0,0,0,0,0,0,0,0,1,'2024-10-09 08:20:18.163852','2024-10-09 08:20:18.163852'),(59,7,0,0,0,0,0,0,0,0,2,'2024-10-09 08:54:20.225297','2024-10-09 08:54:20.225297'),(60,7,0,0,0,0,0,0,0,0,3,'2024-10-09 09:09:09.951265','2024-10-09 09:09:09.951265'),(61,7,100000,100000,2000000,30600000,0,0,1,0,4,'2024-10-09 09:15:07.706575','2024-10-09 09:15:07.706575'),(62,8,0,0,0,0,0,0,0,0,1,'2024-10-09 13:37:06.833897','2024-10-09 13:37:06.833897'),(63,4,0,0,0,0,0,0,0,0,40,'2024-10-09 15:06:22.060893','2024-10-09 15:06:22.060893'),(64,4,0,0,0,0,0,0,0,0,41,'2024-10-09 15:06:33.044523','2024-10-09 15:06:33.044523'),(65,4,0,0,0,0,0,0,0,0,42,'2024-10-09 15:06:47.489792','2024-10-09 15:06:47.489792'),(66,4,0,0,0,0,0,0,0,0,43,'2024-10-09 15:06:58.857051','2024-10-09 15:06:58.857051'),(67,4,0,0,0,0,0,0,0,0,44,'2024-10-09 15:07:08.849801','2024-10-09 15:07:08.849801'),(68,8,0,0,0,0,0,0,0,0,2,'2024-10-09 15:07:28.027122','2024-10-09 15:07:28.027122'),(69,8,0,0,0,0,0,0,0,0,3,'2024-10-09 15:07:31.862622','2024-10-09 15:07:31.862622'),(70,8,0,0,0,0,0,0,0,0,4,'2024-10-09 15:07:34.667329','2024-10-09 15:07:34.667329'),(71,8,0,0,0,0,0,0,0,0,5,'2024-10-09 15:07:36.744870','2024-10-09 15:07:36.744870'),(72,8,0,0,0,0,0,0,0,0,6,'2024-10-09 15:07:39.797865','2024-10-09 15:07:39.797865'),(73,8,0,0,0,0,0,0,0,0,7,'2024-10-09 15:07:44.092274','2024-10-09 15:07:44.092274'),(74,8,0,0,0,0,0,0,0,0,8,'2024-10-09 15:07:47.777705','2024-10-09 15:07:47.777705'),(75,8,0,0,0,0,0,0,0,0,9,'2024-10-09 15:07:49.750301','2024-10-09 15:07:49.750301'),(76,8,0,0,0,0,0,0,0,0,10,'2024-10-09 15:07:51.951697','2024-10-09 15:07:51.951697'),(77,8,0,0,0,0,0,0,0,0,11,'2024-10-09 15:07:54.112416','2024-10-09 15:07:54.112416'),(78,8,0,0,0,0,0,0,0,0,12,'2024-10-09 15:07:58.095753','2024-10-09 15:07:58.095753'),(79,8,0,0,0,0,0,0,0,0,13,'2024-10-09 15:20:13.813899','2024-10-09 15:20:13.813899'),(80,4,0,0,0,0,0,0,1,0,45,'2024-10-09 16:04:07.394282','2024-10-09 16:04:07.394282'),(81,4,0,0,0,0,0,0,0,0,46,'2024-10-09 16:04:35.469646','2024-10-09 16:04:35.469646'),(82,4,0,0,0,0,0,0,0,0,47,'2024-10-09 16:04:48.162689','2024-10-09 16:04:48.162689'),(83,4,0,0,0,0,0,0,0,0,48,'2024-10-09 16:04:58.977462','2024-10-09 16:04:58.977462'),(84,4,0,0,0,0,0,0,0,0,49,'2024-10-09 16:05:15.131023','2024-10-09 16:05:15.131023'),(85,4,0,0,0,0,0,0,0,0,50,'2024-10-09 16:05:28.771589','2024-10-09 16:05:28.771589'),(86,5,0,0,0,0,0,0,0,0,2,'2024-10-10 01:19:59.416499','2024-10-10 01:19:59.416499'),(87,5,0,0,0,0,0,0,0,0,3,'2024-10-10 01:21:21.126262','2024-10-10 01:21:21.126262'),(88,8,0,0,0,0,0,0,0,0,14,'2024-10-10 03:26:42.580857','2024-10-10 03:26:42.580857'),(89,8,0,0,0,0,0,0,0,0,15,'2024-10-10 06:02:35.295576','2024-10-10 06:02:35.295576'),(90,2,0,0,0,0,0,0,0,0,16,'2024-10-10 06:15:03.867490','2024-10-10 06:15:03.867490'),(91,5,0,0,0,0,0,0,0,0,4,'2024-10-10 06:19:54.596949','2024-10-10 06:19:54.596949'),(92,9,0,0,0,0,0,0,0,0,1,'2024-10-10 07:28:32.976407','2024-10-10 07:28:32.976407'),(93,10,0,0,0,0,0,0,0,0,1,'2024-10-10 07:35:27.307863','2024-10-10 07:35:27.307863'),(94,5,0,0,0,0,0,0,0,0,5,'2024-10-10 07:36:49.016169','2024-10-10 07:36:49.016169'),(95,11,0,0,0,0,0,0,0,0,1,'2024-10-10 07:37:40.607302','2024-10-10 07:37:40.607302'),(96,5,0,0,0,0,0,0,0,0,6,'2024-10-10 07:56:19.035473','2024-10-10 07:56:19.035473'),(97,12,0,0,0,0,0,0,0,0,1,'2024-10-10 07:59:28.217521','2024-10-10 07:59:28.217521'),(98,8,0,0,0,0,0,0,0,0,16,'2024-10-10 09:20:41.558374','2024-10-10 09:20:41.558374'),(99,8,0,0,0,0,0,0,0,0,17,'2024-10-10 10:21:39.376403','2024-10-10 10:21:39.376403'),(100,5,0,0,0,0,0,0,0,0,7,'2024-10-10 10:34:59.433001','2024-10-10 10:34:59.433001'),(101,5,0,0,0,0,0,0,0,0,8,'2024-10-10 10:38:03.320271','2024-10-10 10:38:03.320271'),(102,3,0,0,0,0,0,0,0,0,2,'2024-10-10 10:43:50.809536','2024-10-10 10:43:50.809536'),(103,3,0,0,0,0,0,0,0,0,3,'2024-10-10 10:44:34.367834','2024-10-10 10:44:34.367834'),(104,5,0,0,0,0,0,0,0,0,9,'2024-10-10 10:50:21.317838','2024-10-10 10:50:21.317838'),(105,5,0,0,0,0,0,0,0,0,10,'2024-10-10 12:01:10.035015','2024-10-10 12:01:10.035015'),(106,13,0,0,0,0,0,0,0,0,1,'2024-10-10 12:43:21.488936','2024-10-10 12:43:21.488936'),(107,14,0,0,0,0,0,0,0,0,1,'2024-10-10 13:31:43.786957','2024-10-10 13:31:43.786957'),(108,12,0,0,0,0,0,0,0,0,2,'2024-10-10 15:04:10.789244','2024-10-10 15:04:10.789244'),(109,12,0,0,0,0,0,0,0,0,3,'2024-10-10 15:11:28.677520','2024-10-10 15:11:28.677520'),(110,12,0,0,0,0,0,0,0,0,4,'2024-10-10 15:16:32.110608','2024-10-10 15:16:32.110608'),(111,12,0,0,0,0,0,0,0,0,5,'2024-10-10 15:19:28.740875','2024-10-10 15:19:28.740875'),(112,12,0,0,0,0,0,0,0,0,6,'2024-10-10 15:19:42.897876','2024-10-10 15:19:42.897876'),(113,12,0,0,0,0,0,0,0,0,7,'2024-10-10 15:20:22.189679','2024-10-10 15:20:22.189679'),(114,12,0,0,0,0,0,0,0,0,8,'2024-10-10 15:21:10.580119','2024-10-10 15:21:10.580119'),(115,12,0,0,0,0,0,0,0,0,9,'2024-10-10 15:21:18.307755','2024-10-10 15:21:18.307755'),(116,12,0,0,0,0,0,0,0,0,10,'2024-10-10 15:22:54.244405','2024-10-10 15:22:54.244405'),(117,12,0,0,0,0,0,0,0,0,11,'2024-10-10 15:23:30.861776','2024-10-10 15:23:30.861776'),(118,12,0,0,0,0,0,0,0,0,12,'2024-10-10 15:23:44.044471','2024-10-10 15:23:44.044471'),(119,12,0,0,0,0,0,0,0,0,13,'2024-10-10 15:24:46.498235','2024-10-10 15:24:46.498235'),(120,12,0,0,0,0,0,0,0,0,14,'2024-10-10 15:25:27.737459','2024-10-10 15:25:27.737459'),(121,12,0,0,0,0,0,0,0,0,15,'2024-10-10 15:37:39.106903','2024-10-10 15:37:39.106903'),(122,12,0,0,0,0,0,0,0,0,16,'2024-10-10 15:43:31.620938','2024-10-10 15:43:31.620938'),(123,12,0,0,0,0,0,0,0,0,50,'2024-10-10 15:48:28.340118','2024-10-10 15:48:28.340118'),(124,15,0,0,0,0,0,0,0,0,1,'2024-10-10 15:56:13.228124','2024-10-10 15:56:13.228124'),(125,11,0,0,0,0,0,0,0,0,11,'2024-10-10 16:04:17.302145','2024-10-10 16:04:17.302145'),(126,11,0,0,0,0,0,0,0,0,12,'2024-10-10 16:04:45.461927','2024-10-10 16:04:45.461927'),(127,11,0,0,0,0,0,0,0,0,13,'2024-10-10 16:05:10.241908','2024-10-10 16:05:10.241908'),(128,11,0,0,0,0,0,0,0,0,14,'2024-10-10 16:10:30.886677','2024-10-10 16:10:30.886677'),(129,11,0,0,0,0,0,0,0,0,15,'2024-10-10 16:10:34.902803','2024-10-10 16:10:34.902803'),(130,11,0,0,0,0,0,0,0,0,16,'2024-10-10 16:10:39.408666','2024-10-10 16:10:39.408666'),(131,11,0,0,0,0,0,0,0,0,17,'2024-10-10 16:10:44.210342','2024-10-10 16:10:44.210342'),(132,11,0,0,0,0,0,0,0,0,18,'2024-10-10 16:10:58.335207','2024-10-10 16:10:58.335207'),(133,11,0,0,0,0,0,0,0,0,19,'2024-10-10 16:11:01.469167','2024-10-10 16:11:01.469167'),(134,11,0,0,0,0,0,0,0,0,20,'2024-10-10 16:11:03.831393','2024-10-10 16:11:03.831393'),(135,11,0,0,0,0,0,0,0,0,21,'2024-10-10 16:11:11.172401','2024-10-10 16:11:11.172401'),(136,11,0,0,0,0,0,0,0,0,22,'2024-10-10 16:12:45.335011','2024-10-10 16:12:45.335011'),(137,11,0,0,0,0,0,0,0,0,23,'2024-10-10 16:31:55.465312','2024-10-10 16:31:55.465312'),(138,16,0,0,0,0,0,0,0,0,1,'2024-10-10 17:21:33.397632','2024-10-10 17:21:33.397632'),(139,5,0,0,0,0,0,0,0,0,11,'2024-10-10 17:52:25.152477','2024-10-10 17:52:25.152477'),(140,5,0,0,0,0,0,0,0,0,12,'2024-10-10 17:52:31.654385','2024-10-10 17:52:31.654385'),(141,5,0,0,0,0,0,0,0,0,13,'2024-10-10 17:52:44.597469','2024-10-10 17:52:44.597469'),(142,3,0,0,0,0,0,0,0,0,4,'2024-10-10 17:54:24.681657','2024-10-10 17:54:24.681657'),(143,3,0,0,0,0,0,0,0,0,5,'2024-10-10 17:54:31.409404','2024-10-10 17:54:31.409404'),(144,3,0,0,0,0,0,0,0,0,6,'2024-10-10 17:54:38.202036','2024-10-10 17:54:38.202036'),(145,3,0,0,0,0,0,0,0,0,7,'2024-10-10 17:54:58.837616','2024-10-10 17:54:58.837616'),(146,3,0,0,0,0,0,0,0,0,8,'2024-10-10 17:55:25.903374','2024-10-10 17:55:25.903374'),(147,3,0,0,0,0,0,0,0,0,9,'2024-10-10 17:59:07.351815','2024-10-10 17:59:07.351815'),(148,3,0,0,0,0,0,0,1,0,10,'2024-10-10 17:59:54.925211','2024-10-10 17:59:54.925211'),(149,3,0,0,0,0,0,0,0,0,11,'2024-10-10 18:00:04.383956','2024-10-10 18:00:04.383956'),(150,5,0,0,0,0,0,0,0,0,14,'2024-10-10 18:11:20.457993','2024-10-10 18:11:20.457993'),(151,5,0,0,0,0,0,0,0,0,15,'2024-10-10 18:19:04.316532','2024-10-10 18:19:04.316532'),(152,5,0,0,0,0,0,0,0,0,16,'2024-10-10 18:19:53.636698','2024-10-10 18:19:53.636698'),(153,16,0,0,0,0,0,0,0,0,2,'2024-10-10 18:31:22.258977','2024-10-10 18:31:22.258977'),(154,16,0,0,0,0,0,0,0,0,3,'2024-10-10 18:32:12.558885','2024-10-10 18:32:12.558885'),(155,16,0,0,0,0,0,0,0,0,4,'2024-10-10 18:32:34.997734','2024-10-10 18:32:34.997734'),(156,5,0,0,0,0,0,0,0,0,17,'2024-10-10 18:32:53.412653','2024-10-10 18:32:53.412653'),(157,16,0,0,0,0,0,0,0,0,5,'2024-10-10 18:33:44.706573','2024-10-10 18:33:44.706573'),(158,16,0,0,0,0,0,0,0,0,6,'2024-10-10 18:35:01.158647','2024-10-10 18:35:01.158647'),(159,17,0,0,0,0,0,0,0,0,1,'2024-10-10 19:23:46.841977','2024-10-10 19:23:46.841977'),(160,18,0,0,0,0,0,0,0,0,1,'2024-10-10 23:49:58.935053','2024-10-10 23:49:58.935053');
/*!40000 ALTER TABLE `warning_record` ENABLE KEYS */;
UNLOCK TABLES;
/*!40103 SET TIME_ZONE=@OLD_TIME_ZONE */;

/*!40101 SET SQL_MODE=@OLD_SQL_MODE */;
/*!40014 SET FOREIGN_KEY_CHECKS=@OLD_FOREIGN_KEY_CHECKS */;
/*!40014 SET UNIQUE_CHECKS=@OLD_UNIQUE_CHECKS */;
/*!40101 SET CHARACTER_SET_CLIENT=@OLD_CHARACTER_SET_CLIENT */;
/*!40101 SET CHARACTER_SET_RESULTS=@OLD_CHARACTER_SET_RESULTS */;
/*!40101 SET COLLATION_CONNECTION=@OLD_COLLATION_CONNECTION */;
/*!40111 SET SQL_NOTES=@OLD_SQL_NOTES */;

-- Dump completed on 2024-10-11 10:00:01
